,reviewId,userName,userImage,content,score,thumbsUpCount,reviewCreatedVersion,at,replyContent,repliedAt,sortOrder,appId,content_cleaned,rule_based_label,model_confidence
5001,gp:AOqpTOHex4FhzEhyA-sRkyruba9ea-dUTORSEKPqQNQo3ypbBkYomuPix_QYscnj_7cujqx3sDGoMsCBVrLHQg,Todd Benton,https://play-lh.googleusercontent.com/a-/AOh14GiO5ajr0bZUOzhzm0Ogt1t7ZDvWFaHv-bsHXybwqA,"The most important feature of Google is the voice to text that enables us to not have to type on a tiny keyboard. I have been using it for years and it seems to just keep getting worse. Now when I'm writing an email and I say period or comma there is a space after them. I realize you're trying to automatically add periods but it's not there yet and just makes it frustrating. Also Google used to easily recognize names in my contacts but doesn't half the time. My wife is Christine, not Kristin.",2,700,12.1.9.23.arm64,2021-02-01 03:57:24,"Hi Todd. Thank you for reporting this issue. Can you please submit a feedback report and tell us a little bit more about what you're experiencing so we can investigate further? Open Google App - More (three-dot menu) - Send feedback, this will help us ensure that this gets reviewed by the right team. Thank you!",2021-02-01 04:12:35,most_relevant,com.google.android.googlequicksearchbox,the most important feature of google is the voice to text that enables us to not have to type on a tiny keyboard i have been using it for years and it seems to just keep getting worse now when im writing an email and i say period or comma there is a space after them i realize youre trying to automatically add periods but its not there yet and just makes it frustrating also google used to easily recognize names in my contacts but doesnt half the time my wife is christine not kristin,LOGIN_BUG,0.27976231417723596
62497,gp:AOqpTOFjVaFCWoi3vhvdSK4d_pY0juYJ9wOufrlJBK9WbBMemcLfRzGg9a6K7R07PuLZ-TjaU1oSMTJ7R_vG1Q,Brandon Solimini,https://play-lh.googleusercontent.com/a-/AOh14Gix66iqYB9YvvOa_1gXmMrgq8yNK0-LiJLpFQxflA,"Let's be honest. I was asked to rate an app my phone comes with. An app which has the basic function my Nokia 5190 from 23 years ago could easily do, SMS. Being asked to rate an SMS app does not instill confidence in the reliability of the product. Especially when it has yet to get my last name correct despite changing it in contacts, the phones user account, etc. So 2 stars for calling ME, the owner, the wrong name when viewing my own MMS messages.",2,2,7.1.084 (Hickory_RC10.phone_dynamic),2021-01-28 20:38:26,"Hi, Brandon. Thank you for taking the time to provide feedback. We're sorry to hear that. We'll pass this along to the team so they can continue iterating on your feedback to make Messages even better. We ask that you submit a feedback within the Messages app by clicking the Menu button then the 'Help and Feedback' tab and tap 'Send Feedback'.",2021-01-31 15:45:42,most_relevant,com.google.android.apps.messaging,lets be honest i was asked to rate an app my phone comes with an app which has the basic function my nokia 5190 from 23 years ago could easily do sms being asked to rate an sms app does not instill confidence in the reliability of the product especially when it has yet to get my last name correct despite changing it in contacts the phones user account etc so 2 stars for calling me the owner the wrong name when viewing my own mms messages,LOGIN_BUG,0.2823444261689083
48305,gp:AOqpTOGxJfcncGbvgVX1ebDQGZZ6JEfoWg0JbosILM3q6zZW6PyKB_FZ6WIUD2yRHJm4kouOyt8B4oRfxs9mCA,Hans Wilms,https://play-lh.googleusercontent.com/a-/AOh14GhHA3mylBfiGClKA-vf0I1070IMboFMlTw6nGDYOLI,"Incredibly frustrating, but such potential. I love all my smart home stuff and went google almost all the way. But the constant glitches really take me out of the experience. Casting spotify rarely works before music is ""detected on another device"". I seem to have to tell every command to the google minis. There is a delay with 80% of the commands. The accounts from smart devices like WeMo constantly log out or just don't work. Trying to cast my media sometimes just logs me off my WiFi.",3,48,2.32.1.5,2021-01-25 23:56:58,"Thanks for posting, Hans — we know this is important to you. Try rebooting your Google Nest devices for 2 minutes. Also, make sure your devices are on the same Wi-Fi network. For more help, reach out to our support team here: https://bit.ly/37kTIVI",2021-01-26 03:51:40,most_relevant,com.google.android.apps.chromecast.app,incredibly frustrating but such potential i love all my smart home stuff and went google almost all the way but the constant glitches really take me out of the experience casting spotify rarely works before music is detected on another device i seem to have to tell every command to the google minis there is a delay with 80 of the commands the accounts from smart devices like wemo constantly log out or just dont work trying to cast my media sometimes just logs me off my wifi,LOGIN_BUG,0.2832382417372235
34761,gp:AOqpTOHDcrOiT8_nbwzoXJZc0vHXqpKRhLxTo02-eG5yFajDyXLx7GmyYoZh0eCxBMzUGt8X-zbZy_Jfr10uWm8,x y,https://play-lh.googleusercontent.com/a-/AOh14Gga2iJhAMPiv6B58iIg0ZofBRnVpy45V01_m6VwQw,"Can't pick from your ""clipboard"" to paste anything when composing an email, figures you'd ruin more.... Across the board with all your apps you keep adding garbage and breaking things, and you NEVER ACTUALLY FIX BUGS OR LISTEN TO THE USERS YOU TAKE ADVANTAGE OF. Then there's the FAKE 5 STAR REVIEWS. We're not that stupid, axxholes.",1,6,2020.11.29.346182102.Release,2021-01-31 17:54:41,,,most_relevant,com.google.android.gm,cant pick from your clipboard to paste anything when composing an email figures youd ruin more across the board with all your apps you keep adding garbage and breaking things and you never actually fix bugs or listen to the users you take advantage of then theres the fake 5 star reviews were not that stupid axxholes,LOGIN_BUG,0.2844331364429593
40087,gp:AOqpTOE5g5We6Cdiz8Zyla2KJrOYOHSy50c34tBAiiLUoatx3L89a5Xi8HK3IjVHcsKqmw5gl7ubv3NrebDwOg,Legion of Comics,https://play-lh.googleusercontent.com/a-/AOh14Gh8akn2WyFcCe6UP3-Ul3r7UViLAwM3_59S7y2ALEM,"While watching movies it will buffer and stop the movie this happens multiple times over the course of the movie. Doesn't do this on any other streaming service. And yes, I'm on the correct account. These are movies out of my library.",3,9,4.21.36.22,2020-10-01 10:30:36,"That doesn't sound good. If your movie keeps buffering, is lagging, or isn't playing correctly, one of these troubleshooting solutions may fix the issue. These steps can help with most playback issues and errors: https://goo.gle/2PVuep3. If that doesn't fix the issue, get in touch with us here: https://goo.gle/2QyJZSb.",2020-10-01 11:04:28,most_relevant,com.google.android.videos,while watching movies it will buffer and stop the movie this happens multiple times over the course of the movie doesnt do this on any other streaming service and yes im on the correct account these are movies out of my library,LOGIN_BUG,0.2866793534287037
73160,gp:AOqpTOHwtmRXO7nIOQDk2hoBODX-FFbTtWnV_LD_-m32uHvCHUYJNMR374GAKMLrPUlyVW7gMLkLJ91gciHWrtM,Yuvy !,https://play-lh.googleusercontent.com/a-/AOh14Gi8bHYXPybrubgiF6LhDKx81ui9kUJMMv9cgjZNdA,"There's a bug where when the child is about to except the invitation to join the guardians family, it says ""settings has stopped"" And completely restarts/stops the process. I literally can't except the damn invitation. It sucks a lot. It also sucks that this is required for me to have this Google account or else it will be disabled. Because it's not even working.",1,116,flh.release.1.42.0.X.345476563,2020-12-16 06:13:37,,,most_relevant,com.google.android.apps.kids.familylinkhelper,theres a bug where when the child is about to except the invitation to join the guardians family it says settings has stopped and completely restartsstops the process i literally cant except the damn invitation it sucks a lot it also sucks that this is required for me to have this google account or else it will be disabled because its not even working,LOGIN_BUG,0.30291580409861996
56652,gp:AOqpTOH4BXxAxzgWlDOQTt394wRNoGJoSHzKcS1JKneZZs-VGSCuCZt2TC9OrszkFlmiEI6S4SW3nTwQ2jV_6w,Unbreakable360,https://play-lh.googleusercontent.com/a-/AOh14Ggu2n12qK0fwYI9r1_KsDu1Qhlzc_sckCwx5waUUJE,Useless when 2 step verification is on. You aren't able to log into your account from another device to track the phone. Works well to locate (if GPS is on) but needs remote control access to re-enable GPS when turned off as well as many other controls and features. it shouldn't send an alert when the phones has been tracked obviously the suspect would know they're being tracked and will probably just dump the phone somewhere or turn it off,2,1,2.4.033,2021-01-02 19:49:53,,,newest,com.google.android.apps.adm,useless when 2 step verification is on you arent able to log into your account from another device to track the phone works well to locate if gps is on but needs remote control access to reenable gps when turned off as well as many other controls and features it shouldnt send an alert when the phones has been tracked obviously the suspect would know theyre being tracked and will probably just dump the phone somewhere or turn it off,LOGIN_BUG,0.30940231137935187
42175,gp:AOqpTOHhfoZ8eGiL9_JCsvpeNps7rq9jFAX4jzq7tPh1W__cceh5B0TIxKtjeu_lNetN7gml1rK9RuomQYvBvQ,Bertha In Da Beats,https://play-lh.googleusercontent.com/a-/AOh14GhMJZ1fzkAI_8ajlRTSc9w-vsUnyEW4sJGF6U314w,This is just s buggy mess. It keeps scrolling down when scrolling up no matter what Even when i touch it it Scrolls up. And i can only scroll up. and nothing else. And also I'm unable to switch accounts for literally no reason. I only give this 2 stars cause it's not entirely unusable But it's on the verge of being completely unusable,2,18,16.01.36,2021-01-21 18:35:42,,,most_relevant,com.google.android.youtube,this is just s buggy mess it keeps scrolling down when scrolling up no matter what even when i touch it it scrolls up and i can only scroll up and nothing else and also im unable to switch accounts for literally no reason i only give this 2 stars cause its not entirely unusable but its on the verge of being completely unusable,LOGIN_BUG,0.3108490180311106
55551,gp:AOqpTOHP1AP54GAGhmCkXJr_u5nkyv8jXWcRMAQOwUtWUlYBZjkX4cX_sHdCF3CjuHWCwBGPCOJn8g4IAUo8TX8,Shad Byard,https://play-lh.googleusercontent.com/a-/AOh14Gjd95Pyuj22AzyQyL5W8KA7S4tonJYkTX51q3LZ0tM,So obvious my kids are playing around all the time I still have time to watch this fine piece of information they're very smart asses I think they are they got into Daddy's account and seen their mommy she's passed away very sad about the rain we had yesterday and spotted my car up,3,0,5.40.4,2020-11-23 07:24:25,,,most_relevant,com.google.android.apps.youtube.kids,so obvious my kids are playing around all the time i still have time to watch this fine piece of information theyre very smart asses i think they are they got into daddys account and seen their mommy shes passed away very sad about the rain we had yesterday and spotted my car up,LOGIN_BUG,0.3110172914103098
8903,gp:AOqpTOGfPN8cflIisenoPrEMpb3ARyHCJQZEwJG77xaIFUxu5xH2bn6iDirceD5JzKDpiiAyqrbn7KowoBfDEw,Normen natus,https://play-lh.googleusercontent.com/a-/AOh14GgwkKfUNG4pwCyN42GOPBUKKyFMrxe4WzODVmc3Lw,"My teacher put the lessons and quizzes dates on google calender at the beginning of the quarter of what we would be doing, however because our whole province has which to online learning until the 11th of January and has to move things around. I'm able to see what is we'll be doing for that day on the browser version of google calender, but I don't see anything he has put down for lessons and quizzes dates on the app version and I'm using the same account for both. Please fix this.",3,4,2020.46.4-344540244-release,2020-12-06 18:29:37,"Hi Normen, thanks for reporting. Have you tried these troubleshooting steps: https://goo.gle/37ZAO4p? If that doesn't help, please create a new thread in our Google Calendar Help Community for our experts to review: https://goo.gle/2QnxTMN.",2020-12-06 19:12:35,most_relevant,com.google.android.calendar,my teacher put the lessons and quizzes dates on google calender at the beginning of the quarter of what we would be doing however because our whole province has which to online learning until the 11th of january and has to move things around im able to see what is well be doing for that day on the browser version of google calender but i dont see anything he has put down for lessons and quizzes dates on the app version and im using the same account for both please fix this,LOGIN_BUG,0.31283395680524484
12054,gp:AOqpTOEAj50kSD5mZoMBgxCdrKdmuf6QreW3RtZ6l7_qsZlJJbTCyg0P5wJqi4HimP2PDm5C0AGgXp1uDB1Rgw,Seth Stark,https://play-lh.googleusercontent.com/a-/AOh14Gi0rIYi6K__fKU97L5L2jZsg_EO14OC1NlbUtkdnQ,"My actully reponse to this app ""what was the f****ng point of this!?"" My review was to long to type but a sum of is this app wants to take over your phone as a admin and refusing to uninstall itself if it is a admin, also screws up your entire email and was only made to torment people and make a simulation of hell in the real world. I hope that the development to of this app is freed from the monkey prison they were forced to make it in and the the enforcer rots a eternity you absolute scum.",1,65,,2020-02-06 01:22:39,,,most_relevant,com.google.android.apps.enterprise.dmagent,my actully reponse to this app what was the fng point of this my review was to long to type but a sum of is this app wants to take over your phone as a admin and refusing to uninstall itself if it is a admin also screws up your entire email and was only made to torment people and make a simulation of hell in the real world i hope that the development to of this app is freed from the monkey prison they were forced to make it in and the the enforcer rots a eternity you absolute scum,LOGIN_BUG,0.3142103413900991
50521,gp:AOqpTOFNYVqzmx9kNbuW6NwLV2QiBsbQrpFXJLyCmjj9s4dH1tHg8u5exO2GOIb6iFEhgj0AAEJux3WjobPNLG8,Nova Hannigan,https://play-lh.googleusercontent.com/a-/AOh14GgrRlZcC0mXwTpW3bOfeJ3LimbkjnA5MxvBEpGvsA,i love Google business... it's a means for a nobody with nothing can become someone and have things. the websites are bootsy and the app it is janky. i appreciate having access to both however and it is way way better than nothing. when i first noticed Google business a few years back i was shocked how eaeasy it was to create a productive pesos with a bank account and means to see tragic plus ways to get patted for your goods and services,2,6,3.29.0.331243412,2020-09-29 18:03:25,,,most_relevant,com.google.android.apps.vega,i love google business its a means for a nobody with nothing can become someone and have things the websites are bootsy and the app it is janky i appreciate having access to both however and it is way way better than nothing when i first noticed google business a few years back i was shocked how eaeasy it was to create a productive pesos with a bank account and means to see tragic plus ways to get patted for your goods and services,LOGIN_BUG,0.31510241489359825
12295,gp:AOqpTOHjwZpcVHptCeGpUm6YwJEtwTgll5l1Bhyz8cqdqIEJANH5IS_kacdTBGcIMUYmOoPgs6SGd9kHrGgDVg,HH S,https://play-lh.googleusercontent.com/-ePfXkMiuWvk/AAAAAAAAAAI/AAAAAAAAAAA/AMZuuclIJTXuFBTnEdg1kofxwnP3KRiTfA/photo.jpg,"Ok, basically I got a message saying I need this app. Then I look at all the comments and I wasn't so sure, but when I read one comment where it said that without the stupid app I wouldn't be able to access chrome or YouTube or something. Well, I didn't like that, so I said I was just gonna give it a try. But then I saw that it could erase my data without a warning, change my password, etc, so I was like NO WAY. But I want to be able to go on YouTube and chrome, what should I do?",2,39,6.92,2016-03-12 17:36:55,,,most_relevant,com.google.android.apps.enterprise.dmagent,ok basically i got a message saying i need this app then i look at all the comments and i wasnt so sure but when i read one comment where it said that without the stupid app i wouldnt be able to access chrome or youtube or something well i didnt like that so i said i was just gonna give it a try but then i saw that it could erase my data without a warning change my password etc so i was like no way but i want to be able to go on youtube and chrome what should i do,LOGIN_BUG,0.3163205402398656
73869,gp:AOqpTOGz9ouNSix3FLW-fsQuQtyqlgjvPRCbgrdxYaplQ1oJM_h1hLTv3WgB28uMxjS0wiyKrzjNKVBERzlHqTE,AM Faulkner,https://play-lh.googleusercontent.com/a-/AOh14GjDFTwhcVYOhpElpN1FvB81ALR5A3gvU-l-U0eiMQ,"I HAVE TO CALL MY MOM JUST TO UNLOCK MY PHONE TO PLAY A GAME OR CHECK MY EMAIL! while yes, it does work, I hate having to call her every single time I want to text one of my friends. Okay it keeps me on track and it works but my mom works and I don't want to interrupt her at work just to play a game on my phone during lunch. when I'm on Instagram, it will close out of the app and not let me go back on it because I've spent ""too much time"" on it. It's super annoying but you win some lose some.",3,6,flh.release.1.25.0.G.283349593,2020-01-07 22:30:13,,,newest,com.google.android.apps.kids.familylinkhelper,i have to call my mom just to unlock my phone to play a game or check my email while yes it does work i hate having to call her every single time i want to text one of my friends okay it keeps me on track and it works but my mom works and i dont want to interrupt her at work just to play a game on my phone during lunch when im on instagram it will close out of the app and not let me go back on it because ive spent too much time on it its super annoying but you win some lose some,LOGIN_BUG,0.3181928081864416
73567,gp:AOqpTOGz9ouNSix3FLW-fsQuQtyqlgjvPRCbgrdxYaplQ1oJM_h1hLTv3WgB28uMxjS0wiyKrzjNKVBERzlHqTE,AM Faulkner,https://play-lh.googleusercontent.com/a-/AOh14GjDFTwhcVYOhpElpN1FvB81ALR5A3gvU-l-U0eiMQ,"I HAVE TO CALL MY MOM JUST TO UNLOCK MY PHONE TO PLAY A GAME OR CHECK MY EMAIL! while yes, it does work, I hate having to call her every single time I want to text one of my friends. Okay it keeps me on track and it works but my mom works and I don't want to interrupt her at work just to play a game on my phone during lunch. when I'm on Instagram, it will close out of the app and not let me go back on it because I've spent ""too much time"" on it. It's super annoying but you win some lose some.",3,6,flh.release.1.25.0.G.283349593,2020-01-07 22:30:13,,,most_relevant,com.google.android.apps.kids.familylinkhelper,i have to call my mom just to unlock my phone to play a game or check my email while yes it does work i hate having to call her every single time i want to text one of my friends okay it keeps me on track and it works but my mom works and i dont want to interrupt her at work just to play a game on my phone during lunch when im on instagram it will close out of the app and not let me go back on it because ive spent too much time on it its super annoying but you win some lose some,LOGIN_BUG,0.3181928081864416
1704,gp:AOqpTOH5hLLgph6M_jA3v_jDFI4mXDqFBp2MjhFUPUqZvdDBFb8Gz2qFuAQh0qfsSfMGWbBLyOG37ac-w50acOQ,Ec Hanson,https://play-lh.googleusercontent.com/a-/AOh14Gj9eGQ97B0aOi8Y_E_VExiodlclzOl7UFLubn0byU0,"Update on developer's reply. 👈 I have checked on calling account but there is nothing there to support sim 2. When on ""recent"" there is no option to call from sim 2. On contact you only set a permanent sim to call a contact. 😏 👍🏾. Work fine but if you have dual sim card then this app is not for you. I could not make call using sim 2. But there is no option to choose sim 2 📞🙄",3,1,57.0.341875790-downloadable,2020-12-03 21:13:41,"Hi again, Ec. We're sorry to hear that. The team is working hard to make the Phone app better over time. Please continue to help us improve by sending a feedback inside the Phone app through clicking the Menu button then the 'Help and Feedback' option and tapping on 'Send Feedback'. Thank you for letting us know.",2020-12-12 13:42:09,most_relevant,com.google.android.dialer,update on developers reply  i have checked on calling account but there is nothing there to support sim 2 when on recent there is no option to call from sim 2 on contact you only set a permanent sim to call a contact   work fine but if you have dual sim card then this app is not for you i could not make call using sim 2 but there is no option to choose sim 2 ,PERFORMANCE_BUG,0.32309581526418285
34956,gp:AOqpTOHJ2E-9H5bjHNXYz9G0Bj8s5qJY1o7-X96Uai9aT0MZLEag6FlA_ydARtQwovi5c6SsHH7XiB6q_VG5844,Jenni Dykstra,https://play-lh.googleusercontent.com/-kd2s-YdkpUI/AAAAAAAAAAI/AAAAAAAAAAA/AMZuuclzJWQpj0jQbBR5Jr9kXPY4s2jBOA/photo.jpg,"I've been using Gmail for years instead of the app on my phone. Recent changes have reduced the usefulness dramatically and i may switch back.. Mainly, I can't choose which account I want to use to reply to or forward a message. I have commented on this in the app help files twice now. It IS a big issue with the latest version. I don't understand why change what's not broken.",2,10,2020.11.15.344277575.Release,2020-12-14 01:22:25,"Hi Jenni. If you are experiencing issues with the Gmail app, let's try the following steps from our help center: https://goo.gle/36NbNrK. Please send your feedback directly to our product team. You can do this by following the steps given in this article from our help center: goo.gle/2LapI3U. Have a great day!",2020-12-11 17:43:08,most_relevant,com.google.android.gm,ive been using gmail for years instead of the app on my phone recent changes have reduced the usefulness dramatically and i may switch back mainly i cant choose which account i want to use to reply to or forward a message i have commented on this in the app help files twice now it is a big issue with the latest version i dont understand why change whats not broken,LOGIN_BUG,0.3236633625462065
56849,gp:AOqpTOHUMlpOdHJ0MVYJvlO8WWIN9dgqLc4KhVxyXA0J2INoTgmC1nhKEIHN2UlYYDzaX1_1U4PUKF3nzKeA8A,A Google user,https://play-lh.googleusercontent.com/EGemoI2NTXmTsBVtJqk8jxF9rh8ApRWfsIMQSt2uE4OcpQqbFu7f7NbTK05lx80nuSijCz7sc3a277R67g,"If the GPS of the other phone (which connected to my google account) is turned off, I can't see the last location. It's okay if this application JUST display the information of 2 hours ago, I need it. Please fix it. Make this app be as same as September 2018 version.",3,4,,2019-02-26 12:00:39,,,most_relevant,com.google.android.apps.adm,if the gps of the other phone which connected to my google account is turned off i cant see the last location its okay if this application just display the information of 2 hours ago i need it please fix it make this app be as same as september 2018 version,LOGIN_BUG,0.3248327951472449
3668,gp:AOqpTOHYe8YAup-Xz6iN2LRnOyNoA7lWov38pzIKQ3I9gXhT8kXFqs3izkU8OZ-DoF3Yu3PoHfNj2NhknoGWOEc,Polite4 Canadians,https://play-lh.googleusercontent.com/-9aRbbp7VJZc/AAAAAAAAAAI/AAAAAAAAAAA/AMZuucnq0JgcJnAvHpWh9oEyk_XA2pMvNA/photo.jpg,"No thanks. It will give you lots of error messages saying other apps won't work with it disabled, but most of them work just fine without it if you aren't signed in to a google account. The only tricky part is disabling the notifications to stop the error messages, you have to also disable notifications in the app sending the error message. I like getting rid of this because I like getting rid of it, its my phone, I don't owe you an explanation.",1,15,20.42.17 (000302-342117392),2021-01-24 02:07:05,,,most_relevant,com.google.android.gms,no thanks it will give you lots of error messages saying other apps wont work with it disabled but most of them work just fine without it if you arent signed in to a google account the only tricky part is disabling the notifications to stop the error messages you have to also disable notifications in the app sending the error message i like getting rid of this because i like getting rid of it its my phone i dont owe you an explanation,LOGIN_BUG,0.3272117280155999
6078,gp:AOqpTOFsPYlYxbkZSzy6py2_uN_JAdI9P0HAzTiADqiWtmSRIL_BrpptwVoObVpsdQPg2NOqTXbnWXjkqgutWA,HAY DEN,https://play-lh.googleusercontent.com/a-/AOh14GhO0sVhNPm07RhdSyvHmXYhs2IMYrMnm8elm36E9w,Take screenshots of all your rewards cards loyalty cards and gift cards you have stored now just in case you can't access them in the new app. UODATE TO GOOGLE:. cards show up in old google pay but not in new GPay. GPay also locks to one device at a time you can't use GPay on multiple devices using 1 account,1,3,2.120.344959027,2021-01-14 22:51:55,"Hi Hay. I'm sorry to hear that your [loyalty/gift] card disappeared. Did you happen to factory reset your device, remove your Google Account from your device or clear data from Play services or Google Pay? If yes, you will need to add your cards to Google Pay again g.co/help/qxwq7r. Thanks.",2021-01-14 22:42:44,most_relevant,com.google.android.apps.walletnfcrel,take screenshots of all your rewards cards loyalty cards and gift cards you have stored now just in case you cant access them in the new app uodate to google cards show up in old google pay but not in new gpay gpay also locks to one device at a time you cant use gpay on multiple devices using 1 account,UI_BUG,0.33118669328868444
32788,gp:AOqpTOE8DBb-yeKCEm5IpNyG75ipd4EPX2nxybHG1BNwD3jHGHRoWpEOgGw4MpjnMVnX8yHwUoqX8j35gtJNTYI,Ceejay Quach,https://play-lh.googleusercontent.com/a-/AOh14Ghuw94Lyo_647M36yGH5awe9juBjyCpHKaIlTFZaAw,"App using too much space on my phone, up to 3GB, even though photos are stored on the cloud. Not sure how to reduce space usage of the app. Also, developer contact email no longer works.",3,3,5.25.0.351407873,2021-01-18 06:14:24,,,most_relevant,com.google.android.apps.photos,app using too much space on my phone up to 3gb even though photos are stored on the cloud not sure how to reduce space usage of the app also developer contact email no longer works,LOGIN_BUG,0.33151991738458625
30473,gp:AOqpTOFxvN7HhiIID8nsYruRT1Y7cunWD-STYUlVyWCpbRfE4JgG-QfwJ43BHEkRAgmLyHskqLriqQ-e52c,Duality Development,https://play-lh.googleusercontent.com/a-/AOh14GhucTNtsQNjZCRNbCURa2Py_1VJL1JQ72Umsfgc,I NEED HELP!!! My google play music will not transfer songs to YouTube music. It only shows the name of the playlist. Even after receiving the email that transfer was complete. I even did it overnight.,3,0,8.26.8771-1.T,2020-10-17 20:04:21,,,most_relevant,com.google.android.music,i need help my google play music will not transfer songs to youtube music it only shows the name of the playlist even after receiving the email that transfer was complete i even did it overnight,LOGIN_BUG,0.33300762024976016
32698,gp:AOqpTOHqRSOF3abolCROmB3YQvfYuO6_DFoJ3EPMBVScoCqSHAyGxKSI6hcn8EzqoLHM6C5-pHDNAltwD8xnVhk,Xurious Skyfyre,https://play-lh.googleusercontent.com/a-/AOh14GhJK9XSzGjZa6WguKIToy2x2Bc7fe4iRRs2TnfNZoE,"I wish there was better methods for sorting. Like why can't I put photos into a folder and hide them from the main view in one go? Also removing the unlimited storage from the Pixel line was a serious mistake. It's one of the huge reasons I got the Pixel. I take a lot of pics, and didn't want to worry about uploading them with cost.",3,1181,5.26.0.352644055,2021-01-26 00:06:16,,,most_relevant,com.google.android.apps.photos,i wish there was better methods for sorting like why cant i put photos into a folder and hide them from the main view in one go also removing the unlimited storage from the pixel line was a serious mistake its one of the huge reasons i got the pixel i take a lot of pics and didnt want to worry about uploading them with cost,PERFORMANCE_BUG,0.33361978309224943
16827,gp:AOqpTOE9yMrG0weqbH-ThIPggbQoPIUxT1_8-AaDaVmhI0eFGgDIvGmo_ddRWxC9hL4TJibrYNDGnSI-e45mKDI,Jaime Zapata,https://play-lh.googleusercontent.com/a-/AOh14GiQKaF89Qha5e2x3K1aPXkAm92YI5khnYQjapn9Mg,"The app frequently fails to send a copy when commanded. It will go to the mail ap (Gmail), and look like it's done the task. But then it turns out the recipient got a completely blank email. Really annoying.",3,1,1.18.412.03.36,2018-11-08 22:50:19,,,most_relevant,com.google.android.apps.docs.editors.sheets,the app frequently fails to send a copy when commanded it will go to the mail ap gmail and look like its done the task but then it turns out the recipient got a completely blank email really annoying,LOGIN_BUG,0.33396863276241606
92655,gp:AOqpTOHGsbI3E2iyjPypNvLHRGJ6XaJvwTIVKIRsOLhM6utksjwdPMEByZoQcLeLooV3kTWztM5BDtgt_0vyOXM,Md Maruf Adnan Sami,https://play-lh.googleusercontent.com/a-/AOh14GiHLCkKBNSvaJ_-MzAnBzzwm4iqFNp-r_t7Y0lG0A,New version is always require to set email address to access the dashboard. Previous version was excellent and used many years without having any problems. What I should do now? Is there any option for go back to the previous version? Or I am going to uninstall this app. Thank you.,1,13,4.0.327861928,2020-08-31 10:22:18,"Thank you for your feedback. We apologize for the inconvenience, the new version should work just like the old one, can you please contact us at analytics-app-feedback@google.com with more details so that we can help resolve this issue. Thanks!",2020-09-02 21:37:25,most_relevant,com.google.android.apps.giant,new version is always require to set email address to access the dashboard previous version was excellent and used many years without having any problems what i should do now is there any option for go back to the previous version or i am going to uninstall this app thank you,LOGIN_BUG,0.33444564011894046
73182,gp:AOqpTOFlNmSlovcFObMm8vSM7jrlgo5-8_Zt_6woV-HnptsceDKQp4N5kPsn_0MYAUQPtMwOsgtGc8Ni-ZUybTg,House Of Gaming,https://play-lh.googleusercontent.com/a-/AOh14GiXFZIrClLcUcemDyoZW9ISpOps5Uii3u74wrdHeg,"This is coming from a 13 year old soon to be 14 this Summer. Pure dumpster fire. I've had this app for nearly a year now. It only makes me resent my parents more. It doesn't help me or any other child behave and often times causes stress. First off, this app gives you full control of your child's google account which is very invasive. DO NOT DISREGARD OTHER REVIEWS BECAUSE THEY ARE CHILDREN AND DO NOY INSTALL THIS APP. Not to mention you are letting big tech collect your child's data and sell it",1,1,flh.release.1.42.0.X.345476563,2021-02-01 16:01:49,,,most_relevant,com.google.android.apps.kids.familylinkhelper,this is coming from a 13 year old soon to be 14 this summer pure dumpster fire ive had this app for nearly a year now it only makes me resent my parents more it doesnt help me or any other child behave and often times causes stress first off this app gives you full control of your childs google account which is very invasive do not disregard other reviews because they are children and do noy install this app not to mention you are letting big tech collect your childs data and sell it,LOGIN_BUG,0.3348150160655829
48249,gp:AOqpTOEOCPhWWHL0xzjt3lZzTGOHO9PBqJ-YO8ooCPvGPW9y_lGssFE5NXdyTJUUw61UjvVyhnYS1YL3__4MBQ,Azzie Bean,https://play-lh.googleusercontent.com/a-/AOh14GjI4qDWwnU2aKujK3-SVFh0fL1_HFgdtAQ4KO31dA,"My account on chromecast got disconnected and it's been impossible reconnecting it. For example, I follow the instructions and it says it's fine and I out in the code but the tv does nothing, it doesn't change. Why does it do this? It's so incredibly, annoyingly frustrating",2,0,2.32.1.5,2021-01-28 13:57:19,"Hi Azzie, thanks for posting. You could try clearing your Google Home app’s cache and data and close all recent apps you used that might be open. Also, make sure all of your devices are connected to the same Wi-Fi network and they're 15-20 ft. from your Wi-Fi router. For more help, visit our support page: https://bit.ly/3rtGaiM.",2021-01-28 14:27:58,newest,com.google.android.apps.chromecast.app,my account on chromecast got disconnected and its been impossible reconnecting it for example i follow the instructions and it says its fine and i out in the code but the tv does nothing it doesnt change why does it do this its so incredibly annoyingly frustrating,LOGIN_BUG,0.334903400084961
35314,gp:AOqpTOGY5fRe0ZQr3obSNxNOQswLEWCWxirmOalx_scXMeZba2agJe6rviY8zbfThFYkdR1OkTrScN5DqLpeTCI,Ben Martin,https://play-lh.googleusercontent.com/-bSFQx9QLMYM/AAAAAAAAAAI/AAAAAAAAAAA/AMZuucmo8MepzC6uIU24IN1Atuit7wzSVQ/photo.jpg,"Been using the app for several years and never had an issue. Got a Samsung Galaxy S7 Tablet and now can't attach things to emails through files, have to go through Google Drive. Can someone advise??",3,1,2020.11.29.346182102.Release,2021-02-03 23:19:35,"Hello, Ben! We suggest that you follow the steps in this article: http://goo.gl/kWctv9 to see what may be happening. If the problem persists, we recommend that you post a topic in the Gmail Forum to get help from our experts: https://goo.gle/3586PHb. We hope we helped.",2021-02-04 00:04:06,newest,com.google.android.gm,been using the app for several years and never had an issue got a samsung galaxy s7 tablet and now cant attach things to emails through files have to go through google drive can someone advise,LOGIN_BUG,0.3350150460956771
94511,gp:AOqpTOFN5Osuq-RTwmp0OtBOItsoyG5TDUxg0BKDTpZShYvA238tK4f-1zFM_tkLFrCMC-Hrn1nxwJfYo-G6eqs,jordan hibbert,https://play-lh.googleusercontent.com/a-/AOh14Gj3-sDYK8p3NIn17IFPuq9VlC4DZAI6uNcKklj-OQ,Disappointed with the accuracy of the portait finder thing. pretty poo. only reason i downloaded tbh . cant give 1 star coz i guess its a good app if youre into art,3,1,6.5.13,2018-12-28 19:24:58,,,newest,com.google.android.apps.cultural,disappointed with the accuracy of the portait finder thing pretty poo only reason i downloaded tbh  cant give 1 star coz i guess its a good app if youre into art,UI_BUG,0.33546602602851383
94248,gp:AOqpTOFN5Osuq-RTwmp0OtBOItsoyG5TDUxg0BKDTpZShYvA238tK4f-1zFM_tkLFrCMC-Hrn1nxwJfYo-G6eqs,jordan hibbert,https://play-lh.googleusercontent.com/a-/AOh14Gj3-sDYK8p3NIn17IFPuq9VlC4DZAI6uNcKklj-OQ,Disappointed with the accuracy of the portait finder thing. pretty poo. only reason i downloaded tbh . cant give 1 star coz i guess its a good app if youre into art,3,1,6.5.13,2018-12-28 19:24:58,,,most_relevant,com.google.android.apps.cultural,disappointed with the accuracy of the portait finder thing pretty poo only reason i downloaded tbh  cant give 1 star coz i guess its a good app if youre into art,UI_BUG,0.33546602602851383
16492,gp:AOqpTOEwvmr1ftQ653hEA3mR5TbcOTNSDNnoycbIa-M-TBpjRjllTDN0uurbL7amrkFueZqgeweTTa9AaIKq9H0,Lauren Hare,https://play-lh.googleusercontent.com/a-/AOh14GhN8srabeMic__Zd9OPbq1M_q4-vlpNAsPyQiD6dA,"As stated by others, losing data. For some odd reason when I email the document to my accounting they get all different info than I'm seeing. And no matter which way I try to fix it all the data I'm lookingnat is not the same data that gets received on the other end. I've had to save it as a pdf in Google drive and forward it that way. It's become very aggrivating",2,25,1.21.022.03.32,2021-02-02 17:46:38,,,most_relevant,com.google.android.apps.docs.editors.sheets,as stated by others losing data for some odd reason when i email the document to my accounting they get all different info than im seeing and no matter which way i try to fix it all the data im lookingnat is not the same data that gets received on the other end ive had to save it as a pdf in google drive and forward it that way its become very aggrivating,LOGIN_BUG,0.3356381903631831
16594,gp:AOqpTOEwvmr1ftQ653hEA3mR5TbcOTNSDNnoycbIa-M-TBpjRjllTDN0uurbL7amrkFueZqgeweTTa9AaIKq9H0,Lauren Hare,https://play-lh.googleusercontent.com/a-/AOh14GhN8srabeMic__Zd9OPbq1M_q4-vlpNAsPyQiD6dA,"As stated by others, losing data. For some odd reason when I email the document to my accounting they get all different info than I'm seeing. And no matter which way I try to fix it all the data I'm lookingnat is not the same data that gets received on the other end. I've had to save it as a pdf in Google drive and forward it that way. It's become very aggrivating",2,25,1.21.022.03.32,2021-02-02 17:46:38,,,newest,com.google.android.apps.docs.editors.sheets,as stated by others losing data for some odd reason when i email the document to my accounting they get all different info than im seeing and no matter which way i try to fix it all the data im lookingnat is not the same data that gets received on the other end ive had to save it as a pdf in google drive and forward it that way its become very aggrivating,LOGIN_BUG,0.3356381903631831
36255,gp:AOqpTOH_KyCAP-xsjX6mygRuHKtRuZ0ZgKKooGzCNJGv7q9-xap37-nW8uY5Dsbdx8n-74GNknOqDlfIzj9M4Q,Stephanie Sy,https://play-lh.googleusercontent.com/-qmL-c9f6WZA/AAAAAAAAAAI/AAAAAAAAAAA/AMZuucl1SqzMMdz6ecqExyyC0Fz3EBp17g/photo.jpg,"This note-taking app barely has any functions. If you search for a keyword it will show you the notes containing the keyword, but it won't highlight where the specific keyword appears in the note and that's really inconvenient. You can't change the font's color or size or make it bold either. And when I open Google Keep on the browser with the same account it doesn't show me the notes I've saved on my phonr even though I already synched them. Basically useless app",2,14,5.20.511.03.40,2021-01-17 03:58:58,,,newest,com.google.android.keep,this notetaking app barely has any functions if you search for a keyword it will show you the notes containing the keyword but it wont highlight where the specific keyword appears in the note and thats really inconvenient you cant change the fonts color or size or make it bold either and when i open google keep on the browser with the same account it doesnt show me the notes ive saved on my phonr even though i already synched them basically useless app,LOGIN_BUG,0.3358412246004615
36089,gp:AOqpTOH_KyCAP-xsjX6mygRuHKtRuZ0ZgKKooGzCNJGv7q9-xap37-nW8uY5Dsbdx8n-74GNknOqDlfIzj9M4Q,Stephanie Sy,https://play-lh.googleusercontent.com/-qmL-c9f6WZA/AAAAAAAAAAI/AAAAAAAAAAA/AMZuucl1SqzMMdz6ecqExyyC0Fz3EBp17g/photo.jpg,"This note-taking app barely has any functions. If you search for a keyword it will show you the notes containing the keyword, but it won't highlight where the specific keyword appears in the note and that's really inconvenient. You can't change the font's color or size or make it bold either. And when I open Google Keep on the browser with the same account it doesn't show me the notes I've saved on my phonr even though I already synched them. Basically useless app",2,14,5.20.511.03.40,2021-01-17 03:58:58,,,most_relevant,com.google.android.keep,this notetaking app barely has any functions if you search for a keyword it will show you the notes containing the keyword but it wont highlight where the specific keyword appears in the note and thats really inconvenient you cant change the fonts color or size or make it bold either and when i open google keep on the browser with the same account it doesnt show me the notes ive saved on my phonr even though i already synched them basically useless app,LOGIN_BUG,0.3358412246004615
35973,gp:AOqpTOFVx4f1jB2wNnjug9GZugpeT5Oj8P389oAGTfq6NvOvEhmhvJdBLTy980FyETjWTuTg3-kZeIcVaMkw0g,ø ø,https://play-lh.googleusercontent.com/a-/AOh14GgE4xkvmpLTicfuY5FpR5zKSF1jMKduRv4pAEA4TzQ,it won't sync my notes I made on another phone to this one. i used the same email and it usually does but i refreshed it like 20 times. I wouldnt be so irritated but the other phone is broken at the moment and I really needed my lists for shopping that I had already made so I wont forget stuff..,1,8,5.20.491.01.40,2020-12-16 03:41:51,,,most_relevant,com.google.android.keep,it wont sync my notes i made on another phone to this one i used the same email and it usually does but i refreshed it like 20 times i wouldnt be so irritated but the other phone is broken at the moment and i really needed my lists for shopping that i had already made so i wont forget stuff,LOGIN_BUG,0.33827658354060325
47921,gp:AOqpTOH94bGQLTiHG_FfeuSQEwN75_RfIbb2vb4-vVMdCwUU3YHAPIOjBSNtdSgc_jrMwzGLaX-6vMPjwJATLQ,Candace B-White,https://play-lh.googleusercontent.com/a-/AOh14GhE4GuYO_HXfmFk6iZ7eMcjVz5yzSUtc7rT1G_x5Q,"My experience has been terrible. If you change your Wi-Fi password, its similar to an act of congress to reset it to your phone. Tooooo too many steps that don't work properly, or at all. In an age of tech, you would think it would be easy peasy, on the contrary its difficult with multiple app steps that do not coincide with each other. When it was just NEST without Google it was simple.",1,120,2.32.1.5,2021-01-28 00:50:01,"Hi, Candace. Thanks for posting. We'll take this as feedback and don't hesitate to contact our team if you'll ever need help: https://bit.ly/37kTIVI",2021-01-28 01:09:15,most_relevant,com.google.android.apps.chromecast.app,my experience has been terrible if you change your wifi password its similar to an act of congress to reset it to your phone tooooo too many steps that dont work properly or at all in an age of tech you would think it would be easy peasy on the contrary its difficult with multiple app steps that do not coincide with each other when it was just nest without google it was simple,LOGIN_BUG,0.33901940457239
80857,gp:AOqpTOErZ0YAUf5gfDvcANJDPAbAqgvn_BDWkMY9RMa7GSqKLaK2DGGjTMbihNNSbFMjxbPxA4lxwSr6DocSzQ,Sanket Prasad,https://play-lh.googleusercontent.com/a-/AOh14Giyx5jf4GtR2roi68jrnvXmbrn7JUVuOXEcwZrfDPg,"If only you could provide a feature that allows to hide photos and videos with a password and like other gallery apps the photos and videos don't show up in the file manager, this would be the only app many people would always prefer.",3,5,1.0.3.268640096 release,2019-09-29 16:02:15,,,most_relevant,com.google.android.apps.photosgo,if only you could provide a feature that allows to hide photos and videos with a password and like other gallery apps the photos and videos dont show up in the file manager this would be the only app many people would always prefer,LOGIN_BUG,0.3421909231951154
73375,gp:AOqpTOHTmVulQYPsOJzBTf6heqyxqVQvUBQTypDbESQbSwmeXGv8wXwkl9dGFNBZdFPWLgOJOsq71wr4MK7IqPM,Benny Z,https://play-lh.googleusercontent.com/a-/AOh14GguWiV5YKhiWQv3y1Kxfa4pEdVDv1BJpsiPZJcQIw,"The alerts are good, when my daughter tries to add an app. What is not good, is that I can't add HP Print for Chrome from the chrome web store because ""this type of account can't currently install extensions from the webstore."" She has to log off on the Chromebook and then I have to log in on the same Chromebook so that she can print. i know, I know its a first world problem...but please fix. thanks",2,2,,2019-01-15 02:29:41,,,most_relevant,com.google.android.apps.kids.familylinkhelper,the alerts are good when my daughter tries to add an app what is not good is that i cant add hp print for chrome from the chrome web store because this type of account cant currently install extensions from the webstore she has to log off on the chromebook and then i have to log in on the same chromebook so that she can print i know i know its a first world problembut please fix thanks,LOGIN_BUG,0.3432006050049234
47966,gp:AOqpTOFepOuqhUK3S8FiTKyja5rPrF08UBtfqQuGPbW0Ubu1e374rOf5TyhBCNw_VhGRJdw-CSNkqJkE_UhUgA,Jack Isherwood,https://play-lh.googleusercontent.com/-TouwtAUT2qQ/AAAAAAAAAAI/AAAAAAAAAAA/AMZuucnBnlkURqLMRbaQtIJtMYC4YRJMQQ/photo.jpg,"We have just got a new WiFi password and trying to connect to our Google nest minis is impossible. I've tried unplugging the device, uninstalled the app and installed again, and for some reason this app will not communicate with our Google nest with our new WiFi! Very frustrating indeed! Get it sorted out Google, before I switch to your pal alexa!",1,12,2.32.1.5,2021-01-13 15:59:12,,,most_relevant,com.google.android.apps.chromecast.app,we have just got a new wifi password and trying to connect to our google nest minis is impossible ive tried unplugging the device uninstalled the app and installed again and for some reason this app will not communicate with our google nest with our new wifi very frustrating indeed get it sorted out google before i switch to your pal alexa,LOGIN_BUG,0.34735532493016363
81556,gp:AOqpTOHGg8dSZysfGdRgH5bH4xpr-WIEI8pzeTQdXlihYyaLVeBM_8kVcfI7wAY7MYcX5orlWmMpmOVshb5YHBY,KOSI FASHIONIT,https://play-lh.googleusercontent.com/a-/AOh14Gh3-u-xL0ts7zzlVU2jexKFbak75lplJYUV3rNhl7A,"One star because the key noted number or word is 1 or one. The GoogleDrive was something special to me being that i was a (C) drive best top shelf desired word starting with (C) that i am first and only in line to benefit on my private never shared device is ""Cash"" second ""Metropcs"" for the (C) train contributions at Rockaway aveThe google1 account was always unreleased and known to be a service to the U.S. president, The duplicating storage app proposal was a huge error from MetroTmobile. 200G",1,11,1.79.339194938,2021-01-13 04:50:45,,,most_relevant,com.google.android.apps.subscriptions.red,one star because the key noted number or word is 1 or one the googledrive was something special to me being that i was a c drive best top shelf desired word starting with c that i am first and only in line to benefit on my private never shared device is cash second metropcs for the c train contributions at rockaway avethe google1 account was always unreleased and known to be a service to the us president the duplicating storage app proposal was a huge error from metrotmobile 200g,LOGIN_BUG,0.34846551118330443
33542,gp:AOqpTOHGVUXiEfIqnHiiYPfpYjj64m3ULp5k2X0iQQpNPKwIXGBqVXJoSk4FX83HcU_hY08x9W0jepKzQCf5yg,Jeskoummk,https://play-lh.googleusercontent.com/a-/AOh14GivWNZxBPAlf_VUrrtbgxNp3-bPyCRqv5SzDLQM1A,"Google's Description is a Wrongfully Short Catfish: Opened this Google Account (w/PlayGames) sometime mid-2018. Since then I have loaded and built valuable game data for multiple Titles; all stakes that support my brand, product, and image. I recently acquired a new mobile device and attempts to transfer Data result in ALL OF MY PROGRESS MISSING INCLUDING ACHIEVEMENTS!!! The only ""saved data"" is a list of previously loaded Titles into said Google Account— Plankton's Chum Bucket thrives!",1,2,2020.11.22814 (348073629.348073629-000408),2021-01-28 09:14:41,,,most_relevant,com.google.android.play.games,googles description is a wrongfully short catfish opened this google account wplaygames sometime mid2018 since then i have loaded and built valuable game data for multiple titles all stakes that support my brand product and image i recently acquired a new mobile device and attempts to transfer data result in all of my progress missing including achievements the only saved data is a list of previously loaded titles into said google account planktons chum bucket thrives,UI_BUG,0.3500799848506381
59185,gp:AOqpTOFyxOOvYPv5mahOZGWdC7J00VfsAoWjiuVJvZY_QPLDlWXuAqMsdBrQPzUdNMF4_c64SDER83QvfgQECA,Jared S,https://play-lh.googleusercontent.com/-x7y0n70XlB0/AAAAAAAAAAI/AAAAAAAAAAA/AMZuucnJyHkb1Vy-92GVxz4AL3CcNvDQ5g/photo.jpg,The app works fine. The reason I can't give the app anything higher than an average 3 stars is because the lack of backing up of accounts. Apps like Authy store your 2FA connections in the cloud but Google still can't do that. It makes upgrading or replacing old phones a huge pain in the ass.,3,4,5.00,2020-03-02 00:59:43,,,most_relevant,com.google.android.apps.authenticator2,the app works fine the reason i cant give the app anything higher than an average 3 stars is because the lack of backing up of accounts apps like authy store your 2fa connections in the cloud but google still cant do that it makes upgrading or replacing old phones a huge pain in the ass,LOGIN_BUG,0.35020638436188833
43666,gp:AOqpTOFtZdhQlh_fiKZQNk6HruAxTI5DgzEz2axIZ382rUZwZqVpURQXStnAdyMkniGqxc9fniDpCGGjAgzEYEY,Ginger Guillot,https://play-lh.googleusercontent.com/a-/AOh14GinJNQgAcEUQsMinfHx0dMOi1sJxrQxlzwpO6eANtU,@EricSeals That email you got is fake it is con that's been using the same story and took so many people's money. Do not send anything to them infact you should report it. The FBI was looking for them. Trust me this is not a lucky email you got. I met a woman that was told the identical story and believed it. well she sent the money so he can get his money and she never heard from him again. She has no money and feels like a fool but shes not cause there are about 10 people that trusted bad peopl,3,1,1.9.190422066,2019-06-05 01:16:47,,,most_relevant,com.google.ar.core,ericseals that email you got is fake it is con thats been using the same story and took so many peoples money do not send anything to them infact you should report it the fbi was looking for them trust me this is not a lucky email you got i met a woman that was told the identical story and believed it well she sent the money so he can get his money and she never heard from him again she has no money and feels like a fool but shes not cause there are about 10 people that trusted bad peopl,LOGIN_BUG,0.3509212253901586
42340,gp:AOqpTOFfPTJk8ga6sNMqpGtIn3XobmEvWO_hofLzulX1l4Idql2mpAIadFUotNkbVZe6mTmZSRyW4xc52-G78g,RoastrToaster,https://play-lh.googleusercontent.com/a-/AOh14GhtPVEpk0vI6CEvuiKPbPL0-yxnCMnxpkEa-BiR,"I have a problem with switching accounts. Whenever I try to switch my account, a loading icon is all I see. It just keeps on loading forever. I used to switch my accounts within a few seconds, but for some reason after this new update, it takes me to switch my accounts within 5 minutes.",3,24,16.02.32,2021-01-26 16:15:12,,,most_relevant,com.google.android.youtube,i have a problem with switching accounts whenever i try to switch my account a loading icon is all i see it just keeps on loading forever i used to switch my accounts within a few seconds but for some reason after this new update it takes me to switch my accounts within 5 minutes,UI_BUG,0.3509713488959761
47893,gp:AOqpTOGgsKwCk4rcB420QvS5oqlPxDE9onKoA0JH5NAqyduGkGUNzHe8MFIMXNGEc1RsRvS1HQc1R1XDa4QOYw,Sug's RL,https://play-lh.googleusercontent.com/a-/AOh14Gg5cnCuZ3duZFIf8o0uB14yghYYYpTHPwRPzNLHblI,"Theres a bug, when I am playing on my nest mini speaker and try to figure out the song thats currently playing I go to google home and click on the app I have tied and subscribe to, say youtube music, it doesn't bring up the song it just runs the app and nothing. same thing, did that, and still the same thing. Funny how you saying that I feel like one of those guys from the TV series ""CROWD I.T."" have you tired rebooting your computer and turning it off and on? I know sometimes these things work, but unfortunately it seems like it is really a bug in the software, don't know if its with google home or youtube music? I work in software application and development and have already thought about that aswell, and did that way before you asked me to. but seriously think its a bug. That 1 people choose to ignore because you can just clearly just type it in and search for it on youtube music, and 2 people can't be bothered to clear the cache or ""restart as they say the computer"" turn it off and on"" to fix the problem cause it cleary doesn't fix it! seems like nowadays for people diagnosing smart phones the first word out of their mouth is either do a factory reset to see if that fixes anything. knowing that most people almost 99% wouldn't be willing to do that because they would loose important data on their phones. so you practically eliminate 99% of the problem right there because nobody wants to do it!",1,5,2.32.1.5,2021-01-30 16:42:38,Hi there! Thanks for posting. We'll take this as feedback and don't hesitate to contact our team if you'll ever need help: https://bit.ly/37kTIVI,2021-01-30 17:33:16,most_relevant,com.google.android.apps.chromecast.app,theres a bug when i am playing on my nest mini speaker and try to figure out the song thats currently playing i go to google home and click on the app i have tied and subscribe to say youtube music it doesnt bring up the song it just runs the app and nothing same thing did that and still the same thing funny how you saying that i feel like one of those guys from the tv series crowd it have you tired rebooting your computer and turning it off and on i know sometimes these things work but unfortunately it seems like it is really a bug in the software dont know if its with google home or youtube music i work in software application and development and have already thought about that aswell and did that way before you asked me to but seriously think its a bug that 1 people choose to ignore because you can just clearly just type it in and search for it on youtube music and 2 people cant be bothered to clear the cache or restart as they say the computer turn it off and on to fix the problem cause it cleary doesnt fix it seems like nowadays for people diagnosing smart phones the first word out of their mouth is either do a factory reset to see if that fixes anything knowing that most people almost 99 wouldnt be willing to do that because they would loose important data on their phones so you practically eliminate 99 of the problem right there because nobody wants to do it,Generic_Complaint,0.35182526466934105
73145,gp:AOqpTOEqOQsjyzm9BQbMoj8wjVY0qC8qDExl-yVL6nvlScE-relZk3V3YyQZYm_4gnCeEhALUeQuu8Atwka6IGA,Alexandra Harewood,https://play-lh.googleusercontent.com/-AFuG8tQOEiI/AAAAAAAAAAI/AAAAAAAAAAA/AMZuucng1Nl7HGYqJllzBbr02KXXRBLavA/photo.jpg,"This is comming from a 11 year old, and I don't understand the reason of making this.The fact that this app is basically- stalking you is just creepy. And the fact that YouTube is blocked is just even dumber. Many times the app has locked my phone before it should, and none of my parents did it. And If an 11 year old can use a Google account as well as a 13 year old, I don't get the point of treating the user like there 6.",1,83,flh.release.1.42.0.X.345476563,2021-01-09 16:31:22,,,most_relevant,com.google.android.apps.kids.familylinkhelper,this is comming from a 11 year old and i dont understand the reason of making thisthe fact that this app is basically stalking you is just creepy and the fact that youtube is blocked is just even dumber many times the app has locked my phone before it should and none of my parents did it and if an 11 year old can use a google account as well as a 13 year old i dont get the point of treating the user like there 6,LOGIN_BUG,0.3518335365442859
68798,gp:AOqpTOGxGg6f2GzBuKi7NHyQVDlKyBIWqhKbEFVZxaXw7wiu1twvmfEw0N2_P9oxhjKgu24kydrZv83IZioO6A,5uperman76,https://play-lh.googleusercontent.com/a-/AOh14GjgfgAxO4J4jXVADFKgXfOlRFt0l3Yac-e9TSd9Ig,"When it is working it is great.  Biggest issue I have been having is that the Phone aspect of the Wear app seems to no longer be functioning at all on my watches.  I get no call notifications, I can no longer make calls from the watch and I have a second watch now that has the same issue.  Connection to the phone seems to be fine (Note 9, latest firmware).  I have seen many reports of this issue being present for others.  Google, have you found out what the issue is as of yet?  I am assuming it's something to do with the new Android OS vs Wear 2.0?  I don't even have the bluetooth (Calls to watch) option in my watches bluetooth menu as I used to once upon a time.  Also, any idea when sim card watches will be supported via Wear OS to connect to my local mobile provider so that I'm able to use my watch away from the phone?  I live in Canada and that service is not available yet.  Thank you.",3,2,2.23.0.238044309,2019-04-17 03:49:25,,,most_relevant,com.google.android.wearable.app,when it is working it is great  biggest issue i have been having is that the phone aspect of the wear app seems to no longer be functioning at all on my watches  i get no call notifications i can no longer make calls from the watch and i have a second watch now that has the same issue  connection to the phone seems to be fine note 9 latest firmware  i have seen many reports of this issue being present for others  google have you found out what the issue is as of yet  i am assuming its something to do with the new android os vs wear 20  i dont even have the bluetooth calls to watch option in my watches bluetooth menu as i used to once upon a time  also any idea when sim card watches will be supported via wear os to connect to my local mobile provider so that im able to use my watch away from the phone  i live in canada and that service is not available yet  thank you,UI_BUG,0.3545289795293175
35101,gp:AOqpTOFiNKh9iiPLic6DbW4VIcql6tS6_BSH8zwnCoMdkA-JFcfYXcQnSiswkPJnF88jetykGkog6ZU9awb6nX4,Chris bullag,https://play-lh.googleusercontent.com/--zTTUEA5up4/AAAAAAAAAAI/AAAAAAAAAAA/AMZuucllAOCHO8BxqQ6PxlOA7VAzYwnwew/photo.jpg,Selecting multiple mails is now terrible and takes lots longer. Add a way to go in to multi select mode. Trying to clean out old mails is a nightmare on mobile. Hold on mail should be multi select mode .. or add an option. Why would I want to open another email when one is or more are selected? UX guys what's the use case for this?,3,1,2020.11.29.346182102.Release,2021-01-17 12:35:21,"Hello, Chris! Thanks for your comment. It's only possible to delete multiple messages using a computer. Check this article to know more: goo.gl/ZjMxEe. You can also send feedback to our developers by following these steps: Gmail App > Help & Feedback > Send feedback. Thank you.",2021-01-21 03:22:52,most_relevant,com.google.android.gm,selecting multiple mails is now terrible and takes lots longer add a way to go in to multi select mode trying to clean out old mails is a nightmare on mobile hold on mail should be multi select mode  or add an option why would i want to open another email when one is or more are selected ux guys whats the use case for this,LOGIN_BUG,0.3553137490291604
56781,gp:AOqpTOF4n7DaKA97L1Th_QFxEZpvW-iO61N0ci-gv2QnomcnW7x6at6qvrvW1Y7a3m9CLKemncIh5WOSTx5TSg,Geeta J Mavani,https://play-lh.googleusercontent.com/-37flpcy5oy0/AAAAAAAAAAI/AAAAAAAAAAA/AMZuucn-SbD-V1IZUpKoFq5cg3hAL5TVww/photo.jpg,Feel the following features should be added 1. Should be able to secretly take selfie of person trying to access the device but unable to do so in 3 attempts. This picture should be automatically emailed to emergency contacts specified. 2. Should be able to detect location even when device's data is off. If possible should be able to trace the device based on its IMEI no. Therefore it can be located even if the phone is formatted. 3. Should not allow user to shut down or restart the phone in locked mode 4. Gould be able to switch the phone in battery saver mode remotely/automatically.,3,82,2.2.009,2018-10-30 02:25:24,,,most_relevant,com.google.android.apps.adm,feel the following features should be added 1 should be able to secretly take selfie of person trying to access the device but unable to do so in 3 attempts this picture should be automatically emailed to emergency contacts specified 2 should be able to detect location even when devices data is off if possible should be able to trace the device based on its imei no therefore it can be located even if the phone is formatted 3 should not allow user to shut down or restart the phone in locked mode 4 gould be able to switch the phone in battery saver mode remotelyautomatically,PERFORMANCE_BUG,0.35547382185527415
12095,gp:AOqpTOF_pu_ht5dzm6U1NL1GfzkYLkK0t454vkbL-LnWsCZtpWujlBXqdFf1nM5p8NPTnp2Q-T7kU_ujG79Dtw,SaGar SahiL,https://play-lh.googleusercontent.com/a-/AOh14Gh3FJGcV6-Roa6acBFWf5ctMeGXQ73haRFlTd5fsNI,"Plz fix this, i need to setup my official email in my note8 having android 9 version, and its unable to further process not even creating work profile... This really sucks... Plz resolve this..",1,28,14.20.00,2020-04-09 06:41:26,,,most_relevant,com.google.android.apps.enterprise.dmagent,plz fix this i need to setup my official email in my note8 having android 9 version and its unable to further process not even creating work profile this really sucks plz resolve this,LOGIN_BUG,0.3554816055562451
33749,gp:AOqpTOHleIRbMlv9MYjdewZtXekYdC0SX1OV08ArErzMNITjYUDBoma7I0FNg9JZdODD9JnTBGsOJtkbG6PgIA,danielle linga,https://play-lh.googleusercontent.com/a-/AOh14GjKUyCamYIbIvOkCqQHEM6pb37x_LzDRie9s9ev,"I am so dissapointed. I dont know why it keeps on popping out especially when I am already in game. Whenever I open a certain game, especially I am fond of MOBA games, i have allowed all stuffs and email right on the start and it still pops out in the MIDDLE of intense battles, it is so frustrating and annoying. Pls help what should i do to fix this?",2,470,2020.09.21380 (332058963.332058963-000406),2020-10-27 08:49:00,,,most_relevant,com.google.android.play.games,i am so dissapointed i dont know why it keeps on popping out especially when i am already in game whenever i open a certain game especially i am fond of moba games i have allowed all stuffs and email right on the start and it still pops out in the middle of intense battles it is so frustrating and annoying pls help what should i do to fix this,LOGIN_BUG,0.3555769736948399
32855,gp:AOqpTOHl9wgZJtbvyMTW6dARrnC-OxM27V3FKBQG1LDeYtnVL4tBMWpwAz66g03Zh1vn62M2RhIJBladgxyRv6o,BandT,https://play-lh.googleusercontent.com/-0VbjkcZJaxU/AAAAAAAAAAI/AAAAAAAAAAA/AMZuuckf_zXOm0nkknWGTKWoblZdGl78Mw/photo.jpg,"This app is okay. It has two problems: 1 I wish you could put a password on some folders. 2 It has a bug. What happens is three times a week or so, it will play a video, but it will automatically play it in fast motion, and it plays it tons of jerks. And you can't even make it play normally again. I tried restarting my tablet, but even that didn't work. Please, fix this!!!",3,1800,5.19.0.342717369,2020-11-21 14:15:10,,,most_relevant,com.google.android.apps.photos,this app is okay it has two problems 1 i wish you could put a password on some folders 2 it has a bug what happens is three times a week or so it will play a video but it will automatically play it in fast motion and it plays it tons of jerks and you cant even make it play normally again i tried restarting my tablet but even that didnt work please fix this,LOGIN_BUG,0.3564607526537123
16701,gp:AOqpTOHYfuB4VKCwqbJseinbhGP3RdCsa8Ene7S07JkCIAPFNAddqFDLrB3bjP9POoXiP0b1fjNgJwP3lUKD7OM,Ciello,https://play-lh.googleusercontent.com/a-/AOh14GheLCfEL-6ZKliJGTj2p_Im2aORlpIdHLOBXGyIhQ,"I keep losing my authority to edit bc this app can't identify I'm using my account. Edit: this issue only happens to the app, I can edit it with my laptop. It's fixed everytime I uninstall & install again. After a few hours, it malfunctions again.",3,11,1.20.462.02.40,2020-12-09 19:58:33,,,most_relevant,com.google.android.apps.docs.editors.sheets,i keep losing my authority to edit bc this app cant identify im using my account edit this issue only happens to the app i can edit it with my laptop its fixed everytime i uninstall  install again after a few hours it malfunctions again,LOGIN_BUG,0.35678694609536105
34785,gp:AOqpTOEFLj9aNSwA0q_rOqARDxF93hq-47yJO0MB5hv6XtcSwHsMqdGlQQEQpAwRpyKkon7Ay4iNvVub2_DKVXM,Shawn Whitmore,https://play-lh.googleusercontent.com/-iAJmXpU73ns/AAAAAAAAAAI/AAAAAAAAAAA/AMZuuclQ28ZcotZI9ErS7EVs9VEOqD5jbQ/photo.jpg,"For being Google, as big and successful as you are, you could quit having to complicate EVERYTHING you Facebook do. I have so many email addresses, because lose a phone, and this is my only tie to you.... Yet your logo is on everything that is causing confusion and frustration, this symbalizes the nasty track off your footprints all over the world. Thanks. Cynicism at its most sincere level.",1,5,2020.11.29.346182102.Release,2021-01-22 16:40:03,,,most_relevant,com.google.android.gm,for being google as big and successful as you are you could quit having to complicate everything you facebook do i have so many email addresses because lose a phone and this is my only tie to you yet your logo is on everything that is causing confusion and frustration this symbalizes the nasty track off your footprints all over the world thanks cynicism at its most sincere level,LOGIN_BUG,0.35685278046978247
83336,gp:AOqpTOFgIgBwC70MwC-ZBDg64zLhbscSSj3z0fHKg7KxNfsHVIMZlr5PWVnyplTdGbEE01oM6bsSoVbeKqflp0I,Lynne,https://play-lh.googleusercontent.com/a-/AOh14GgE2XsRH-tbUG9nYGQXu5nsnNLf9-ktpEuTx8neqQ,"Disappointed with this app; it may do what I need, but 0 instructions. You can't sync 2nd device, print or do anything unless it is dated & you can sync to calendar. I want simple to-do list without filling Calender. It auto attaches to all emails on your device & I want 1. I believe ""Tasks"" is auto on Samsung even if the apps terrible! Help would be 👍since it has clung to Google &❓from them or Samsung is #Pointles. Motivation to finish list & put app 💤 as you can't 🚮 like Bixby & other junk!",3,19,2021.01.04.349958603.release,2021-01-22 10:56:54,,,newest,com.google.android.apps.tasks,disappointed with this app it may do what i need but 0 instructions you cant sync 2nd device print or do anything unless it is dated  you can sync to calendar i want simple todo list without filling calender it auto attaches to all emails on your device  i want 1 i believe tasks is auto on samsung even if the apps terrible help would be since it has clung to google from them or samsung is pointles motivation to finish list  put app  as you cant  like bixby  other junk,LOGIN_BUG,0.35688809437693025
83091,gp:AOqpTOFgIgBwC70MwC-ZBDg64zLhbscSSj3z0fHKg7KxNfsHVIMZlr5PWVnyplTdGbEE01oM6bsSoVbeKqflp0I,Lynne,https://play-lh.googleusercontent.com/a-/AOh14GgE2XsRH-tbUG9nYGQXu5nsnNLf9-ktpEuTx8neqQ,"Disappointed with this app; it may do what I need, but 0 instructions. You can't sync 2nd device, print or do anything unless it is dated & you can sync to calendar. I want simple to-do list without filling Calender. It auto attaches to all emails on your device & I want 1. I believe ""Tasks"" is auto on Samsung even if the apps terrible! Help would be 👍since it has clung to Google &❓from them or Samsung is #Pointles. Motivation to finish list & put app 💤 as you can't 🚮 like Bixby & other junk!",3,19,2021.01.04.349958603.release,2021-01-22 10:56:54,,,most_relevant,com.google.android.apps.tasks,disappointed with this app it may do what i need but 0 instructions you cant sync 2nd device print or do anything unless it is dated  you can sync to calendar i want simple todo list without filling calender it auto attaches to all emails on your device  i want 1 i believe tasks is auto on samsung even if the apps terrible help would be since it has clung to google from them or samsung is pointles motivation to finish list  put app  as you cant  like bixby  other junk,LOGIN_BUG,0.35688809437693025
63497,gp:AOqpTOGcRZ1TkfxTn30OAoJhOivuYfixWvpT7HAU-TUWvMsUG9wDr-t7OdTFejTl1zI1ph23hd5a8S87F2kq7v0,M Mixell,https://play-lh.googleusercontent.com/a-/AOh14GisP40GpG_vvzRX4HKJ5P9cbYZcEl3Gwlfjnu2s,"All this app is, is Google's ""stick their nose in your personal business app."" Without this little module, they can't access your photos, data, or texts, Or do those little things that annoy you like reorder your emails or sync your photos to Drive - another ""don't worry... it's just us!"" invasive app they monetize from. While Google got popular from it's search engine, they now believe they need to be involved in your life.",1,430,48.0.343154920-carrierservices_V48E_RC02,2021-01-19 16:05:19,,,most_relevant,com.google.android.ims,all this app is is googles stick their nose in your personal business app without this little module they cant access your photos data or texts or do those little things that annoy you like reorder your emails or sync your photos to drive  another dont worry its just us invasive app they monetize from while google got popular from its search engine they now believe they need to be involved in your life,LOGIN_BUG,0.3568941087744956
58720,gp:AOqpTOEtuJ2Zb7ZhkPzpnEpRJWKkC6o5JeqhEzFuV51Gb9VmyVQkm7FGaCt6D2fGyZK2zFK0OwsGJWabUkbSKQ,Dave Everitt,https://play-lh.googleusercontent.com/a-/AOh14Gg5-J1-5wB__Wtdvpxge1RnsQUovx-j24GWr-T_XA,"If you're phone needs a factory restore or dies you are in for the ride from hell. GA does not recall it's accounts on return. Use Authy or Microsoft Authenticator as they get corporate world and that machines die. They back up, and recover using other 2FA methods to get you back running in minutes. I've moved everything other than Google out of GA. It was great while it lasted.",1,1,5.10,2021-01-12 09:56:04,,,most_relevant,com.google.android.apps.authenticator2,if youre phone needs a factory restore or dies you are in for the ride from hell ga does not recall its accounts on return use authy or microsoft authenticator as they get corporate world and that machines die they back up and recover using other 2fa methods to get you back running in minutes ive moved everything other than google out of ga it was great while it lasted,LOGIN_BUG,0.35988187752654427
1263,gp:AOqpTOGJqjpmH0OXLVmsMtCqgZChvUJhCRl0bV6kfZUbU4O3Dx0dtbbVzWx7wf8AJTr5K1VICHi7biLOuX312P8,Haider Z.,https://play-lh.googleusercontent.com/a-/AOh14GjZWq8p9WYaEMngeNPm83Yik93IY_mAKaAKCmgtyg,Add option to filter which contacts show up! It's possible in the contacts app but the actual dialer that gets used has thousands of contacts because I can't choose which accounts to use! Stupid thing to leave out.,1,0,60.0.352032784,2021-02-02 02:44:24,"Hi, Haider. Thanks for your review. Please continue providing your feedback and helping us make the Phone app even better! You can also submit feedback inside the Phone app by tapping the three-dot button in the top right corner, then 'Help and Feedback' and then 'Send Feedback' so that we can better track your request. Thank you.",2021-02-02 19:36:40,most_relevant,com.google.android.dialer,add option to filter which contacts show up its possible in the contacts app but the actual dialer that gets used has thousands of contacts because i cant choose which accounts to use stupid thing to leave out,LOGIN_BUG,0.36037416855818255
74532,gp:AOqpTOGRYGLQUaIcG8VDWQqwtt3UnB1ZD2tRxM3WCMLh7eNOPZDG9O8NkauiVi0eH1eWumhY6oUnQEP8cknA43k,Kevin Ryan,https://play-lh.googleusercontent.com/a-/AOh14GiLNnXmNBG_aINBtGIWVF6HhuBV9Pau8yqFPr13QQ,I'm getting emails regarding new video comments from Youtube but they're not visible in the Studio App even though the most recent is set to show in settings.,2,6,20.47.101,2020-12-19 13:26:32,,,most_relevant,com.google.android.apps.youtube.creator,im getting emails regarding new video comments from youtube but theyre not visible in the studio app even though the most recent is set to show in settings,LOGIN_BUG,0.3615179362072481
48192,gp:AOqpTOErYBIz1cBH-y-0FRfqculHyYCkuYjD_RKbNcZA-57y7cjKeXNwCtPZQPZyWXo026q9TYONgvbypYk_Pg,dileep raj,https://play-lh.googleusercontent.com/a-/AOh14GhgztfuqaRXn_nMBmVNYlbXV0y7lkoLCNsbSBVh,Hey guys the apple music support was launched in selected countries in December and I don't still see it rolling out to India even in Feb why is it need to be so delayed always for any feature on tops your service team doesn't respond for a polite e-mail asking for plan at the least I hope you can at least publish dates instead of keeping us in limbo,2,0,2.32.1.5,2021-02-03 18:39:51,"Hey Dileep, thanks for your interest. We have no news to share when Apple Music will be supported on Google Home in India. Keep following us for news and updates. For more help, visit our support page: https://bit.ly/37kTIVI",2021-02-03 19:00:49,newest,com.google.android.apps.chromecast.app,hey guys the apple music support was launched in selected countries in december and i dont still see it rolling out to india even in feb why is it need to be so delayed always for any feature on tops your service team doesnt respond for a polite email asking for plan at the least i hope you can at least publish dates instead of keeping us in limbo,LOGIN_BUG,0.3620855303369413
59280,gp:AOqpTOFX-3ZjQsEWbnMdriTztUHJ38drXOdhqunrCqzLkvcU9EKNppG83pWNIf6YpFY-n8DYipDUG1quYktMBA,lenell mckenzie,https://play-lh.googleusercontent.com/-JHXkcf9ElFs/AAAAAAAAAAI/AAAAAAAAAAA/AMZuucmlUR9sCqozFE9J6R5IX3RekSvu1w/photo.jpg,need to move to new phone and it is not working please provide a transport scrypt that allows migration to new phone where you have email confirmation and phone confirmation before data transfer to new device. then 5stars. we switch phones like water why not make switching your app seamless?,3,3,,2018-09-28 21:51:06,,,most_relevant,com.google.android.apps.authenticator2,need to move to new phone and it is not working please provide a transport scrypt that allows migration to new phone where you have email confirmation and phone confirmation before data transfer to new device then 5stars we switch phones like water why not make switching your app seamless,LOGIN_BUG,0.36231132850408154
58888,gp:AOqpTOEWf4FKNYP_V4_pHCiH-H0Ypg10za-1sMZS-XYF1aoOCAyCvB69qI38kDvczQfL7074hTb56Hxok3y-iA,Chubbs Unicorn,https://play-lh.googleusercontent.com/a-/AOh14GjYay1f5E4Dzv7JtQ0gkpIj7ooRFrRE07I2HtzQDQ,"It works, but now that I want to reset my phone, I can't transfer my codes to my PC. You can only transfer them into another phone, and I only have this one. I would like the option to back them up over USB or wifi. The only ways I've found to back up my codes was to root my phone, but then I would loose the codes when I did that. And I can't even take a screenshot because of forced security. If I had a decent webcam, or another phone, i guess i could manage it, but now i have to manually do it.",2,94,5.10,2021-01-24 21:14:44,,,most_relevant,com.google.android.apps.authenticator2,it works but now that i want to reset my phone i cant transfer my codes to my pc you can only transfer them into another phone and i only have this one i would like the option to back them up over usb or wifi the only ways ive found to back up my codes was to root my phone but then i would loose the codes when i did that and i cant even take a screenshot because of forced security if i had a decent webcam or another phone i guess i could manage it but now i have to manually do it,UI_BUG,0.3626558221625921
33953,gp:AOqpTOGl4D5o1ZwEJL8JKyjvVI7s3WkZ13rqNoFvTjqc7iXssLxa5rCjE2acoMOUvNRRVRScGby-SXB5UNKyew,Dark Star,https://play-lh.googleusercontent.com/a-/AOh14Gii0Vgp3fll4Ax56amPYH-WtaJrQuH4Otc42DH1iA,iv spent a lot on google play and never in all that time has one of the google play cards refused to validate itself before. it says would you like to transfer funds to your account then says card is not redeemable. i go to the store and they say i need to wait 24 hours. i ask for a refund to go to a store i know is instant and they wont do it in case i spent it. they just said it takes 24 hrs. how could i spend it. they called the head office and owner and wont refund till tomorrow. go itunes.,3,91,2020.10.22037 (339123585.339123585-000408),2020-11-10 14:43:12,,,most_relevant,com.google.android.play.games,iv spent a lot on google play and never in all that time has one of the google play cards refused to validate itself before it says would you like to transfer funds to your account then says card is not redeemable i go to the store and they say i need to wait 24 hours i ask for a refund to go to a store i know is instant and they wont do it in case i spent it they just said it takes 24 hrs how could i spend it they called the head office and owner and wont refund till tomorrow go itunes,LOGIN_BUG,0.3627203076491489
55115,gp:AOqpTOFuxxb_nheCq_t-scl2CLQwfNt9FaVk1YNlyhfHm7IbW-OYYrYukMSLcsHKa_xoD0ZFCpzXi22WXeSQnpY,Liam Cherry,https://play-lh.googleusercontent.com/-stPQJheqNHA/AAAAAAAAAAI/AAAAAAAAAAA/AMZuucnnVP_kjcaCPtuTYfOCL_lSR1jZoA/photo.jpg,"Offline videos are never saved. Checked all settings and no errors messages come up. I have a premium account but it just keeps saying we haven't saved and offline videos yet, check back later. The app could at least tell me what's wrong and what setting is needed to fix it",1,418,5.40.4,2020-11-22 18:38:53,,,most_relevant,com.google.android.apps.youtube.kids,offline videos are never saved checked all settings and no errors messages come up i have a premium account but it just keeps saying we havent saved and offline videos yet check back later the app could at least tell me whats wrong and what setting is needed to fix it,LOGIN_BUG,0.3627315202723429
12041,gp:AOqpTOGeZ-4drVrLXONPQJlsL3KY0822LS1dUS9OIM8-FBbiiQiZlcHd7ByssP8ts1uzNKFJmx9hENfz_ybBbA,Harshit Sharma,https://play-lh.googleusercontent.com/a-/AOh14Gi-ucGhen2WHLbkrAVkCHfYRgABE0cqAn96i0JE8g,"The app has got problems. It asks to repeteadly sign in with institute email id. It's not done. This is very inconvenient. The app is supposed to be flawless and bug free. Please look into the matter, Team.",1,86,,2019-09-06 15:48:03,,,most_relevant,com.google.android.apps.enterprise.dmagent,the app has got problems it asks to repeteadly sign in with institute email id its not done this is very inconvenient the app is supposed to be flawless and bug free please look into the matter team,LOGIN_BUG,0.3635720949408216
34779,gp:AOqpTOFd0g1hPPTiH9rlj50PhnkUIDSZV5wezHnnmP5AJJqeTzjqAlGPav71y28Y_KGpq1iLKEvY3bXu3bydsLQ,Sirod Zibari,https://play-lh.googleusercontent.com/a-/AOh14GirWG9aOcmi4KfRIN6oNjiozRRUY5zQg2miaFmPsc8,"Deleted emails keep reappearing in the inbox after a few seconds. Happens in every stock android phone. So many people have the same issue and no solution yet that have worked. The link just provided as an answer for this review doesn't solve anything. Just another generic auto answer. No I will not post another topic, there are thousands of posts for the same problem on different forums google has still not solved this for everyone getting a new android phone. Same problem still exist.",1,20,2020.11.29.346182102.Release,2021-01-13 13:19:09,"Hello, Sirod. We suggest that you follow the steps in this article: http://goo.gl/kWctv9 to see what may be happening. If the problem persists, we recommend that you post a topic in the Gmail Forum to get help from our experts: https://goo.gle/3586PHb. We hope we helped.
",2021-01-13 12:57:28,most_relevant,com.google.android.gm,deleted emails keep reappearing in the inbox after a few seconds happens in every stock android phone so many people have the same issue and no solution yet that have worked the link just provided as an answer for this review doesnt solve anything just another generic auto answer no i will not post another topic there are thousands of posts for the same problem on different forums google has still not solved this for everyone getting a new android phone same problem still exist,LOGIN_BUG,0.3642697513099509
35084,gp:AOqpTOGz2H0Z-PqLcy8xsLakiDEL8gUf8t9RW0FKcq5ji1EKG7v0fEHqzfF6lMckH6CXorlPMXifxvW5yUamoO4,Chris Byrom,https://play-lh.googleusercontent.com/-dqdKVdn9Ie4/AAAAAAAAAAI/AAAAAAAAAAA/AMZuuckDgZElDTvKKcEOYF-7_-W9yscV8A/photo.jpg,"Why does gmail continue to resend emails I have already deleted, and even those removed from trash?",2,0,2020.11.29.346182102.Release,2021-02-01 21:29:20,"Hi Chris. Sorry to hear that you are facing this issue. If you have sync issues with the Gmail app, try the following steps: https://goo.gle/31k92ND. Have a nice day!",2021-02-01 21:36:07,newest,com.google.android.gm,why does gmail continue to resend emails i have already deleted and even those removed from trash,LOGIN_BUG,0.3658985712387798
85617,gp:AOqpTOE3cZOwAnJau_FlBfGATyWphNA0zqcwMHEAm6Kdbf7kdSob3Lsrw0NmnGX7JxUfDjzsQuGyl92dP8SsSQ,Julian Thomas,https://play-lh.googleusercontent.com/a-/AOh14GiC5nxh8c7oGP2gZk-JLV1XK1z1Ng647lenndic6dQ,"Where did some of the wallpapers go? All the wallpapers that were added to this app in Oct 2018 have suddenly been removed in recent days (hmmm... since the Pixel 3a launch?). Yes all the ones that could be used to make your own Pixel phone case on the Google Store. I see that those cases are no longer available for sale, but it's a little heavy handed to take away the wallpaper images as well. Many of them were better than the images we're left with now. Are they ever coming back Google?",3,63,,2019-05-14 07:36:08,,,most_relevant,com.google.android.apps.wallpaper,where did some of the wallpapers go all the wallpapers that were added to this app in oct 2018 have suddenly been removed in recent days hmmm since the pixel 3a launch yes all the ones that could be used to make your own pixel phone case on the google store i see that those cases are no longer available for sale but its a little heavy handed to take away the wallpaper images as well many of them were better than the images were left with now are they ever coming back google,Generic_Complaint,0.3666217220625105
32304,gp:AOqpTOGIrpwHDMZvy_z0NRP0v9pBBcga8CCS75VdAAfV_bwayzBCihNBCdh9XNx6Mi1OZuVeBSxFiA2qUsDkZ7k,E H,https://play-lh.googleusercontent.com/-pkDMd_VItys/AAAAAAAAAAI/AAAAAAAAAAA/AMZuuclzdRQ7Cu9jzvtNsCJ8YRI2H3Aedw/photo.jpg,"Seems like all the photos backed up are rounded up in size costing you more money. In other words the file size of the same photo on my phone is smaller then the one backed up to Google. Waisted 1.5 hours with google excuse for tech support, was supposed to get an email with trouble shooting steps and got nothing. A company that makes so much money and then seemingly steals from customers and has 0 support! Shame on you!",1,17,5.26.0.352644055,2021-01-30 02:59:16,,,most_relevant,com.google.android.apps.photos,seems like all the photos backed up are rounded up in size costing you more money in other words the file size of the same photo on my phone is smaller then the one backed up to google waisted 15 hours with google excuse for tech support was supposed to get an email with trouble shooting steps and got nothing a company that makes so much money and then seemingly steals from customers and has 0 support shame on you,LOGIN_BUG,0.36812474284474545
87577,gp:AOqpTOFkzY3pnUz1Th9TexyHXwqyh6zRUseSmqVTtwuyRfMJkUyKlTJVxamAaIZ8BNGNTOMTVU5jsnpCldgEySo,Matthew Teuschel,https://play-lh.googleusercontent.com/a-/AOh14GjHUE0hR47htcTUidGfn9s8ClMjYFcC08IUDOcIvw,"Doesn't give you an option to add your computer when you have a chromebook and therefore, doesn't work. It's quite frankly the dumbest thing I've ever experienced with an app considering it's a chromebook trying to use a chrome extension. And of course the support email doesn't work. Thanks for the frustration and wasted time Google!",1,29,76.0.3809.37,2019-12-02 17:22:35,,,most_relevant,com.google.chromeremotedesktop,doesnt give you an option to add your computer when you have a chromebook and therefore doesnt work its quite frankly the dumbest thing ive ever experienced with an app considering its a chromebook trying to use a chrome extension and of course the support email doesnt work thanks for the frustration and wasted time google,LOGIN_BUG,0.36883844044702646
1415,gp:AOqpTOFbPRcw53W4-f_Tw9GR_W8i4IU38NvYxKMuz3LWcBTq_L8s1NrlQnDOtdp_xWPkapqVKAZgpTekZ2Xp1vg,Lo Kitch,https://play-lh.googleusercontent.com/a-/AOh14GiOVJPxYpHVl6jvNc7TWbNkbC1d1fBce1QojhYy,It works... I guess... Always needing to uninstall and reinstall it to get rid of the voicemail notification (when there is no voicemail). It also doesnt ring when I'm using other apps sometimes so I'll miss calls when I'm literally on my phone. Really frustrating.,2,3,59.0.351693235,2021-01-22 14:53:15,"Hi, Lo. We're sorry to hear that. Let's try resetting the app data. More information, please refer to ""Clear the app's cache"" section by clicking the following link: https://goo.gl/gX7ctA. Hope this helps!",2021-01-22 15:57:29,most_relevant,com.google.android.dialer,it works i guess always needing to uninstall and reinstall it to get rid of the voicemail notification when there is no voicemail it also doesnt ring when im using other apps sometimes so ill miss calls when im literally on my phone really frustrating,LOGIN_BUG,0.370594938642725
55096,gp:AOqpTOG0itgUkdU_EJ89nL9hKWLARI-xysX5YAr9xzKg494OoMJlOUX8tFKA25ozulZY9ha8lSW6bSmMPC17yT0,Adam Buccella,https://play-lh.googleusercontent.com/a-/AOh14GhXda6G91bZZF7kgutKFQEAJbENMU-5zH2kp5_HGmk,"Why does my child keep watching videos in foreign languages?? I set her tablet up with her own child account, installed the Family Link app so that I can control time limits and app installs, but now I have no way to set the content filter to ""approve content yourself"". The settings menu on YouTube Kids and the Family Link app do not offer that option. What gives? I keep blocking channels but the same garbage content keeps coming up.",1,243,5.45.3,2021-01-10 16:35:30,,,most_relevant,com.google.android.apps.youtube.kids,why does my child keep watching videos in foreign languages i set her tablet up with her own child account installed the family link app so that i can control time limits and app installs but now i have no way to set the content filter to approve content yourself the settings menu on youtube kids and the family link app do not offer that option what gives i keep blocking channels but the same garbage content keeps coming up,UI_BUG,0.3706538897531358
18763,gp:AOqpTOFBuqX5WFKxlHlVS-0BHtHytas3Mb1dEIhGf5Cf5sfSe7aOVbGr5dQXtMJz-S5toqBHXnon3KNqaU60MA,Greg Lauver,https://play-lh.googleusercontent.com/a-/AOh14GiHFcv8k5zcpsoXnmZFlcAtIaWDRiRTVDa9OZc1baQ,"I loved this app, but with the recent update it no longer tracks reps / sets / rests for strength training, making tracking your strength workouts basically entirely useless. I can't imagine who thought that was a good idea. Now it just tracks your calories, time, and ""heart points"". No rests, no sets, no reps. Why even bother tracking? Baffling. The new design is fine, but functionality wise this app is basically entirely useless now for fitness tracking.",1,39,2.45.13-230,2020-11-25 16:02:58,,,most_relevant,com.google.android.apps.fitness,i loved this app but with the recent update it no longer tracks reps  sets  rests for strength training making tracking your strength workouts basically entirely useless i cant imagine who thought that was a good idea now it just tracks your calories time and heart points no rests no sets no reps why even bother tracking baffling the new design is fine but functionality wise this app is basically entirely useless now for fitness tracking,UI_BUG,0.37076197438657416
56585,gp:AOqpTOGIJ5rKakDA9gnk5yZ2tGEEMBZVuXfb8FwmDOGMyCgXlckTTd1ASYMLve-z4I93m-GQYzBXbpTYrXlv3g,Catherine Bulusan,https://play-lh.googleusercontent.com/a-/AOh14GisJ84kmfZThWhxSgDpCrkwc0erXPcHtVw0YPpYtA,"i wish that it didn't show the device has been located when I'm trying to track down the thief.. to bad it lost forever... and hope that imei number can be accessible for plan B, and instead of relying only on google account if ever the thief format the phone and erase everything. the imei number can't do anything like reset..",2,46,2.4.026-1,2020-03-02 16:21:55,,,most_relevant,com.google.android.apps.adm,i wish that it didnt show the device has been located when im trying to track down the thief to bad it lost forever and hope that imei number can be accessible for plan b and instead of relying only on google account if ever the thief format the phone and erase everything the imei number cant do anything like reset,LOGIN_BUG,0.3713892015418408
58735,gp:AOqpTOFEeEVI-sUQcDlDhkc2E18-_gzs1LL2tVRafWHc-5-AH7DG0cqYZY6zE7w7wyRydVuCEVMgZSJWQas8Kw,Garry Rupp,https://play-lh.googleusercontent.com/a-/AOh14GhnA6ct9VcP48eq0oCd2uvpmsArE2OB989c-jdEuQ,"Wrong codes. 5 accounts I am now locked out of due to Google Authenticator giving the wrong codes. I have reinstalled it 3 times and did a time sync which came back that the time was correct and did not need syncing. Another Google product I am discontinuing use of. Gmail, photos, messaging and now GA are removed due to non functionality.",1,41,5.10,2020-11-14 15:33:11,,,most_relevant,com.google.android.apps.authenticator2,wrong codes 5 accounts i am now locked out of due to google authenticator giving the wrong codes i have reinstalled it 3 times and did a time sync which came back that the time was correct and did not need syncing another google product i am discontinuing use of gmail photos messaging and now ga are removed due to non functionality,LOGIN_BUG,0.37189914894613696
1628,gp:AOqpTOFovU-fQ8RM6y9j735vDI3syOn0YDV181U0tc_UDchukAOoQRIvMNDXVfAYBSeszzQIcdZqVOw3OKzjyNs,Kristina Kalenik,https://play-lh.googleusercontent.com/-mWfaZhYPXow/AAAAAAAAAAI/AAAAAAAAAAA/AMZuucnLwbB_X1DHntgy2jwiHStBwnS9Yw/photo.jpg,"I am the owner of Mi 9 Lite with official European firmware. The lack of call recording brings difficulties when using the program: you need to either look for third-party programs or reflash your phone. Taking into account the aggravation of the situation with human rights in the Republic of Belarus: the presence of a call recording in a smartphone is a vital necessity, since the life and freedom of a person can depend on its presence. I sincerely ask you to consider adding such a function",3,108,58.0.346367036,2021-01-06 04:09:33,"Hi, Kristina. Thank you for your feedback! We aim to make the Phone app even better over time, so please continue sharing your thoughts with us. You can also submit a feedback inside the Phone app by clicking the Menu button then the 'Help and Feedback' option and tap 'Send Feedback' so that we can better track your request. Thank you.",2021-01-06 15:10:33,most_relevant,com.google.android.dialer,i am the owner of mi 9 lite with official european firmware the lack of call recording brings difficulties when using the program you need to either look for thirdparty programs or reflash your phone taking into account the aggravation of the situation with human rights in the republic of belarus the presence of a call recording in a smartphone is a vital necessity since the life and freedom of a person can depend on its presence i sincerely ask you to consider adding such a function,LOGIN_BUG,0.37220354814188084
1773,gp:AOqpTOHoTS4W3BdY_TydWJGQKh5da21jl3RlFkKkEBDuDc3Y6zCasscTH7stt8AkDrK_p5Isobvpq6RgnlPL-gM,Archana Misal,https://play-lh.googleusercontent.com/a-/AOh14GhFyI1xA3-5wc6_95OYRkmoKi9ofPn2Bf0AxBUOlQ,"Need an updated while recording calls. The voice assistant starts saying in the background ""the call is getting recorded"" while the person is on the call. What's the use of the feature if the another is knowing that the call is getting recorded?? Please do add the call duration in the history of calls.",3,2,58.0.346367036,2020-12-14 05:10:10,"Hi, Archana. We're sorry to hear that. The reason Google has a disclaimer for call recording is to respect all parties and their privacy. Thank you for taking the time to provide this feedback to us. We greatly appreciate it.",2020-12-18 16:07:14,most_relevant,com.google.android.dialer,need an updated while recording calls the voice assistant starts saying in the background the call is getting recorded while the person is on the call whats the use of the feature if the another is knowing that the call is getting recorded please do add the call duration in the history of calls,PERFORMANCE_BUG,0.37225525069610316
81580,gp:AOqpTOECvsCADbQDruBwTRGW32O7aX9hrDvSmJHGXqBjs8UCaNGYANYuXKBn49C7Vjo7iRzD9WrGeeoUgs2Jio4,Braden Arnold,https://play-lh.googleusercontent.com/a-/AOh14GgnVre6jlONbBLVj3EWzO5nKMdIJLl0MoVqdun-kZo,"The app actually has awesome features, but tried the support chat for the first time today. Even though it's cheap, I regret every cent I've wasted on Google One. The worst customer service experience I've endured in my 26 years of adulthood. Pixel support forces me on Youtube support, when I begged them not to. Youtube support forced me on Google One support, when I flat out said not too. Google One support randomly transfers me to someone else, without warning. That person promised me they found someone to help me, but once transferred, that person said they were Google Play support, that they couldn't help. That took 1 hour and 45 minutes. The only thing accomplished was a bunch of empty apologies and no resolution to a basic question. Yes, one question: How do I disable autoplay on every and any media app on my phone? Every time I connect my phone via bluetooth, regardless of bt device, whatever media app I used last starts playing. Doesn't matter if I haven't used the app in days. Every day when I get in my car, autoplay. Connect to work speaker, autoplay. I'm so sick of getting in the car with my grandma and my music or podcasts starts blaring. IF ANYONE HAS THE ANSWER TO THIS, I WILL BE ETERNALLY GRATEFULL. IF I AM EVER NOT POOR AGAIN, I WILL PAY YOU. What ever happened to, ""Instead of wasting your time, let me research this for you, because I am honestly stumped too. May I email you, hopefully within 24 hours?""? Instead, it ended with me having the difficult decision of switching about $10,000 worth of devices over to Apple. Sorry Microsoft, that means bye bye to Windows also.",1,251,1.77.331246954,2020-11-02 19:14:37,,,most_relevant,com.google.android.apps.subscriptions.red,the app actually has awesome features but tried the support chat for the first time today even though its cheap i regret every cent ive wasted on google one the worst customer service experience ive endured in my 26 years of adulthood pixel support forces me on youtube support when i begged them not to youtube support forced me on google one support when i flat out said not too google one support randomly transfers me to someone else without warning that person promised me they found someone to help me but once transferred that person said they were google play support that they couldnt help that took 1 hour and 45 minutes the only thing accomplished was a bunch of empty apologies and no resolution to a basic question yes one question how do i disable autoplay on every and any media app on my phone every time i connect my phone via bluetooth regardless of bt device whatever media app i used last starts playing doesnt matter if i havent used the app in days every day when i get in my car autoplay connect to work speaker autoplay im so sick of getting in the car with my grandma and my music or podcasts starts blaring if anyone has the answer to this i will be eternally gratefull if i am ever not poor again i will pay you what ever happened to instead of wasting your time let me research this for you because i am honestly stumped too may i email you hopefully within 24 hours instead it ended with me having the difficult decision of switching about 10000 worth of devices over to apple sorry microsoft that means bye bye to windows also,LOGIN_BUG,0.37232440074083145
28782,gp:AOqpTOG8GCw-EHjCE6E5X2DYaH2ZU0GIe3Dm-TGT4y70YnIFro4ZUxHxbJ3jNOaRXpofsNsvoOtYHXiiTseQHw,Robert M,https://play-lh.googleusercontent.com/-kfaI0W3EBUA/AAAAAAAAAAI/AAAAAAAAAAA/AMZuucmD5IopYqGtdOtSVNpl5zUn6Mmvvw/photo.jpg,"You SAY you have offline maps. On my Galaxy S5 I did. I actually had Alot of offline maps saved. Upgraded to an S10 and its NOT even an option. NO OFFLINE maps. As a matter of fact, I log into my Google account, on maps and Even when I select REMEMBER, IT still makes me log in EVERY SINGLE TIME. Lost all my so called offline maps and cant even stay logged in to use it within my city. Now I am using WAZE because Google maps Really screwed up the user experience. Too frustrating now.",1,0,10.58.2,2021-01-31 11:26:05,,,most_relevant,com.google.android.apps.maps,you say you have offline maps on my galaxy s5 i did i actually had alot of offline maps saved upgraded to an s10 and its not even an option no offline maps as a matter of fact i log into my google account on maps and even when i select remember it still makes me log in every single time lost all my so called offline maps and cant even stay logged in to use it within my city now i am using waze because google maps really screwed up the user experience too frustrating now,LOGIN_BUG,0.3723802683959212
49320,gp:AOqpTOEdJvqyPsPYDZIAIXMPsgdl0T6VDRj8Iesd5P-Jy__m9ZPfT-3tcqL1bIU7t59nFlLDs9EkVAcb9b8Prg,Charli Ryan,https://play-lh.googleusercontent.com/-Bx3oZ3hIF3g/AAAAAAAAAAI/AAAAAAAAAAA/AMZuuclMW5XRYPE5Dq-QqsKIEjsWdU-Scg/photo.jpg,"I got a new phone for Christmas, I set up my details unknowing that my phone was not activated yet. I had to take it to the Telstra shop they fixed it but said I needed to change phone numbers, they changed my phone number and when I went back to change my phone number there was no specific spot on where to change it, I googled how to, it told me to delete my duo account I tried multiple times but it just kept saying cannot do this right now there is no connection, I cannot use this app anymore",2,7,121.0.351389653.DR121_RC02.g,2021-01-15 06:59:48,"Hi, Charli. We're sorry to hear that. Let's try resetting the app data. More information, please refer to the ""Clear the app's cache"" section by clicking the following link: https://goo.gl/gX7ctA. Hope this helps!",2021-01-16 19:31:43,most_relevant,com.google.android.apps.tachyon,i got a new phone for christmas i set up my details unknowing that my phone was not activated yet i had to take it to the telstra shop they fixed it but said i needed to change phone numbers they changed my phone number and when i went back to change my phone number there was no specific spot on where to change it i googled how to it told me to delete my duo account i tried multiple times but it just kept saying cannot do this right now there is no connection i cannot use this app anymore,LOGIN_BUG,0.3724397586871887
32695,gp:AOqpTOGfargfkZ0m2UQhttpn1rwGy_M26P4bXnPvTBJaVmQosriCeF0g7tomJ_o0DRpoLIUgUM6P_ZotDug6ZQE,Daniel,https://play-lh.googleusercontent.com/a-/AOh14GhW-Tn5GhTT8gM3zZ2ahO_XOscaGUwH-Co3oCR_pA,"Pretty good, but the problem is that if you switch phones or restore a phone from a backup it will think all your images and videos you have are new ones and back them up twice. Since there is no tool that will detect these duplicates, you will then have to manually go through thousands of pictures and delete them. This is rather annoying if you want to keep the originals locally stored, especially on a new device.",3,1537,5.24.0.350451811,2021-01-18 21:52:11,,,most_relevant,com.google.android.apps.photos,pretty good but the problem is that if you switch phones or restore a phone from a backup it will think all your images and videos you have are new ones and back them up twice since there is no tool that will detect these duplicates you will then have to manually go through thousands of pictures and delete them this is rather annoying if you want to keep the originals locally stored especially on a new device,Generic_Complaint,0.3724690604502087
50777,gp:AOqpTOFs7VECD800ujTvhoeuvxXxaGJKF2zl_DCNfQqlTIpbgA8RVykCabHCC7FtAGL1br82dWn2fJHVaLWuDxg,Ted Marshall,https://play-lh.googleusercontent.com/a-/AOh14GisqXMF2vsVSRqxwnflqRxC5lJoKzHHwV9Lw_DxBQ,"I'm having the same problem as Bianca. My business is verified, but has been stuck in a pending status for weeks now. My listing does not appear in Google Maps either. My phone call and long wait for help was met with a hangup of the phone on the other end. Don't know what to do besides wait until someone finally reviews it. Meanwhile, I'm trying to reach out to my customer base the old fashioned way... In 2019. Please help, Google.",3,25,3.8.0.252712295,2019-07-04 19:01:14,"Hey Ted,

Thanks for your feedback. We’d love to help, but need some additional information. To get in touch with our support team, go to our help center (https://support.google.com/business), and click “Contact us.” Or, reach out to us on our social channels: Twitter (@GoogleMyBiz) or Facebook (facebook.com/googlemybusiness).",2019-07-09 18:53:49,most_relevant,com.google.android.apps.vega,im having the same problem as bianca my business is verified but has been stuck in a pending status for weeks now my listing does not appear in google maps either my phone call and long wait for help was met with a hangup of the phone on the other end dont know what to do besides wait until someone finally reviews it meanwhile im trying to reach out to my customer base the old fashioned way in 2019 please help google,PERFORMANCE_BUG,0.3730260913595574
5203,gp:AOqpTOGEuVN1NiNwyNcoCnxveqW3Ijxg0PhZ3UENOoejhOEV7L000QOeJxGkQPl0BwU5-06S-3-mvTiTZxiaaw,Desert Rain,https://play-lh.googleusercontent.com/a-/AOh14Gjf-6JgTSt_1veG2Zm112HrVphyNSnfs0-3-C078Q,"Trying to delete an account is way to much hassle if your connection is lost in the process of waiting forever!! I went back and tryed as it said to log back in and kept getting tons of captcha codes. What a bunch of garbage!!!!!!😬 then it tell's me to check my connection when it was Good!!! Can't you guys do better than this?? I don't need to waste hours on nothing!!!!!! All those captcha codes, Seriously??",3,227,12.1.9.23.arm,2021-01-27 09:57:51,,,most_relevant,com.google.android.googlequicksearchbox,trying to delete an account is way to much hassle if your connection is lost in the process of waiting forever i went back and tryed as it said to log back in and kept getting tons of captcha codes what a bunch of garbage then it tells me to check my connection when it was good cant you guys do better than this i dont need to waste hours on nothing all those captcha codes seriously,LOGIN_BUG,0.37462080373804985
57726,gp:AOqpTOFTorYuBp24-nsNHIpaglM5FSizDhPIDKXivkSwPLso355BbkX6Z7JW-XGkKKoktKugZqbfVl3Gqe9HhA,Anthony Dowling,https://play-lh.googleusercontent.com/a-/AOh14GgN2lHAVhXUDh4bAu7G2T6-hXY95jrwpBwPDZ5w5g,"Great when it works. Support from Google seems non existent. Same as others here, app no longer opens or responds to voice. Support email not monitored & Google usually give a standard reply of were working on it. Been weeks now.",2,0,0.1.187945513,2021-01-29 10:09:00,"Thank you for letting us know about this issue, Anthony, and your patience as we fixed the problem. We appreciate it! The Google Assistant App should now be working as usual.",2021-02-04 11:23:24,most_relevant,com.google.android.apps.googleassistant,great when it works support from google seems non existent same as others here app no longer opens or responds to voice support email not monitored  google usually give a standard reply of were working on it been weeks now,LOGIN_BUG,0.37489760367798225
81498,gp:AOqpTOGwFco_ZRxEF5Rb2gigGqVt3gycGqUsR9NuvIh-qqA77VdDjWKC9UuJqm99KZYSPFA10lBMTQcu2OYuYwk,Anton Greeff,https://play-lh.googleusercontent.com/a-/AOh14GhZszO4UMLX85wWWgnduNIQuMy7z1r7VKVS55NMUg,I've been paying for additional space for a couple of months and I cannot access back up settings. It keeps on telling me to try again but keeps on giving me the same error. I've contacted Support a couple of times and promises were made that it would be escalated to a higher level. This was just after lockdown in SA. I still have had no resolution but my subs are debited religiously. Maybe get support to be as proactive as accounts are.,1,1332,1.81.345513717,2020-12-27 16:36:05,,,most_relevant,com.google.android.apps.subscriptions.red,ive been paying for additional space for a couple of months and i cannot access back up settings it keeps on telling me to try again but keeps on giving me the same error ive contacted support a couple of times and promises were made that it would be escalated to a higher level this was just after lockdown in sa i still have had no resolution but my subs are debited religiously maybe get support to be as proactive as accounts are,LOGIN_BUG,0.37681940747236836
54180,gp:AOqpTOF0Lgeav48dVRyPgDm0sio1N0fKab9mn0gv9e2GK3AJHwS4q8kauf74iklgQ6QOmNOPHPCdmSae5yF2RYM,Eliyahu Shatz,https://play-lh.googleusercontent.com/a-/AOh14GhaYhMgyaOAlPAssDxBlZMWF1tvCopbZAZ2pOeqe5k,"is there a way you guys can put this on desktop or something like that... using the google image search or whatever that is, isnt exactly the same thing as google lens... maybe update your website or something, and maybe make it like an app like the way you did it with google photos or something like that... or could you put it in the google photos app or something like that it would really help... maybe do one of those things where u copy and paste the image or the image link.",2,3,1.11.200504009,2020-09-26 01:08:10,,,most_relevant,com.google.ar.lens,is there a way you guys can put this on desktop or something like that using the google image search or whatever that is isnt exactly the same thing as google lens maybe update your website or something and maybe make it like an app like the way you did it with google photos or something like that or could you put it in the google photos app or something like that it would really help maybe do one of those things where u copy and paste the image or the image link,PERFORMANCE_BUG,0.37732964834826715
5312,gp:AOqpTOFGXPYRJFpQ3vWjE3Tv8otP34k8RXh6lVT0gH-NzbyC2kwZtYg35WxYHLe1VSQnlrkoP-qKjMbQCc1z-w,Scott Smeltser,https://play-lh.googleusercontent.com/a-/AOh14GhaKGP-HMvleR315F8RuOB7WHmFsZ1cic1j-p7P6AQ,"Is there any possible way to get the start sound back on my Android phone? When I say hey Google I would like an audible notification chime to let me know that the assistant is listening. Why has it been disabled? Can someone please tell me if there's an update coming to fix it or a workaround? On Google home or Google nest, there is literally a toggle for the start sound and the stop sound. Why not the same option for the assistant on Android phones?",3,64,11.38.8.23.arm64,2020-12-13 20:48:17,,,most_relevant,com.google.android.googlequicksearchbox,is there any possible way to get the start sound back on my android phone when i say hey google i would like an audible notification chime to let me know that the assistant is listening why has it been disabled can someone please tell me if theres an update coming to fix it or a workaround on google home or google nest there is literally a toggle for the start sound and the stop sound why not the same option for the assistant on android phones,PERFORMANCE_BUG,0.37740570335328716
16787,gp:AOqpTOFjEBWIrA8AUPDu8V6Nnh7NTtVr8v1P_P0j0fSte9C4AGKuYVAnshmkEC5TtgzJNPAiqS1qrXWP56IENDQ,Susie Kruzlics,https://play-lh.googleusercontent.com/a-/AOh14GivIHEZubj_lc2BDLN4-9hIxkMSMBnP6fNrsaehIQ,"I have a Google Pixel 3A. When I purchased the phone, editing my owned sheets on my phone was no problem. Then, spontaneously, I lost editing options on my phone, even though I had no issues editing on a computer. This is especially bizarre because these sheets are owned by me, and there is no other account accessing them. A search online suggests many other Pixel users are encountering the same unresolved issue. Clearing cache, restarting the app / phone, reinstalling are also unsuccessful.",3,101,1.20.302.02.40,2020-08-16 18:35:18,,,most_relevant,com.google.android.apps.docs.editors.sheets,i have a google pixel 3a when i purchased the phone editing my owned sheets on my phone was no problem then spontaneously i lost editing options on my phone even though i had no issues editing on a computer this is especially bizarre because these sheets are owned by me and there is no other account accessing them a search online suggests many other pixel users are encountering the same unresolved issue clearing cache restarting the app  phone reinstalling are also unsuccessful,LOGIN_BUG,0.3774308755307924
53047,gp:AOqpTOHorz4DA5tdP2vEvbFQbspGyAN7bHERJ4ql3zyn7xVJ-PPv9YrF3u0GzT25B_5yBOrtdqSHHxjYWrF78iM,Eoghan Kelly,https://play-lh.googleusercontent.com/a-/AOh14Gj5EASNNylBtyWlkmvz2bKCmQIRs4OhaFt1d3RGbA,"2 chromebooks managed by familylink for kids to use for education. They are now in full time home education due to covid and school uses google classroom. School post YouTube videos as classes which cannot be accessed by a chromebook associated with familylink account, despite having ytkids app installed. YouTube is pushed as an education resource for teachers and familylink (and ytkids) as a way to keep kids safe online. But u can't have both. Google engineers please think this out.",2,3,1.70.0.Y.344120469,2021-01-09 23:57:03,,,newest,com.google.android.apps.kids.familylink,2 chromebooks managed by familylink for kids to use for education they are now in full time home education due to covid and school uses google classroom school post youtube videos as classes which cannot be accessed by a chromebook associated with familylink account despite having ytkids app installed youtube is pushed as an education resource for teachers and familylink and ytkids as a way to keep kids safe online but u cant have both google engineers please think this out,LOGIN_BUG,0.377611063772858
52961,gp:AOqpTOHorz4DA5tdP2vEvbFQbspGyAN7bHERJ4ql3zyn7xVJ-PPv9YrF3u0GzT25B_5yBOrtdqSHHxjYWrF78iM,Eoghan Kelly,https://play-lh.googleusercontent.com/a-/AOh14Gj5EASNNylBtyWlkmvz2bKCmQIRs4OhaFt1d3RGbA,"2 chromebooks managed by familylink for kids to use for education. They are now in full time home education due to covid and school uses google classroom. School post YouTube videos as classes which cannot be accessed by a chromebook associated with familylink account, despite having ytkids app installed. YouTube is pushed as an education resource for teachers and familylink (and ytkids) as a way to keep kids safe online. But u can't have both. Google engineers please think this out.",2,3,1.70.0.Y.344120469,2021-01-09 23:57:03,,,most_relevant,com.google.android.apps.kids.familylink,2 chromebooks managed by familylink for kids to use for education they are now in full time home education due to covid and school uses google classroom school post youtube videos as classes which cannot be accessed by a chromebook associated with familylink account despite having ytkids app installed youtube is pushed as an education resource for teachers and familylink and ytkids as a way to keep kids safe online but u cant have both google engineers please think this out,LOGIN_BUG,0.377611063772858
55130,gp:AOqpTOGl7-2gGXwvHNC_YgO-umflZbrQuAMif0XGWDbnAIl0GT9XequbtG5Lz3EBmEWHMT_4FpefvR35StENKgk,Daft Cheese33,https://play-lh.googleusercontent.com/a-/AOh14GiKRx9Ao6_v21xjDdzaP33Slp7c7ZMlH2sKlU11AQ,I wouldn't give this to my lil Nephew bc it's dumb ok i understand why you have math to unlock the stuff for the parents but I hate the fact that it has music on home page hate that weird animation when you start the app look my nephew is 5 and he doesn't even watch those types of videos bc their to much for baby's even if you make an account and set up your favorite channel it's to babyish I set that thing to 8/12yrs and it was still to babyish look I would rather put him with regular youtube,1,71,5.42.1,2020-12-09 07:21:29,,,most_relevant,com.google.android.apps.youtube.kids,i wouldnt give this to my lil nephew bc its dumb ok i understand why you have math to unlock the stuff for the parents but i hate the fact that it has music on home page hate that weird animation when you start the app look my nephew is 5 and he doesnt even watch those types of videos bc their to much for babys even if you make an account and set up your favorite channel its to babyish i set that thing to 812yrs and it was still to babyish look i would rather put him with regular youtube,LOGIN_BUG,0.37870971831010475
67866,gp:AOqpTOGkCot3nmJ1SRvhVUOwdDU81L4_GhNv3F_onfyUHkimo4zv1fyu5p69Ryt8cPZv-tYOlye-CnWfuQYIRbE,Tom Killjoy,https://play-lh.googleusercontent.com/a-/AOh14GiD3Fce6DKaI-eKw4n_Q-q7MFuaH1RHKCxYAZ3l8Q,"I have a network bandit emulating my account it comes up as ""Android Device"" managing my device .. Now what gets me is that sometimes. I am that Anfroid Device! As it is labeled ""This Device!"" Crazy i know my bad but please inlighten me on this one. I have phones with other accountd that i cant dign in on. A few of them id like to keep and ill help delete these alias-accounts and G LLC and myself would br so much better off. Promise! Call write send a kite. Thanks",3,9,3.19.345244754.release,2020-12-25 11:37:50,,,newest,com.google.android.apps.searchlite,i have a network bandit emulating my account it comes up as android device managing my device  now what gets me is that sometimes i am that anfroid device as it is labeled this device crazy i know my bad but please inlighten me on this one i have phones with other accountd that i cant dign in on a few of them id like to keep and ill help delete these aliasaccounts and g llc and myself would br so much better off promise call write send a kite thanks,LOGIN_BUG,0.37887189220828
6328,gp:AOqpTOEMiqzNf3uA5CQDS55kyrpnJ82hQBbenD4bDOCu097stxtQYITOz9CZOje2vb6pwr0euxtMX-ixK9PDzg,Ryan Manning,https://play-lh.googleusercontent.com/a-/AOh14Gi4218wSVUb6ZSg-2dVQUO4Mq146ebBgY4X61gb,"I loved this app until my credit card was compromised and found multiple fraudulent transactions that were completed via the Pay app. I had to get a new card, get my money back (which was surprisingly easy!) and change a bunch of auto-pay accounts. Wish there was more attention paid to security, hopefully the new beta version will be more secure...",2,0,,2021-01-07 16:12:11,,,newest,com.google.android.apps.walletnfcrel,i loved this app until my credit card was compromised and found multiple fraudulent transactions that were completed via the pay app i had to get a new card get my money back which was surprisingly easy and change a bunch of autopay accounts wish there was more attention paid to security hopefully the new beta version will be more secure,LOGIN_BUG,0.3788733626691554
48153,gp:AOqpTOEOSQsqZiBVScZovv9rdx6dodY6qA99No_hkan1b_vDdGwYUbE2Kkd0KLcpEXc1QEy_OejRERXpCRYgnQ,M B,https://play-lh.googleusercontent.com/a-/AOh14Gi8DbmoNrkOUIosqqfAmnDNvj9qkOfB_uwjKKQ2-Q,"Horribly buggy app. I don't have experience with other smart homes but the many integrations it touts barely work. I still haven't been able to link my LG CX 65"" despite linking ThinQ account in the app and it also constantly drops connections to my Philips Hue bulbs (I have about 10 or so) that should work without a Hub. Seriously considering moving over to Alexa. Even after all these years, Smart Home is a frustrating, buggy gimmick.",2,14,2.32.1.5,2020-12-12 10:17:30,,,most_relevant,com.google.android.apps.chromecast.app,horribly buggy app i dont have experience with other smart homes but the many integrations it touts barely work i still havent been able to link my lg cx 65 despite linking thinq account in the app and it also constantly drops connections to my philips hue bulbs i have about 10 or so that should work without a hub seriously considering moving over to alexa even after all these years smart home is a frustrating buggy gimmick,LOGIN_BUG,0.3790087121834539
35119,gp:AOqpTOEbltaMHWYe7ogZAOWODO35G5YDP3KXnn2DaYVde31adInyGOlb5-hzke2nsQCicAJU6vMPwX2H4ss5YzE,Nick Splosh,https://play-lh.googleusercontent.com/a-/AOh14GjEssiQ-8b2EpD9UIUpcH5gYwlPVhMvAS13Iyf11Q,"Hello, I am having difficulties in sending emails from the app, either to reply or compose. Initially I assumed it is because I was using it through my mobile data, but even with Wi-Fi, I am having difficulties. This is quite troublesome, especially when I do not have access to a webpage. Help please?",3,0,2020.11.29.346182102.Release,2021-01-20 10:13:42,"That doesn't sound good, Nick. If you are not able to send emails, or emails are stuck in send, let's try the following steps from our help center: https://goo.gle/31k92ND. Have a good day!",2021-01-20 10:31:27,most_relevant,com.google.android.gm,hello i am having difficulties in sending emails from the app either to reply or compose initially i assumed it is because i was using it through my mobile data but even with wifi i am having difficulties this is quite troublesome especially when i do not have access to a webpage help please,LOGIN_BUG,0.3794009370712304
59159,gp:AOqpTOGgycjxLC2tvFTE4169_4e3A5ODpxM16-88bcUAW1KOa4i829SLwgwc8oqRp_3iKpdKD1IFfLPXYKueGg,GLADOS The Giant,https://play-lh.googleusercontent.com/a-/AOh14GgiH0f3fskiM5ba4DKx63oJ-PsVSraoyQzWaJujKQ,"easy to use, works well, if you decide to use this keep in mind that no phone=no access. 2 feature requests for google. 1. Wear OS app, enable this app to work on wear os, to make it more convenient. 2. Cloud backup. when my keyocera duraforce pro 2 broke (a defect by keyocera causing battery to explode) I ended up locked out of multiple accounts, and let me say, it was a nightmarebto get into them. except facebook who ignores any attempt to contact them",3,5,5.00,2019-06-15 17:03:01,,,most_relevant,com.google.android.apps.authenticator2,easy to use works well if you decide to use this keep in mind that no phoneno access 2 feature requests for google 1 wear os app enable this app to work on wear os to make it more convenient 2 cloud backup when my keyocera duraforce pro 2 broke a defect by keyocera causing battery to explode i ended up locked out of multiple accounts and let me say it was a nightmarebto get into them except facebook who ignores any attempt to contact them,PERFORMANCE_BUG,0.3799472089283725
34864,gp:AOqpTOHy_xLPphnN5i9gvm0kRLdaKWz9ytVIgR91GQcKNui5HW9kzrSlwHejQUrNks6llaf5l5WwfsrpLPypU20,DJC M,https://play-lh.googleusercontent.com/a-/AOh14Gilz2Qx8MVimbNDjggDD5BNeCIR8fgDcNWg5JG5dA,"If I was able to organize my emails that I do not want to delete or keep them in my inbox, into perhaps another folder that I can create, if the app allows me to. That would be money right there! I only gave 1 star so whomever job it is to review the ratings and comments can take notice and perhaps bring it to the higher ups to fix this. Other than that, 5 stars for the app.",1,0,2020.12.27.355085521.Release,2021-02-04 06:15:54,,,newest,com.google.android.gm,if i was able to organize my emails that i do not want to delete or keep them in my inbox into perhaps another folder that i can create if the app allows me to that would be money right there i only gave 1 star so whomever job it is to review the ratings and comments can take notice and perhaps bring it to the higher ups to fix this other than that 5 stars for the app,LOGIN_BUG,0.3806139890944566
56572,gp:AOqpTOFpKlEc3T7n1QbOFK2UzaoQvfdoVnL9eTaVHKQnlZSXGRkXNa5mAreCxViXforzaJSR0gW8Az-FIxrYbA,A Google user,https://play-lh.googleusercontent.com/EGemoI2NTXmTsBVtJqk8jxF9rh8ApRWfsIMQSt2uE4OcpQqbFu7f7NbTK05lx80nuSijCz7sc3a277R67g,"Very weak app. It lacks essential features such as turning Gps on and sending the location to our Google Account. It could be done by sending an sms that either locks the phone or enables gps and send the location to our google accaount. Also it needs to periodically enable gps and send the location. Please these features are crucial, add them",2,36,2.2.009,2018-09-23 11:33:23,,,most_relevant,com.google.android.apps.adm,very weak app it lacks essential features such as turning gps on and sending the location to our google account it could be done by sending an sms that either locks the phone or enables gps and send the location to our google accaount also it needs to periodically enable gps and send the location please these features are crucial add them,LOGIN_BUG,0.3809088666891427
48172,gp:AOqpTOGF53xIEO8wx7yqMALkpivAiGKz4w8S-4h9o5_S2vfN7Ef58o4GpRrWHwuLmFnUZWDmNGXawJjp0TLRbQ,LeAnn Wilson,https://play-lh.googleusercontent.com/a-/AOh14GjpSbjuNct6LYmR8ZujePsvhZblSi_vd0I0e7L6_Q,Set up and removal of devices can be a bit confusing. The ability to remove linked services can get stuck and you cannot remove the device from your home at all. When changing wifi networks getting devices and home back on track smoothly is impossible you gotta try and get rid of everything and start over.,2,6,2.32.1.5,2020-12-21 15:04:42,,,most_relevant,com.google.android.apps.chromecast.app,set up and removal of devices can be a bit confusing the ability to remove linked services can get stuck and you cannot remove the device from your home at all when changing wifi networks getting devices and home back on track smoothly is impossible you gotta try and get rid of everything and start over,PERFORMANCE_BUG,0.38132154568185084
52772,gp:AOqpTOG3Z3elXRJbr14MrANEDgkO4AZB_7ZrodL0weqj4fRjJxmlX-lOL6tEDgDBwD16g_ILCnR6jeQ-NBUQ8NU,Natalie Sedgwick,https://play-lh.googleusercontent.com/a-/AOh14Gj30dE3oXXxDL-_lQJL8JvJiTL0jPeal2ZM4A5W5A,"Do not touch, It was great at first but it started to play up more and more. The only thing we can do it delete the account. But this means my son will loose everything. Because he is under 13 this means games that can not be saved via google or Facebook will also vanish. He has spent a lot of time and some pocket money on some games and that will all be lost.",1,224,1.69.0.X.345475067,2020-12-15 12:54:29,,,most_relevant,com.google.android.apps.kids.familylink,do not touch it was great at first but it started to play up more and more the only thing we can do it delete the account but this means my son will loose everything because he is under 13 this means games that can not be saved via google or facebook will also vanish he has spent a lot of time and some pocket money on some games and that will all be lost,LOGIN_BUG,0.38139192159847757
6487,gp:AOqpTOFyhkGN5UujMErB8HIC_w6agVWzb8HnEyIXgFY_E5q8LlLCypbwSwZcgy2h3J9Q6WtLUkck_Q4wDHlpPA,Bart Elberg,https://play-lh.googleusercontent.com/-FmkrqI4QPVA/AAAAAAAAAAI/AAAAAAAAAAA/AMZuucmsSKPveds1jk_f39H71ruFHNy4Rw/photo.jpg,"Does NOT support boarding passes unless using a Pixel phone. Either support android generally or stop advertising the feature. Handles payments fine at supporting locations. Update: to clarify, only handles boarding passes if you pay for the ticket with Google Pay or take a screenshot of a boarding pass on Pixel phone.",3,7,2.117.332286456,2020-09-29 03:05:25,"Hi Bart. You can find the steps for saving boarding pass here: https://goo.gle/2MxU28H. If you have any trouble, we're happy to help you directly. Visit: https://goo.gle/2rva9fU and let us know we responded to your Play Store review. Thanks!",2020-09-28 23:40:25,most_relevant,com.google.android.apps.walletnfcrel,does not support boarding passes unless using a pixel phone either support android generally or stop advertising the feature handles payments fine at supporting locations update to clarify only handles boarding passes if you pay for the ticket with google pay or take a screenshot of a boarding pass on pixel phone,UI_BUG,0.38211943281075644
59191,gp:AOqpTOG6MOxZsRaCsJEQz-p_bHD-z1rvIoBGborwE3_Rn9ueMGhmYM72CibKg86h7jYsyhcifXs1fTBZXzuwKA,William Crawford,https://play-lh.googleusercontent.com/a-/AOh14Ggc2yocCFOFqyaBOu46xARFGuNSA10xN9c4q7Y0OQ,I would give this app a 5 star if you could export the secret key when moving to a new phone. My suggestion is to add an export feature for the secret key (password protected of course). Would make like easier when transferring the app to a new phone or when resetting a phone.,3,9,5.00,2019-01-18 04:35:45,,,most_relevant,com.google.android.apps.authenticator2,i would give this app a 5 star if you could export the secret key when moving to a new phone my suggestion is to add an export feature for the secret key password protected of course would make like easier when transferring the app to a new phone or when resetting a phone,LOGIN_BUG,0.383935813411567
56371,gp:AOqpTOEK0svvuY14NTrQNbKgDXsy09OAvydfKtDJt3nfW_fQJmSpxws4AOz-PHVAHEWzA0v_mPYAg3OkggQ7fA,Ronald Hanggawan,https://play-lh.googleusercontent.com/-xxpuG5gykBg/AAAAAAAAAAI/AAAAAAAAAAA/AMZuucnaFcv79CpUUmNBtED9n-kK9R_5Bg/photo.jpg,"Getting worse is there something wrong? It was working properly, only found trouble when it was no strength mobile signal available, but it was history, before it can be use to track another phone with a same email on it, but recently it won't work as before, pls fix it",1,30,2.4.033,2021-01-04 09:50:42,,,most_relevant,com.google.android.apps.adm,getting worse is there something wrong it was working properly only found trouble when it was no strength mobile signal available but it was history before it can be use to track another phone with a same email on it but recently it wont work as before pls fix it,LOGIN_BUG,0.3840689604965074
49629,gp:AOqpTOFbAm4jYEM8VXgmKFygYyiNHxa8K_JMzuCjWQrqDrGGLe2gc2dv-dBS5mY3r4qQTBxBEIYl7lA3jQiHYg,Simone Judon,https://play-lh.googleusercontent.com/a-/AOh14Gi4Q4TOY1sTvkt51zMmA9-OVt2fdCSLF9-31qeRqA,My calls don't ever come through but I do get the missed call notifications. Why are my notifications blocked/grayed out and I am unable to change them? This only began recently when I switched to a new phone. Calls were still going through to my old phone so I deleted duo on that device and nothing. Deleted duo on this device then added it back and still nothing. Then the developer email is disabled so no help there.smfh. I wish there was a solution to this known issue🙄,3,9,117.0.346887590.DR117_RC06,2020-12-30 14:16:52,"Hi, Simone. It looks like you're having trouble with missing or delayed call notifications. Check out this Help Center article for assistance https://goo.gle/2SzISn8 . If you're still experiencing issues, please submit a feedback within the Duo app by tapping the three-dot menu in the top right corner - Help & Feedback - Send Feedback. Thanks!",2021-01-02 21:37:37,most_relevant,com.google.android.apps.tachyon,my calls dont ever come through but i do get the missed call notifications why are my notifications blockedgrayed out and i am unable to change them this only began recently when i switched to a new phone calls were still going through to my old phone so i deleted duo on that device and nothing deleted duo on this device then added it back and still nothing then the developer email is disabled so no help theresmfh i wish there was a solution to this known issue,LOGIN_BUG,0.3844163711443536
58700,gp:AOqpTOHv46oDzhUKsACIMdqEb6fH2bzTxMRtYZzPbW8aXnvGY_k09bBGHvi7M80fYaJysPs-J_xVGQm894bF3g,Ryuu Aozora,https://play-lh.googleusercontent.com/a-/AOh14GiP5Ww2q5xELX1hMSx8WAybE5GBLEwGtpINeo_z0A,"My old phone stopped working and now I cannot log into anything that I have two step set up for.while I understand that it's a security thing, it's incredibly frustrating to have to contact every single website that I have used to this app for to get back into my account. This is going to take a long time for a lot of people who have no idea that this is going to happen if they lose their phone or their phone stops working or having forbid they uninstall the app.",1,134,,2021-01-25 20:41:18,,,most_relevant,com.google.android.apps.authenticator2,my old phone stopped working and now i cannot log into anything that i have two step set up forwhile i understand that its a security thing its incredibly frustrating to have to contact every single website that i have used to this app for to get back into my account this is going to take a long time for a lot of people who have no idea that this is going to happen if they lose their phone or their phone stops working or having forbid they uninstall the app,LOGIN_BUG,0.38476710588883617
5322,gp:AOqpTOE24AkKcQjJdQ0Cax1tTaPaIn_JXHBHjjaL9uQjk0XizEoWgUtaS4CPYN6t1crr70ijLkKhxYYQd1ApOA,Abdulrahman Alrubaish,https://play-lh.googleusercontent.com/a-/AOh14GhXkBmDMI23_IctpzD3nldBIfN955YupT8nXGBxKA,"The app is a bit laggy and sometimes inverts colors of images by itself. Also I'm not able to change the calendar when searching it will show dates in different calendar than the one I want, I think it's based on location but we should be able to choose which calendar we want to use.",3,57,11.38.8.29.arm64,2020-11-30 22:01:36,,,most_relevant,com.google.android.googlequicksearchbox,the app is a bit laggy and sometimes inverts colors of images by itself also im not able to change the calendar when searching it will show dates in different calendar than the one i want i think its based on location but we should be able to choose which calendar we want to use,PERFORMANCE_BUG,0.38512270523196696
2833,gp:AOqpTOE6J5T6PGkvxazo6r1-OmrNOOPUncyVvV2QmJP18GDOAwCZ2FKhGEOrWoLAZda4uzzJQVQ36xmiTjOTGlM,suresh shetagar,https://play-lh.googleusercontent.com/-1zvKDXPmM5M/AAAAAAAAAAI/AAAAAAAAAAA/AMZuucl5Btq18EVMojPWu_B4Jbdz_ci2EQ/photo.jpg,It's good but its ui is old and we can't react to the messages and even cant reply to the particular message. And the basic ui mode is dumb we want customizable colors and pictures. We cant upload mp4 by simple way like photo. And the contact name doesn't change as in google contacts but duo does it. Please fix and add these features google.,3,24,36.0.340725045,2021-01-01 09:25:53,,,most_relevant,com.google.android.talk,its good but its ui is old and we cant react to the messages and even cant reply to the particular message and the basic ui mode is dumb we want customizable colors and pictures we cant upload mp4 by simple way like photo and the contact name doesnt change as in google contacts but duo does it please fix and add these features google,PERFORMANCE_BUG,0.3858933292113158
62786,gp:AOqpTOHbdIhfwtMWYhbayQzT9Ty-UrYEbxur1kNbR6-J1oZJtsv15fx6D76fBTT8K9bH0qrKn-FQ6EdAF4SdXQ,Dustin Hawn,https://play-lh.googleusercontent.com/a-/AOh14GgUUZP7enmMOlPducTRC3ZPogZnL3aDts1C8f20X_w,"Forced to moved to this app from hangouts on Google Fi. It's ok, but doesn't a way to automatically copy and paste login codes from new message notifications. I now have to actually open the message and manually remember these codes and type them in. This is just one of many huge steps backwards I'm making having to switch to this app. Why can't we just have Google Talk over jabber/xmpp anymore?",3,0,7.0.039 (Groot_RC09.phone_dynamic),2021-01-24 19:31:12,,,most_relevant,com.google.android.apps.messaging,forced to moved to this app from hangouts on google fi its ok but doesnt a way to automatically copy and paste login codes from new message notifications i now have to actually open the message and manually remember these codes and type them in this is just one of many huge steps backwards im making having to switch to this app why cant we just have google talk over jabberxmpp anymore,LOGIN_BUG,0.38652787730640087
59267,gp:AOqpTOG5DY6vu-yNyO3f3YbYU3bPvmo7F20jOGaipKk6GzO_IRB8ZUENyPiG4TLKIxS_j_WGCmAzDtcMxPQ5Uw,Channavaram Manoj Kumar,https://play-lh.googleusercontent.com/a-/AOh14GjE0cwZ5pInjrioKq1twpKdaRMzDq1uWYdm0MnlzQg,It lacks in completly mentioning the ID and complete profile of generating code. Includes only six digits.cant be removed even after the account is suspended it goes on generating wisely. Charges are applied for mfa in other resources. Good performance,3,1,5.10,2020-06-11 15:03:09,,,most_relevant,com.google.android.apps.authenticator2,it lacks in completly mentioning the id and complete profile of generating code includes only six digitscant be removed even after the account is suspended it goes on generating wisely charges are applied for mfa in other resources good performance,LOGIN_BUG,0.38672233868600303
50514,gp:AOqpTOGW0tebqQ14HhIJxNLb_t2TAkzdh7rBHk41JtneDtey5fiwwLGViZvegpvbzjiVPmW9DGJA-NzWuqfj4XQ,Harsh Saxena,https://play-lh.googleusercontent.com/a-/AOh14GjMBSFYFQ6WcMRF26NfjDRM8SrSwlU--mIgrOuZ,Useful but painful. 1. Has no integration between multiple locations of the same business. Each common problem has to be dealt with separately for each location. 2. Has no option to categorize photos based on events or pin posts or inform customers of other locations. 3. Doesn't give notifications when a customer sends a message. Despite all my settings being optimal. 4. Doesn't provide any option to reject updates done by other people to the business information.,2,537,3.29.0.331243412,2020-10-24 06:22:23,,,most_relevant,com.google.android.apps.vega,useful but painful 1 has no integration between multiple locations of the same business each common problem has to be dealt with separately for each location 2 has no option to categorize photos based on events or pin posts or inform customers of other locations 3 doesnt give notifications when a customer sends a message despite all my settings being optimal 4 doesnt provide any option to reject updates done by other people to the business information,PERFORMANCE_BUG,0.3868673891935706
38537,gp:AOqpTOGEPRu5UFH0LgC8tqN3UhCfax0XRRJp0-I7vRZc1nwZpTx8-E71pDyOOmp22SLKo4DJpmsBu8yvUo3AyFo,Angela Franklin,https://play-lh.googleusercontent.com/-GQTgvjI8BX4/AAAAAAAAAAI/AAAAAAAAAAA/AMZuucnhACdLyp-o6VtixK5fX3WhNr7KIw/photo.jpg,this app had me encrypt my phone an i thought I was adding like a 4 digit lock code. after i done that it automatically shut down and wanted a password to open the phone. i was down to my last 7 trys and I luckily remembered a password that I had set only a couple of times. it was going to shut my phone off and wipe all data. and more or less it did i had to reload everything.,2,176,7.3.0.239841594,2019-04-06 16:22:56,,,most_relevant,com.google.android.marvin.talkback,this app had me encrypt my phone an i thought i was adding like a 4 digit lock code after i done that it automatically shut down and wanted a password to open the phone i was down to my last 7 trys and i luckily remembered a password that i had set only a couple of times it was going to shut my phone off and wipe all data and more or less it did i had to reload everything,PERFORMANCE_BUG,0.3876329928810072
35218,gp:AOqpTOHSlvXp9niGA2Yo3q1d1QXVq0QepMiy79D_ZnlT2YpD74N49q_gAOx9z0GCcbrBLTqpdkR43dr_xH2_2W8,Megan H,https://play-lh.googleusercontent.com/-imHfXrddD6g/AAAAAAAAAAI/AAAAAAAAAAA/AMZuucnls0KVSYI6Gv7Us9B5iglnTwf5UA/photo.jpg,"I would like to give more stars but this mobile app is still lacking the feature of adding a list of ""labelled"" contacts into cc and bcc fields with one click or shortcut. Adding email address one by one into cc and bcc fields is troublesome. Using Contacts app to insert a list of labelled contacts into bcc and cc is not supported; it is frustrating that Google Contacts app can only insert group list into the To field. I shouln't need to log onto Gmail web version just for sending cc/bcc emails",3,2,2020.10.18.341076532.Release,2020-11-14 17:44:15,,,most_relevant,com.google.android.gm,i would like to give more stars but this mobile app is still lacking the feature of adding a list of labelled contacts into cc and bcc fields with one click or shortcut adding email address one by one into cc and bcc fields is troublesome using contacts app to insert a list of labelled contacts into bcc and cc is not supported it is frustrating that google contacts app can only insert group list into the to field i shoulnt need to log onto gmail web version just for sending ccbcc emails,LOGIN_BUG,0.38778262045669937
8632,gp:AOqpTOFfnoZH9P5R02RI0JpGPeCSj0O8BYffzG6YcI-hFMzD1dExUdN0ao-cpQbt6QT6T0V5e_3plMMYsLdUaQ,Buba Kryszak,https://play-lh.googleusercontent.com/-NlhnV9H4Vrc/AAAAAAAAAAI/AAAAAAAAAAA/AMZuucmq2uYIfeE6xoSi8O510Fd3D-artQ/photo.jpg,Used to love the calendar until Nov. 2020. Not only is it more difficult to enter events but also the ability to have addressed automatically found when you enter a location. Prior to Nov. 2020 and loading this on my new Samsung phone I could enter a few words in the location bar and the address would automatically pop up. Now the only things that pop up are previous locations. It was very helpful to have that feature. It would also sync with Waze for navigation. What happened??,2,80,2020.48.5-347345946-release,2020-12-30 16:28:12,"Hi there. Try updating your Google Calendar app to the latest version. Also, we recommend refreshing your calendar app by tapping ""More"" in the top right and then ""Refresh"" to see if this resolves the issue. For further help, please create a new thread in our Google Calendar Help Community for our experts to review: https://goo.gle/2QnxTMN. Thanks.",2020-12-30 17:27:35,most_relevant,com.google.android.calendar,used to love the calendar until nov 2020 not only is it more difficult to enter events but also the ability to have addressed automatically found when you enter a location prior to nov 2020 and loading this on my new samsung phone i could enter a few words in the location bar and the address would automatically pop up now the only things that pop up are previous locations it was very helpful to have that feature it would also sync with waze for navigation what happened,PERFORMANCE_BUG,0.3883389802116735
50519,gp:AOqpTOGTamuqxYZnUw0QlNWWdRjvbLW62SFiT-Nex8rrm0WyM1REWDv_wD3b7CQs_y2ZkqOPPxENIBLsj9xZtOM,Tracey S,https://play-lh.googleusercontent.com/a-/AOh14GgyJWELWA-mNU0KMeJWhWvveovyHB1CgCFoOh5IrA,"I received an email with a question from a customer; the message prompts me to reply in the GMB app but the message is not showing up there or anywhere else. I have no contact details for the customer so have no way of actually responding. A quick online search shows this is a common issue so if you are considering using this, I would suggest switching off 'receive messages' as customers will presume you're ignoring them",2,22,3.29.0.331243412,2020-10-13 07:18:26,,,most_relevant,com.google.android.apps.vega,i received an email with a question from a customer the message prompts me to reply in the gmb app but the message is not showing up there or anywhere else i have no contact details for the customer so have no way of actually responding a quick online search shows this is a common issue so if you are considering using this i would suggest switching off receive messages as customers will presume youre ignoring them,LOGIN_BUG,0.38908867505811306
39502,gp:AOqpTOFBZzTfhKDXF1PPAGPp_fNtOSsrKZZ5CutVnqp2h8g22N6wVhIDeOgnXD_pmHCVwnblDngDQ5abvehkAA,Chris Deacy,https://play-lh.googleusercontent.com/a-/AOh14GifOjvhJvoyjFiC-MOXkoOHD_NdwYhVNyl3dL92HQ,"What a disappointment. I am a longtime chromecast and ""Movies and TV"" user and since the change to ""Google TV"" and the newest Chromecast I have lost my faith in Google products. The chromecast itself is such a laggy, buggy hot mess, and even the casting experience to it isn't reliable. Wish I didn't have years of movies purchased through Google and the switch to a different service was easier, but oh well",1,234,4.24.17,2021-01-12 01:25:01,,,most_relevant,com.google.android.videos,what a disappointment i am a longtime chromecast and movies and tv user and since the change to google tv and the newest chromecast i have lost my faith in google products the chromecast itself is such a laggy buggy hot mess and even the casting experience to it isnt reliable wish i didnt have years of movies purchased through google and the switch to a different service was easier but oh well,PERFORMANCE_BUG,0.3893973833840766
32310,gp:AOqpTOEcqqczkamV7c1w179sm7WDx9_WjeIxSrwbFC5zJGpKr2fOeW9_gwib7P1cXe0T9NiUdC7eAlPvMOdJhNA,Heather Karsko,https://play-lh.googleusercontent.com/-oEeNO4EGNt8/AAAAAAAAAAI/AAAAAAAAAAA/AMZuucluR2h5E39g1CoWdGQ8uTAZGbWQZQ/photo.jpg,"I had organized all my photos and screenshots in albums in the Gallery then decided to back up to Photos and it took ALL of my photos out of the Gallery and put it all in 'Camera', completely losing the 17 albums created. Checked Photos storage after backing up and it said it used 738MB out of 15GB (4% full) . I deleted over 1000 photos and now my storage says 4.5GB used out of 15GB (29% full). Update: Dates and pictures are out of order after restoring some back to Gallery",1,10,5.26.0.352644055,2021-02-01 04:01:08,,,most_relevant,com.google.android.apps.photos,i had organized all my photos and screenshots in albums in the gallery then decided to back up to photos and it took all of my photos out of the gallery and put it all in camera completely losing the 17 albums created checked photos storage after backing up and it said it used 738mb out of 15gb 4 full  i deleted over 1000 photos and now my storage says 45gb used out of 15gb 29 full update dates and pictures are out of order after restoring some back to gallery,UI_BUG,0.38946257921455457
20469,gp:AOqpTOGfqRQjoMqLPLEQHP0ImGptnKGgZJ52neZInP6xGqnbedNHDKmPJ7cC6kmxlaJ71-mppgLGW9U4NHwrmxY,Alice Zhang,https://play-lh.googleusercontent.com/a-/AOh14Gj6280gsJSM6WQ-UWVQ3w5bo05Rkfjxe8hITIkUng,"This is an okay camera. The reason for the 3 stars, is because of what options it gives you. It doesn't have slow motion or time lapse, and the panorama doesn't work that well. However, when I come back to the Play Store, the pictures show a lot of options that i don't have. Is it just my phone or is this supposed to happen. Either way, I would love for there to have more options to choose from. Also for editing photos, it doesnt give me a pen to draw over photos either. That's not that helpful.",3,0,4.2.035.141213305,2019-07-11 21:57:29,,,most_relevant,com.google.android.GoogleCamera,this is an okay camera the reason for the 3 stars is because of what options it gives you it doesnt have slow motion or time lapse and the panorama doesnt work that well however when i come back to the play store the pictures show a lot of options that i dont have is it just my phone or is this supposed to happen either way i would love for there to have more options to choose from also for editing photos it doesnt give me a pen to draw over photos either thats not that helpful,PERFORMANCE_BUG,0.3894881764508161
12753,gp:AOqpTOEv8gSRGw6TfUJuGXtQE7yZQhtjiiUnuMnfa6SGFEKErt4aQVnTGTtAJuOVU8poibCx3w_criudBG8wvw,Diana B,https://play-lh.googleusercontent.com/a-/AOh14GhLjDSVf5gsfWoGDakS4fqizxfwVBcD3VobiJYeSQ,"It's not very helpful and it keeps saying when I try to sign into another account, it will deactivate a lot of things and basically take control of my tablet. I never activate it because I'm scared it'll mess something up. Should I activate it?",3,0,,2017-09-21 20:00:07,,,newest,com.google.android.apps.enterprise.dmagent,its not very helpful and it keeps saying when i try to sign into another account it will deactivate a lot of things and basically take control of my tablet i never activate it because im scared itll mess something up should i activate it,LOGIN_BUG,0.38948819091355213
33532,gp:AOqpTOG-Qap973t8q4iuFJh15_b6ioZyTvnXJiZTQ_g2m8PEq1DDNmK1oTe-wnd-H_-oDscXkAT-l9qYgmrBlA,Eugene Dominic Andaya,https://play-lh.googleusercontent.com/a-/AOh14Gj9DF3jhX_XbU9ABB6VqpM4Vu8IswH9IoP3xhNc6A,"Still can't switch gmails while playing games. I keep turning on the sign in to games with this acc. for all emails so that I can switch between my acc. in a game. It keeps on turning it back of. Therefore, I can only use one gmail? Fix that.",1,562,2020.11.22814 (348073629.348073629-000408),2020-12-22 05:58:33,,,most_relevant,com.google.android.play.games,still cant switch gmails while playing games i keep turning on the sign in to games with this acc for all emails so that i can switch between my acc in a game it keeps on turning it back of therefore i can only use one gmail fix that,LOGIN_BUG,0.38998725455952804
68332,gp:AOqpTOH5G4SDGWcn2njnvno86eWouQ2h95va1t_UbqOgZjJNcwtDqz52eJaKeJyGZmsEQO9R5s-KmbFPrTl_RA,Sai Theja,https://play-lh.googleusercontent.com/a-/AOh14GgQ64N01lVrAxOe3l5Vs53mwYmCXuksfj3iTWwRoQ,Google assistant isn't working I tried everything. The app base for wear os isn't good. I paid for a app called documents for wear os by appfour or something and money was taken from account but didn't get the app on phone or wear os(I mean that it's asking to pay again). The location that Google assistant on my watch is showing is also wrong when I asked for restaurants near me city and state were correct but the zipcode was wrong. I kept the gps and aside gps on.,1,0,2.43.0.344410213,2021-01-06 17:40:15,,,most_relevant,com.google.android.wearable.app,google assistant isnt working i tried everything the app base for wear os isnt good i paid for a app called documents for wear os by appfour or something and money was taken from account but didnt get the app on phone or wear osi mean that its asking to pay again the location that google assistant on my watch is showing is also wrong when i asked for restaurants near me city and state were correct but the zipcode was wrong i kept the gps and aside gps on,LOGIN_BUG,0.3905009609929212
92686,gp:AOqpTOF32OE4FBgoJbZidZVGAaphZC3wU2hHfT7wLYt7jqCbEkVZlBVpM4KakBXWa20hQciOyFivpUoR8sW0tQo,Omer Shitrit,https://play-lh.googleusercontent.com/a-/AOh14Gh2fQwoQ5qE-bT7Z-sMbqvB3hqVZp6dX-WC1_M2,"Since I switched to a new Galaxy s20, I can no longer login!",1,0,4.1.343874755,2020-12-05 15:59:29,Thank you for your feedback. We apologize for the inconvenience. The app should be available on all devices. Please contact us at analytics-app-feedback@google.com with more details so that we can help resolve the issue. Thanks!,2020-12-07 19:35:44,most_relevant,com.google.android.apps.giant,since i switched to a new galaxy s20 i can no longer login,LOGIN_BUG,0.39052389048653746
52009,gp:AOqpTOGYET4ZRg07KTutYXxw9_yVvla89474zHeZLLI7jO5GtLqepgrqE0XSg2QjveynrPAUwcTEAyaBjijsdMo,Mark Davies,https://play-lh.googleusercontent.com/a-/AOh14Gi2_nzyiGSq0hp6R6Z7hOOU2FECSnU3yuoZXkPyHA,"I would like the ability to lock time limits to stoo binging on games, like on iOS Screentime. I'd get someone I trust to set the password. Otherwise, it's too easy to cheat when feeling weak-willed.",3,3,1.0.254929558,2019-07-28 00:29:19,,,most_relevant,com.google.android.apps.wellbeing,i would like the ability to lock time limits to stoo binging on games like on ios screentime id get someone i trust to set the password otherwise its too easy to cheat when feeling weakwilled,UI_BUG,0.39062145000078924
22697,gp:AOqpTOGn8WKS_21j4SflBoJfAZY-TdmN4NVc2xZGnh-cnhL-5Mq5K6bHjJ5kllza9JUmn-OL2wJcmA8afktsdA,Ashique Hassan,https://play-lh.googleusercontent.com/a-/AOh14Gj_GLnpzXluWRFw2E1lkK7CfBO97Oc2bIJiyTzORQ,Google Indic keyboard is the best choice for typing in english and malayalam Simultaneously!. Only one problem i'm facing regarding the keyboard height. Please do provide more higher options in settings.Nowdays Mobile screens's Aspect ratios are different.On my phone in large display the keyboard is on the very bottom.i can't reach all the keys well.So Please make an update to fix it.!,3,69,3.2.6.193126728-arm64-v8a,2020-08-16 22:01:48,,,most_relevant,com.google.android.apps.inputmethod.hindi,google indic keyboard is the best choice for typing in english and malayalam simultaneously only one problem im facing regarding the keyboard height please do provide more higher options in settingsnowdays mobile screenss aspect ratios are differenton my phone in large display the keyboard is on the very bottomi cant reach all the keys wellso please make an update to fix it,UI_BUG,0.39068715102431667
32692,gp:AOqpTOGmrXeCPV3GjO89NYbrTB1X_3t7rSuet9wmlnPRTBs_WNVeRJXhhUZBK0RL2E2rJBDy5OB7iaT4NcP4Ry0,Greg DiVilbiss,https://play-lh.googleusercontent.com/a-/AOh14GimpYGBxj3WUdzzNNGRAshjU-3NlWEC-CpepXa7-u8,"Loved this product. But hate the content changing of terms when after you have devoted years to building your photo library. Seriously feels like a bait and switch. Personally, I think Google should Grandfather early adopters. Either that or clearly say this is going to cost you from the beginning. That way you can make a decision whether you think it is a good idea based on the cost. Thankful, I got to use it. Not certain I will keep it. ~Google account, Fiber, One user.",3,2076,5.25.0.352434986,2021-01-24 01:34:11,,,most_relevant,com.google.android.apps.photos,loved this product but hate the content changing of terms when after you have devoted years to building your photo library seriously feels like a bait and switch personally i think google should grandfather early adopters either that or clearly say this is going to cost you from the beginning that way you can make a decision whether you think it is a good idea based on the cost thankful i got to use it not certain i will keep it google account fiber one user,LOGIN_BUG,0.39071952882466304
52993,gp:AOqpTOHxdLy8bOPzA9wHCc79RhLznlUK1fFHT1OpRn_iC1iLUQdfsum4Se4GIVjMhz5oz7VPxVdKXOk1z_UpFMY,shawn mcnabb,https://play-lh.googleusercontent.com/-AxxPnxc1MuM/AAAAAAAAAAI/AAAAAAAAAAA/AMZuucknrF3XnN-5j_JFglRdfaUoRxFxvQ/photo.jpg,"Doesn't give parents full control of the device. I gave my child an old phone to use for photos and podcasts. Unfortunately the time zone is wrong and the clock 3 hours ahead. After contacting Google support I learned there is no way to set the correct time unless you delete the child's account (which also deletes all their settings and data)! Even worse, Google consider this a ""feature""?!? I guess the devs never considered a use case where a child might travel outside their time zone? FAIL!",2,40,1.71.0.Z.350181002,2021-02-01 10:31:24,,,newest,com.google.android.apps.kids.familylink,doesnt give parents full control of the device i gave my child an old phone to use for photos and podcasts unfortunately the time zone is wrong and the clock 3 hours ahead after contacting google support i learned there is no way to set the correct time unless you delete the childs account which also deletes all their settings and data even worse google consider this a feature i guess the devs never considered a use case where a child might travel outside their time zone fail,LOGIN_BUG,0.3911816329055559
52888,gp:AOqpTOHxdLy8bOPzA9wHCc79RhLznlUK1fFHT1OpRn_iC1iLUQdfsum4Se4GIVjMhz5oz7VPxVdKXOk1z_UpFMY,shawn mcnabb,https://play-lh.googleusercontent.com/-AxxPnxc1MuM/AAAAAAAAAAI/AAAAAAAAAAA/AMZuucknrF3XnN-5j_JFglRdfaUoRxFxvQ/photo.jpg,"Doesn't give parents full control of the device. I gave my child an old phone to use for photos and podcasts. Unfortunately the time zone is wrong and the clock 3 hours ahead. After contacting Google support I learned there is no way to set the correct time unless you delete the child's account (which also deletes all their settings and data)! Even worse, Google consider this a ""feature""?!? I guess the devs never considered a use case where a child might travel outside their time zone? FAIL!",2,40,1.71.0.Z.350181002,2021-02-01 10:31:24,,,most_relevant,com.google.android.apps.kids.familylink,doesnt give parents full control of the device i gave my child an old phone to use for photos and podcasts unfortunately the time zone is wrong and the clock 3 hours ahead after contacting google support i learned there is no way to set the correct time unless you delete the childs account which also deletes all their settings and data even worse google consider this a feature i guess the devs never considered a use case where a child might travel outside their time zone fail,LOGIN_BUG,0.3911816329055559
56838,gp:AOqpTOGfz8mq2jzJRAz2vsAi7nsRMOv-tSWUVXlNqeYZ0U3eckizLucCKb7ser1Er75RhJvSi1rSBAqD-bmzPg,David & Ericka Purtee,https://play-lh.googleusercontent.com/-TbnBl5DcgZ4/AAAAAAAAAAI/AAAAAAAAAAA/AMZuucmZ_WcrQuLGmfo1ok1cxQtyPdSPbg/photo.jpg,"The locator service works well to locate my phone from my husband's phone, but since he will not always be with me when I lose my phone, I need to be able to use the app from a computer. I downloaded the app to my computer and picked my phone, in the setup process but when I try to use the app on the computer, it says my phone is ineligible. I have tried looking into the settings, and figure it is probably a simple fix, but cannot seem to figure out how to fix this. Without being able to use my computer, the app is not useful.",3,10,2.3.008,2019-03-30 23:02:50,,,most_relevant,com.google.android.apps.adm,the locator service works well to locate my phone from my husbands phone but since he will not always be with me when i lose my phone i need to be able to use the app from a computer i downloaded the app to my computer and picked my phone in the setup process but when i try to use the app on the computer it says my phone is ineligible i have tried looking into the settings and figure it is probably a simple fix but cannot seem to figure out how to fix this without being able to use my computer the app is not useful,PERFORMANCE_BUG,0.39129527709533446
26902,gp:AOqpTOHwerA-of7SPLXYq4yAwsUG-cIC6ySDmpZFOZF-b1oiyMTYhG66NuLrPIBxOucKQtRfXyp65az76w8mEw,-I dont care-,https://play-lh.googleusercontent.com/a-/AOh14GhVktIWkZvx9BKEdgy9rIRWHCxz3sX1ubjPOi6fZQ,"It's an OK app.  It just doesn't work the way I want it to. It might bot be the apps designers fault, but I got this app so no one could guess my password and whenever I try to set a password it only shows me the English version. Not the one I want.",3,0,,2018-03-05 01:18:33,,,newest,com.google.android.inputmethod.korean,its an ok app  it just doesnt work the way i want it to it might bot be the apps designers fault but i got this app so no one could guess my password and whenever i try to set a password it only shows me the english version not the one i want,UI_BUG,0.3914814572318977
12091,gp:AOqpTOE9bP3_V8o4A8s8Z_S-s5Ppf-3fRN-swo2jE0YF237ryztw-boI37YzxhJGyZqk0NjmXdhNiEEQvrnWQQ,Lili Salcedo,https://play-lh.googleusercontent.com/a-/AOh14GjYmEQd83gjuXYTC6_uRjffYhYGg-jV5tDR2iO0qw,"This app is supposedly required in order for me to log into my school email and is trying to get me to make a buissness profile.It also will not let me unistall it,all I wanted was to be able to get access to all my schoolwork considering all of the pandemonium with the virus and online school. I shouldn't have to be dealing with this.",1,26,12.14.01,2020-04-01 19:10:30,,,most_relevant,com.google.android.apps.enterprise.dmagent,this app is supposedly required in order for me to log into my school email and is trying to get me to make a buissness profileit also will not let me unistall itall i wanted was to be able to get access to all my schoolwork considering all of the pandemonium with the virus and online school i shouldnt have to be dealing with this,LOGIN_BUG,0.39168610684758093
35220,gp:AOqpTOFWm_Gy7N144YSS6viGuxEK0CCLentwm_PhXAv5DnHpKVn01ikGTnnijj-kN5cSwIVTEIYC5ecV6xpj0f0,JY R,https://play-lh.googleusercontent.com/-S01YC7u0if0/AAAAAAAAAAI/AAAAAAAAAAA/AMZuucm8zsrf02pg5T3FfuAHY2rG5PCu0g/photo.jpg,"When I send messages, they are being held in Outbox for so long (at least 30mins) and it's only a message of text - no images or video. Happening across all my accounts.",3,31,2020.11.29.346182102.Release,2021-01-12 08:56:14,"Hi there. If you are not able to send emails, or emails are stuck in send, let's try the following steps from our help center: https://goo.gle/31k92ND. Have a good day!",2021-01-12 09:01:58,most_relevant,com.google.android.gm,when i send messages they are being held in outbox for so long at least 30mins and its only a message of text  no images or video happening across all my accounts,LOGIN_BUG,0.39213809392949367
27512,gp:AOqpTOFzy1WDwgOtx7EEtKkZuFjcKlvXEnafvzzAdy5zIHv0Y6bca258Az3qJ-rwwTsCkDdXZvF69ymba1hpTQ,Flex Baker,https://play-lh.googleusercontent.com/a-/AOh14GhlrUsGTVxGOIzhd1IzOhweXT7iBa-nylWGx4Zwmw,"What the hell are the developers problems? The keyboard was great but with the updates they are killing it and making it useless. Its trash!! They took out a google search function the keyboard that was helpful and now you can't erase stupid typo words off the keyboard so its making more mistakes. With all the changes on ALL Google products, Google is turning into shady garbage.",1,292,10.1.04.342850159-release-arm64-v8a,2021-01-12 21:11:59,,,most_relevant,com.google.android.inputmethod.latin,what the hell are the developers problems the keyboard was great but with the updates they are killing it and making it useless its trash they took out a google search function the keyboard that was helpful and now you cant erase stupid typo words off the keyboard so its making more mistakes with all the changes on all google products google is turning into shady garbage,PERFORMANCE_BUG,0.3922451002671003
73101,gp:AOqpTOFBqBnmIsvb1FL0xWykGmuHGJLbLb_PF8kTtIUpza_79FJRQE1Sr3Zb2nI7nUk8MGfZGc772CzRwkvb3wc,Theoretical Reality,https://play-lh.googleusercontent.com/a-/AOh14GgPeFgJOC__QlBiWI5Gu-g6w0hV39h82gTXBN32qw,"After supervising my google account, I can no longer comment on YouTube videos. I know that this app is made for children, but I am 15 years old, I don't need anymore the settings on YouTube that ARE MADE for kids under 13 years old. I recomend reconsidering the settings for teenagers.",1,4,flh.release.1.44.0.Z.350180129,2021-02-01 11:54:40,,,most_relevant,com.google.android.apps.kids.familylinkhelper,after supervising my google account i can no longer comment on youtube videos i know that this app is made for children but i am 15 years old i dont need anymore the settings on youtube that are made for kids under 13 years old i recomend reconsidering the settings for teenagers,LOGIN_BUG,0.3924108905939091
52779,gp:AOqpTOFYzDbl0hBfsVAxSZaRCvYK8lp7vlxEroPOXOU9rKvgWZ5fUVRfm1ObeOO8hJPuuQ-h4GhHie_FKumBkmQ,galaxy Wolfe and lilly,https://play-lh.googleusercontent.com/a-/AOh14GgGYfFbpROrHGGDhqLREg5x_p0iQnuHqwXeFzXFSA,"I don't like it for me its complex and my daughter's old phone was hooked up to my account and her new one so it took a week to undo the old phone and its super annoying, my daughter for some reason can't go on YouTube even though there are no age restrictions on it.I don't recommend this app to parents of teens and children.If you dont trust you're kids, just take there device.The only reason i considered this app is so i can see how much time she spends on it.Im scared a hacker will track her.",1,13,1.70.0.Y.344120469,2020-12-28 18:47:38,,,most_relevant,com.google.android.apps.kids.familylink,i dont like it for me its complex and my daughters old phone was hooked up to my account and her new one so it took a week to undo the old phone and its super annoying my daughter for some reason cant go on youtube even though there are no age restrictions on iti dont recommend this app to parents of teens and childrenif you dont trust youre kids just take there devicethe only reason i considered this app is so i can see how much time she spends on itim scared a hacker will track her,LOGIN_BUG,0.3924380262377225
41203,gp:AOqpTOGEh3Eth194TrAhFUaW0WrKvREzjRa-j3_FPXnzyzMGjxTedA6uVNJorKw37OzgANHgWuQVb-zGA0kVcg,Jackie McGinnis,https://play-lh.googleusercontent.com/a-/AOh14GgWNECs2wGWblrMn4asd0Ll949wGZC8gHpJzxN7abI,"My Samsung Galaxy A11 was doing good until I created a Samsung Account. Then I had 3 search engines. Google, Chrome and Samsung Internet. Since then, I've been to the T-Mobile store 5 times in the 2 weeks because the 3 sites were basically fighting over who got me to use their search engine. Then I started getting messages after leaving T-Mobile that I had no internet connection at all. I couldn't even get WIFI. I haven't had this phone for a month.",3,100,86.0.4240.110,2020-11-13 06:43:20,,,most_relevant,com.google.android.webview,my samsung galaxy a11 was doing good until i created a samsung account then i had 3 search engines google chrome and samsung internet since then ive been to the tmobile store 5 times in the 2 weeks because the 3 sites were basically fighting over who got me to use their search engine then i started getting messages after leaving tmobile that i had no internet connection at all i couldnt even get wifi i havent had this phone for a month,LOGIN_BUG,0.3930855337382591
59068,gp:AOqpTOH5-ZHKrjRinkxwG9RBTambjMa5p30ibdhGK2GO_D19b11mJorayBxXnObx3XFxTF1R2uohMBdzGq3rAA,Zachary Isom,https://play-lh.googleusercontent.com/a-/AOh14Gj0VUNgdLDIOs21t3zCd1-myP-d_ClkLq5_c62kMcg,"""cannot interpret QR code"" error when attempting to transfer accounts is resolvable by removing any special characters, spaces, or filling in any custom names you may have that are blank, as in ones that show ""()"". It sucks that the community has had to come together to figure out this workaround, and I hope that the logic in that QR code generation/interpreting can be resolved in the near future.",2,60,5.10,2020-11-19 03:37:49,,,newest,com.google.android.apps.authenticator2,cannot interpret qr code error when attempting to transfer accounts is resolvable by removing any special characters spaces or filling in any custom names you may have that are blank as in ones that show  it sucks that the community has had to come together to figure out this workaround and i hope that the logic in that qr code generationinterpreting can be resolved in the near future,LOGIN_BUG,0.39352137682992905
58893,gp:AOqpTOH5-ZHKrjRinkxwG9RBTambjMa5p30ibdhGK2GO_D19b11mJorayBxXnObx3XFxTF1R2uohMBdzGq3rAA,Zachary Isom,https://play-lh.googleusercontent.com/a-/AOh14Gj0VUNgdLDIOs21t3zCd1-myP-d_ClkLq5_c62kMcg,"""cannot interpret QR code"" error when attempting to transfer accounts is resolvable by removing any special characters, spaces, or filling in any custom names you may have that are blank, as in ones that show ""()"". It sucks that the community has had to come together to figure out this workaround, and I hope that the logic in that QR code generation/interpreting can be resolved in the near future.",2,60,5.10,2020-11-19 03:37:49,,,most_relevant,com.google.android.apps.authenticator2,cannot interpret qr code error when attempting to transfer accounts is resolvable by removing any special characters spaces or filling in any custom names you may have that are blank as in ones that show  it sucks that the community has had to come together to figure out this workaround and i hope that the logic in that qr code generationinterpreting can be resolved in the near future,LOGIN_BUG,0.39352137682992905
4857,gp:AOqpTOG4zwBq8LV12xq4uxkvITSpDPmA5sdTiy6DfaSqreRVd5WypgeVpOuWwsdfOnY8enPqI-trLSA32W6BAQ,Rick Loughman,https://play-lh.googleusercontent.com/a-/AOh14GjIDtn_vOJGyhdtVzcsebQ2IqVsZ0Ku8x4FLyMW,"1.""play classical"" for a genre won't work if the word classical is in a library song title or artist name 2.home control menu no longer allows scenes to be organised or given nicknames if not in a room 3.19/1/19 to 23/1/21: voice unlock broken on lollipop 4.'assistant activity' is now a dead link with more than 1 account 5.updates twice a week and hardly anything gets fixed. ever. don't be evil? don't ever listen...",1,849,12.1.9.23.arm64,2021-01-23 13:43:55,,,most_relevant,com.google.android.googlequicksearchbox,1play classical for a genre wont work if the word classical is in a library song title or artist name 2home control menu no longer allows scenes to be organised or given nicknames if not in a room 319119 to 23121 voice unlock broken on lollipop 4assistant activity is now a dead link with more than 1 account 5updates twice a week and hardly anything gets fixed ever dont be evil dont ever listen,UI_BUG,0.3939574026078949
85099,gp:AOqpTOFsEn_dAEODTaH9aB1VK9Dw853exH3a_IyM3UyK0JruBs7uov1JNUw3A4Z3uoIm3hO51VJzhXsVPgku6w,Awy Harrison Eromosele,https://play-lh.googleusercontent.com/a-/AOh14GjvyldhGbbJcwJ7b6R_wCebJeZtJgULpy1pRnkJyg,This App keeps changing my wallpaper to one of the installed wallpapers. I want to see my Son's face on my lockscreen and wallpaper!! Nothing else for now! When I set my preferred photo after a while it automatically re-switches back to the installed wallpaper! I use a Nokia 2.1 and just upgraded to the Android 10. Fix this immediately! I am about to disable this App! Ridiculous!,1,11,10-6793674,2020-10-06 18:24:04,,,most_relevant,com.google.android.apps.wallpaper,this app keeps changing my wallpaper to one of the installed wallpapers i want to see my sons face on my lockscreen and wallpaper nothing else for now when i set my preferred photo after a while it automatically reswitches back to the installed wallpaper i use a nokia 21 and just upgraded to the android 10 fix this immediately i am about to disable this app ridiculous,UI_BUG,0.39405419262601965
32308,gp:AOqpTOGozv9Wj3QqlINGDxaR_R4zdmDKBZXVmPlGDP8rHdtlXN_Q0MXuiKZz0l3Jk-e2njfi99JYB2ABCjNG0_8,lloyd laskey,https://play-lh.googleusercontent.com/-lRhAZP7GI5s/AAAAAAAAAAI/AAAAAAAAAAA/AMZuuclhAls22jv4zZGq-hEVZV4zE0R_Uw/photo.jpg,"I really don't get this app. I understood that I can access my photos and memories from anywhere. I have uploaded all my photos from my laptop, I was led to believe I could view them through the app. All I have successfully achieved over the past 4 days is losing half of my photos on the phone and in settings a little blue circle going round and round next to 'ready to back up 1184 files' Either I'm stupid, or got the wrong end of the stick from the app description!!",1,1293,5.24.0.350451811,2021-01-19 18:12:41,,,most_relevant,com.google.android.apps.photos,i really dont get this app i understood that i can access my photos and memories from anywhere i have uploaded all my photos from my laptop i was led to believe i could view them through the app all i have successfully achieved over the past 4 days is losing half of my photos on the phone and in settings a little blue circle going round and round next to ready to back up 1184 files either im stupid or got the wrong end of the stick from the app description,PERFORMANCE_BUG,0.39409847927554675
73381,gp:AOqpTOFhc9fqRNv48vsew_97sTPTll4Yn0hKa9FsIbiPTcifrCyHlalv1MnxJWLbMwXcrTfAq46NMfw4Xa89148,O-man The Human,https://play-lh.googleusercontent.com/a-/AOh14GhbP9GquBMG4fEzX_lwecy-5kDHhVCSCfEwY2mE5w,"Very good in theory. However it is unusable because a. You can't set a limit to block multiple apps on the same overall amount and b. If you set up an overall time limit thing for all apps, they will not be able to work on school stuff on phone. C. The app opera is for some reason incredibly glitchy-- the screentime is incredibly inaccurate for that app alone. D. Kids can just install other apps, by just getting their parents google password!!! Google, add some form of two-factor authentication!",2,23,flh.release.1.25.0.G.283349593,2020-01-26 18:58:19,,,most_relevant,com.google.android.apps.kids.familylinkhelper,very good in theory however it is unusable because a you cant set a limit to block multiple apps on the same overall amount and b if you set up an overall time limit thing for all apps they will not be able to work on school stuff on phone c the app opera is for some reason incredibly glitchy the screentime is incredibly inaccurate for that app alone d kids can just install other apps by just getting their parents google password google add some form of twofactor authentication,UI_BUG,0.39433864502831656
88752,gp:AOqpTOEzASoklkI5BdbE3usxsToU94pVabFdLSqj2mS67Ny399ir5Sgq8aIn9caIgEShlJY8XEM0fLSYe2nTX28,Niki Cook,https://play-lh.googleusercontent.com/a-/AOh14Gh9xUmlUT_JI1etdk8uUJEN2ohEE_G67h3vapacsQ,"Hangouts worked well, but it said it was being discontinued and to use Google Meet. After using it three times, I've uninstalled it. The video keeps freezing, making it impossible to have a video chat. The voice and video end up being out of sync, and the app has closed in the middle of a session several times. During my last meeting, I had to install another app and hold up a piece of paper for the other person, ""Check your email for an invite."" (My 1 hr meeting ended up being 25-30 min.)",1,2023,2020.11.29.345116913.Release,2020-12-22 12:49:10,"Hi, Niki. We suggest that you take a look at this article: https://goo.gle/36etW3n to correct errors with the app. If you need more help, visit our Help Center: goo.gle/2YBmXiR. Thank you.",2020-12-25 18:48:54,most_relevant,com.google.android.apps.meetings,hangouts worked well but it said it was being discontinued and to use google meet after using it three times ive uninstalled it the video keeps freezing making it impossible to have a video chat the voice and video end up being out of sync and the app has closed in the middle of a session several times during my last meeting i had to install another app and hold up a piece of paper for the other person check your email for an invite my 1 hr meeting ended up being 2530 min,LOGIN_BUG,0.3946972645425279
51960,gp:AOqpTOEw0JYVMZmcc5Svis2JivyQIigp5C7OI9H79hTxUbioU01aEsE0QDIJZmcq57O-ucBfyJf-nfZ8jcrVv14,Sascha Peilicke,https://play-lh.googleusercontent.com/a-/AOh14GhCS9gJozikzSAXbd3SO4T5UULgeUrthRCU44v6fQ,"It's currently a sloppy copy of the iOS feature. It's strangely not connected to fit (bedtime) and overlaps with the app battery usage screens. It just visualizes all the behavioral tracking that happens in the background. Simple deny the ""usage access"" permission and disable it.",3,9,1.0.322571612,2020-08-18 17:22:42,,,most_relevant,com.google.android.apps.wellbeing,its currently a sloppy copy of the ios feature its strangely not connected to fit bedtime and overlaps with the app battery usage screens it just visualizes all the behavioral tracking that happens in the background simple deny the usage access permission and disable it,UI_BUG,0.39525783093432676
56549,gp:AOqpTOEwDIMkr3v5rGs8oviVa5pR5jPFI1xWLls04jfx-nqzVttwDMl8vrRQxzglM2x2z6eJjMJv6AUEvRcd9A,Android User C41F877B,https://play-lh.googleusercontent.com/-BBV70ixTwCU/AAAAAAAAAAI/AAAAAAAAAAA/AMZuucmsaprMNee13EvThj0VuHicJKitOA/photo.jpg,It needs more features to control a lost/stolen phone remotely by sending special text messages to it (for if WiFi/data disabled). E.g. remotely (and silently): - Turn on GPS - Take pictures when a face is detected - Do loud ringtone - Send list of recent locations via email The technology is there to allow all this and it would make stealing Android phones pointless!,2,35,2.2.009,2018-10-10 18:46:10,,,most_relevant,com.google.android.apps.adm,it needs more features to control a loststolen phone remotely by sending special text messages to it for if wifidata disabled eg remotely and silently  turn on gps  take pictures when a face is detected  do loud ringtone  send list of recent locations via email the technology is there to allow all this and it would make stealing android phones pointless,LOGIN_BUG,0.3959089703525029
10002,gp:AOqpTOG8hccrMhFiP27zDEbbCNiWPzU_Ix_g596dhoyl5nGKzcO1sis9bUKG1RZgByX6_dPI-to8GxxAZcUaQ98,T Rex Cal,https://play-lh.googleusercontent.com/-jaz43s3JL0Y/AAAAAAAAAAI/AAAAAAAAAAA/AMZuucm8DxLAffMYXN2cYUlzm1YaBf2Cpg/photo.jpg,"What the heck is going on with this browser, Try to sign directly into my Walmart account and it keeps kicking back-and-forth I have to keep tapping on the browser 6 times in a row before it goes through ? Would also be nice if this browser would automatically delete each and every activity as soon as I Stopped using that site.",3,32,88.0.4324.141,2021-02-02 21:07:15,,,most_relevant,com.android.chrome,what the heck is going on with this browser try to sign directly into my walmart account and it keeps kicking backandforth i have to keep tapping on the browser 6 times in a row before it goes through  would also be nice if this browser would automatically delete each and every activity as soon as i stopped using that site,LOGIN_BUG,0.39625408038288545
35254,gp:AOqpTOHAaLxuu9NFOHd579jeayl1zGq3oSndHrQ7XRygvnSud-gF4kpDO4M1OwKz6yR2F8_V3OCp_KkfPdYKSpk,Benjamin Bingham,https://play-lh.googleusercontent.com/a-/AOh14Gjie86s6nXh1zQiXbZIyjiuhLiLS_5g-px2chyGyA,"I often miss so many emails, because I hardly ever get notified of new mail. I've checked my notification settings and it is checked to notify me for new mail. It is also frustrating that I can never get it to stay in ""all inboxes"".",3,2,2020.11.15.344132073.Release,2020-12-10 15:04:11,"Hi there. We suggest you try the steps in the topic ""I am not receiving notifications"": https://goo.gle/36d07hS. If there are still issues you can post a question in our Gmail-Forum to get help from our experts: https://goo.gle/31PaCHq. Kind regards.",2020-12-10 15:30:41,most_relevant,com.google.android.gm,i often miss so many emails because i hardly ever get notified of new mail ive checked my notification settings and it is checked to notify me for new mail it is also frustrating that i can never get it to stay in all inboxes,LOGIN_BUG,0.3962736520276033
35252,gp:AOqpTOF_IkX3U7A0YuCRt3QeW6EOtltHGJwwpvjvx58pEmlVcDJ4UIjWt86c2eOvW3Qt9ITHaqKJWPf5t9gqzVs,shahzaad ji,https://play-lh.googleusercontent.com/a-/AOh14GiIyxu9ka091rhDxRsdr5zRd3IFngbF2T-4vsjS,"Gmail is the most widely used email app around the world, still room for improvement exists. A tiny but crucial addition i would like to add, kindly add an option for selecting multiple mails with single click or atleast make ot easier for use. Thanks",3,1,2020.11.29.346182102.Release,2021-01-04 06:07:21,,,most_relevant,com.google.android.gm,gmail is the most widely used email app around the world still room for improvement exists a tiny but crucial addition i would like to add kindly add an option for selecting multiple mails with single click or atleast make ot easier for use thanks,LOGIN_BUG,0.3967742656538497
52691,gp:AOqpTOHBjwSm5jt3pKu5JZpkwN0Y5oWMj4w3Vyqwzkrv3wmdoyKCBkqgPItqIeJeLSVZ6-ZzSGOlF0nCpPDwK7c,Ponxa Toledo,https://play-lh.googleusercontent.com/a-/AOh14GhzNC21SyzzrOxV-NVefg4gGqSbEEVRNRRplfDqbw,"This app used to work smoothly before on my daughter's android phone. But all of a sudden, her phone activities we're not syncing anymore. When I try to supervise her account on my phone, it said that she's not logged in to any devices when in fact she is. I can not do anything on this app now. Btw her phone is android N so it's not the problem here. Appreciate if you could fix this glitch.",1,108,1.71.0.Z.350181002,2021-01-28 02:45:05,,,most_relevant,com.google.android.apps.kids.familylink,this app used to work smoothly before on my daughters android phone but all of a sudden her phone activities were not syncing anymore when i try to supervise her account on my phone it said that shes not logged in to any devices when in fact she is i can not do anything on this app now btw her phone is android n so its not the problem here appreciate if you could fix this glitch,LOGIN_BUG,0.3969018722680027
71121,gp:AOqpTOFq1tXTt5GmEivzZi2KR1pG1ht8cvZfanrREfK_d_t8Do4eW34rNEoS8RliY5pGEZ9snTFvpM59iGBVtQ,Auhsoj Nayr Oktrab,https://play-lh.googleusercontent.com/a-/AOh14Gig1FKsHj0UtIdAl5wEVeThvtS-YL70t3nbHHiuPQ,"I like the updated font & theme, but I am not a fan of the color choices. Or lack there of really... I know it seems to be like asking for the moon, but can we PLEASE get the option for a dark theme?!? 🌚 And in all reality it's probably one of the easiest kind of updates you could make to a app. Across almost all Google apps the number one thing people want most is a dark option or theme. There is entirely too much white which makes for an uber bright screen(hard on the eyes) and then to top it all off, classic boring Google blue. We've all noticed lately how popular Google apps have been getting dark theme'ing options. It would be much appreciated if this one was included in that line of thinking as well. Pretty please..with a cherry on top!!🍒",3,11,7.5 (213680574),2018-09-25 16:18:51,,,most_relevant,com.google.android.calculator,i like the updated font  theme but i am not a fan of the color choices or lack there of really i know it seems to be like asking for the moon but can we please get the option for a dark theme  and in all reality its probably one of the easiest kind of updates you could make to a app across almost all google apps the number one thing people want most is a dark option or theme there is entirely too much white which makes for an uber bright screenhard on the eyes and then to top it all off classic boring google blue weve all noticed lately how popular google apps have been getting dark themeing options it would be much appreciated if this one was included in that line of thinking as well pretty pleasewith a cherry on top,UI_BUG,0.3975868206894151
59158,gp:AOqpTOFgk6kX7WB3jl2P2RV6ax0dkQeeUJxg7LP64WxYHdTNF-q-GzezzBncmzBbV069hhO4RO2WUDa1Wung-w,Jesse Kramasz,https://play-lh.googleusercontent.com/a-/AOh14GgEIVhfguUsi9xREcVSlEOkpWw_PaPr72Mpsa_WzBs,Importing of accounts did not work when trying to import from my Pixel 3 XL to an iPad Pro. Gave error messages. It seems this funtionality should be supported.,3,0,5.10,2020-10-21 23:12:07,,,most_relevant,com.google.android.apps.authenticator2,importing of accounts did not work when trying to import from my pixel 3 xl to an ipad pro gave error messages it seems this funtionality should be supported,LOGIN_BUG,0.39808960560609963
49490,gp:AOqpTOHihB_0MrYlQZujGXlqmlk1JYD0anWsWyKKEZq2qrnldj6wym2qXNYGLD7WtKEuJyoIcondLQCACNQk8g,Willie Perry,https://play-lh.googleusercontent.com/a-/AOh14GhLpfubulyjvMCP8MiGmn6auxeWyMiV5X0XtNhYGw,"I'm not sure if it is an expense for the call I received, my daughter called me from an iPhone she. An app had to be downloaded to her phone to make the call possible. I don't know if the app was free or not. Android technology appears to be catching up with Apple just wish it was easier most of what I've learn was from others. I think of my device as a laptop now if it works like my laptop so be it if it doesn't I ask some if if can be done and how. I've learn much this way.",3,38,121.0.351389653.DR121_RC02.s,2021-01-19 18:52:07,"Hi Willie. We'd love to help you learn more about Google Duo! Please visit this article to learn more about Google Duo: https://goo.gle/3iQ8J49. As always, you can also ask a question in our Duo Community Forum too! https://goo.gle/2nWc7E6.",2021-01-20 02:37:48,most_relevant,com.google.android.apps.tachyon,im not sure if it is an expense for the call i received my daughter called me from an iphone she an app had to be downloaded to her phone to make the call possible i dont know if the app was free or not android technology appears to be catching up with apple just wish it was easier most of what ive learn was from others i think of my device as a laptop now if it works like my laptop so be it if it doesnt i ask some if if can be done and how ive learn much this way,PERFORMANCE_BUG,0.3983207786706805
18914,gp:AOqpTOEmW2doDA2oJuIBykKz7w6X-I9uY9Qhvqk-KlPnf62OOw617KymQvD49QaqrFMIBnsUlmukuZKeUzi8Hw,Stuart Dawson,https://play-lh.googleusercontent.com/-9oi9BXfL5kg/AAAAAAAAAAI/AAAAAAAAADQ/AMZuucm7Lo-b-ethcVzA5_X1og4_DjITaQ/photo.jpg,"Hit and miss with recording data. It's fairly accurate over short distances, but goes on a journey of its own over longer distances. Recorded a 1hr.58m walk....Suunto Spartan watch - 7.3m...GFit - 5.5m (missing 1.8m somewhere). Knowing how fast I usually walk...Watch is accurate and GFit is way off.. Suunto is synced with Strava which is synced with GFit, but GFit data remains what GFit records and doesn't change when synced. Getting worse with every update.",2,2,2.46.22-130,2021-01-09 13:01:48,,,most_relevant,com.google.android.apps.fitness,hit and miss with recording data its fairly accurate over short distances but goes on a journey of its own over longer distances recorded a 1hr58m walksuunto spartan watch  73mgfit  55m missing 18m somewhere knowing how fast i usually walkwatch is accurate and gfit is way off suunto is synced with strava which is synced with gfit but gfit data remains what gfit records and doesnt change when synced getting worse with every update,UI_BUG,0.39851970710837675
53121,gp:AOqpTOFACdMVHLP51tHRMaTQWyfNfBLOzKR8Y2wqZjv5aJvNO4XYTZoqrHLHEw0GOT2mwHV4M9bdZ7b7bzV1MVw,Julie Russell,https://play-lh.googleusercontent.com/-rakZIMLNSVo/AAAAAAAAAAI/AAAAAAAAAAA/AMZuucnpemru-8_TBxyrWE8Yac0XF-IZLw/photo.jpg,"It's a great idea, but the constant emails and link messages are a bit too much.",3,0,1.71.0.Z.350181002,2021-01-28 09:28:37,,,most_relevant,com.google.android.apps.kids.familylink,its a great idea but the constant emails and link messages are a bit too much,LOGIN_BUG,0.3997201545677135
35162,gp:AOqpTOEpBSvLz6jPrDARS3Ce8D4GpKiSfdouTjl3djFHgPdJrZx0U0B03iNLkNFL93i07IRcrkR3Ix47-05-zfY,Saifullah Saifulbahri,https://play-lh.googleusercontent.com/-a4mQKdJqvSs/AAAAAAAAAAI/AAAAAAAAAAA/AMZuucnZbyrgclYQM8rh63xbEoYg19hC-w/photo.jpg,Gmail push notifications is not working. Nothing has worked. Won't get emails unless I open the app. It's not even optimisated. Viewed every solution but none work. Since issues already tried to solve. Nothing works,3,0,2020.11.29.346182102.Release,2021-02-01 06:52:26,"That doesn't sound good, Saifullah. We suggest you try the steps in the topic ""I am not receiving notifications"": https://goo.gle/36d07hS. If there are still issues you can post a question in our Gmail-Forum to get help from our experts: https://goo.gle/31PaCHq. Kind regards.",2021-02-01 19:44:38,most_relevant,com.google.android.gm,gmail push notifications is not working nothing has worked wont get emails unless i open the app its not even optimisated viewed every solution but none work since issues already tried to solve nothing works,LOGIN_BUG,0.39980195066131574
35163,gp:AOqpTOFVAMmoam8O4RvD8HceazyxAA1PfpjgnTHYJ9Ma3nFYA0B5XupIxIL6HOycqETkCR8kjO6ZeEIjzRuzar8,Dan Carlson,https://play-lh.googleusercontent.com/a-/AOh14GjGNCbER8WW5dSlnXypc36ciyytYKxc8lPHfmfomic,"Love the app but it no longer pushes reliably on Android. I rely on emails for notifications if network systems go down and since I switched to android and the Gmail app, notifications come anywhere from minutes to hours later. IPhone app is instant and now I have to use Aqua Mail which is also instant. Forums claim its the DOZE software and no getting around it. Why do other mail apps work then?",3,13,2020.11.01.342354497.Release,2020-11-24 01:55:32,,,most_relevant,com.google.android.gm,love the app but it no longer pushes reliably on android i rely on emails for notifications if network systems go down and since i switched to android and the gmail app notifications come anywhere from minutes to hours later iphone app is instant and now i have to use aqua mail which is also instant forums claim its the doze software and no getting around it why do other mail apps work then,LOGIN_BUG,0.400607342552175
50517,gp:AOqpTOEAsNrKmWACo2MyQts5OPrb3TiIfyANO173dqTl5hYh57PGqlc4ecelIpRl8-_mcP0U-P_CyYL9cZJI7b4,diane barker,https://play-lh.googleusercontent.com/a-/AOh14Gg-50VKgbFou2sHbka1yOF_AKE85zgdDJ0d3P26TA,"Everything was going fine, then I opened another Google business account & now I can't get into my first website, every time I try to log into my first website it goes straight into my second website, this is so annoying, I spent a lot of time loading photos writing tx etc. & now I can't get into it & don't know if anyone has left me messages or comments.Please fix this so that I can use my first website. It doesn't say that if you open a second website u won't get into the first website☹️😥",2,76,3.29.0.331243412,2020-10-16 00:01:53,,,most_relevant,com.google.android.apps.vega,everything was going fine then i opened another google business account  now i cant get into my first website every time i try to log into my first website it goes straight into my second website this is so annoying i spent a lot of time loading photos writing tx etc  now i cant get into it  dont know if anyone has left me messages or commentsplease fix this so that i can use my first website it doesnt say that if you open a second website u wont get into the first website,PERFORMANCE_BUG,0.4010336898767919
90971,gp:AOqpTOGU0v8c9ZwM_sbIazGBlpMQmLOlcEibyyjUdxFo_uMyUmsSbZC8YWbrD3XPA0bLU5zT0A4NjVwepC8a-Hs,Nicole McIntyre,https://play-lh.googleusercontent.com/a-/AOh14GiI7JYEnPFkvNqZhrMeAedGop_AU6y3nsCLqt7ccQ,"I would actually like to use this to keep fun records of places I've been but what really puts me off is how you can't add photos or videos to your points from the app! I want to be able to use this app on the go, I don't want to have to go through the bother of going on a computer and hooking up my phone just to be able to upload pictures and videos! The app should have the same features the web version has! (And both the mobile and web versions should allow you to add comments onto pictures).",3,8,2.1,2016-12-15 03:02:07,,,newest,com.google.android.apps.m4b,i would actually like to use this to keep fun records of places ive been but what really puts me off is how you cant add photos or videos to your points from the app i want to be able to use this app on the go i dont want to have to go through the bother of going on a computer and hooking up my phone just to be able to upload pictures and videos the app should have the same features the web version has and both the mobile and web versions should allow you to add comments onto pictures,PERFORMANCE_BUG,0.401984757296132
73517,gp:AOqpTOHf2AVQ7fJDO6u6YNUCL_x0oIzpXD8mrGSYp6jVjptiGWLwW3o5d5FEfMslTH28kjtzT5vQWdDUSsNsRss,Malcolm Hammond-Falconer,https://play-lh.googleusercontent.com/-YqYsZd6l3fs/AAAAAAAAAAI/AAAAAAAAH8U/AMZuucl2Ylv_Y3sdfFXpMQpu5NtKt73b8w/photo.jpg,"I don't mind the app but when your phone is locked you should be able to take a picture and look in your photos, call, and text but if you just downloaded this app it may start glitching and you won't be able to text anymore like if you are in a crisis of some sort and you are not trying to make any noise you can't text or like if you are in class and you need to take a picture or a video of any work from class you can't take a picture or video.But it may glitch out emergency call",3,36,flh.release.1.38.0.T.328209365,2020-09-23 14:33:59,,,most_relevant,com.google.android.apps.kids.familylinkhelper,i dont mind the app but when your phone is locked you should be able to take a picture and look in your photos call and text but if you just downloaded this app it may start glitching and you wont be able to text anymore like if you are in a crisis of some sort and you are not trying to make any noise you cant text or like if you are in class and you need to take a picture or a video of any work from class you cant take a picture or videobut it may glitch out emergency call,PERFORMANCE_BUG,0.40232312394846365
73749,gp:AOqpTOHf2AVQ7fJDO6u6YNUCL_x0oIzpXD8mrGSYp6jVjptiGWLwW3o5d5FEfMslTH28kjtzT5vQWdDUSsNsRss,Malcolm Hammond-Falconer,https://play-lh.googleusercontent.com/-YqYsZd6l3fs/AAAAAAAAAAI/AAAAAAAAH8U/AMZuucl2Ylv_Y3sdfFXpMQpu5NtKt73b8w/photo.jpg,"I don't mind the app but when your phone is locked you should be able to take a picture and look in your photos, call, and text but if you just downloaded this app it may start glitching and you won't be able to text anymore like if you are in a crisis of some sort and you are not trying to make any noise you can't text or like if you are in class and you need to take a picture or a video of any work from class you can't take a picture or video.But it may glitch out emergency call",3,36,flh.release.1.38.0.T.328209365,2020-09-23 14:33:59,,,newest,com.google.android.apps.kids.familylinkhelper,i dont mind the app but when your phone is locked you should be able to take a picture and look in your photos call and text but if you just downloaded this app it may start glitching and you wont be able to text anymore like if you are in a crisis of some sort and you are not trying to make any noise you cant text or like if you are in class and you need to take a picture or a video of any work from class you cant take a picture or videobut it may glitch out emergency call,PERFORMANCE_BUG,0.40232312394846365
68861,gp:AOqpTOFMRmXq6UO0Eg4qmEWuMiwjpi2ieXC4wZplKwy7YMLeAdkbZGukcTppDJ0nfWuLvQycnyTEOKGecaqMTQ,Steve Watson,https://play-lh.googleusercontent.com/a-/AOh14GjQDtC0AqyV12f_gvPwl-T4jy6xXTWNcRLepQ2OPQ,"Loads of little issues on Fossil Gen 4. cannot disable the crown and google assistant, so always triggering when I bend my wrist. Auto launch media controls STILL turns itself back on after about an hour or less. Should be a pretty simple bug to fix, but still nothing. Nonen of the uodates seem to fix known issues",3,0,2.24.0.244631785,2019-05-22 13:52:34,,,most_relevant,com.google.android.wearable.app,loads of little issues on fossil gen 4 cannot disable the crown and google assistant so always triggering when i bend my wrist auto launch media controls still turns itself back on after about an hour or less should be a pretty simple bug to fix but still nothing nonen of the uodates seem to fix known issues,PERFORMANCE_BUG,0.4025190074956261
52886,gp:AOqpTOGlCaz0xz3mNngduAEgRK3oFzkpmON8Xobjg3u1z1GN6ML9VraeZds651HZQLhAP_xrbcAnIe-yoejv2pI,Samer Abdin,https://play-lh.googleusercontent.com/a-/AOh14GgP-DMX5DsXT8dYz1U3udARfamYliYIeuHwHSbnnA,"A very poorly thought out application. This feels more like a school project than a real app. For a start, really watch out because if you create your child's account in the app the child cannot use YouTube. At all. Ever. Until they are thirteen. Only YouTube kids is available - in certain countries. Guess what happens if you're not in those countries. Yes.. No YouTube at all. Nice one Google. Nice one. Its so bad its worth thinking about switching to ios.",1,47,1.71.0.Z.350181002,2021-01-31 05:33:53,,,newest,com.google.android.apps.kids.familylink,a very poorly thought out application this feels more like a school project than a real app for a start really watch out because if you create your childs account in the app the child cannot use youtube at all ever until they are thirteen only youtube kids is available  in certain countries guess what happens if youre not in those countries yes no youtube at all nice one google nice one its so bad its worth thinking about switching to ios,LOGIN_BUG,0.40252981744192956
52688,gp:AOqpTOGlCaz0xz3mNngduAEgRK3oFzkpmON8Xobjg3u1z1GN6ML9VraeZds651HZQLhAP_xrbcAnIe-yoejv2pI,Samer Abdin,https://play-lh.googleusercontent.com/a-/AOh14GgP-DMX5DsXT8dYz1U3udARfamYliYIeuHwHSbnnA,"A very poorly thought out application. This feels more like a school project than a real app. For a start, really watch out because if you create your child's account in the app the child cannot use YouTube. At all. Ever. Until they are thirteen. Only YouTube kids is available - in certain countries. Guess what happens if you're not in those countries. Yes.. No YouTube at all. Nice one Google. Nice one. Its so bad its worth thinking about switching to ios.",1,47,1.71.0.Z.350181002,2021-01-31 05:33:53,,,most_relevant,com.google.android.apps.kids.familylink,a very poorly thought out application this feels more like a school project than a real app for a start really watch out because if you create your childs account in the app the child cannot use youtube at all ever until they are thirteen only youtube kids is available  in certain countries guess what happens if youre not in those countries yes no youtube at all nice one google nice one its so bad its worth thinking about switching to ios,LOGIN_BUG,0.40252981744192956
67355,gp:AOqpTOEQlLpKaxS4fc2GmtMeGt8uP27ba0I9nEXhFOi4bj0uOWqwg0XD3aQ4fzWRFBosQNlLzp090pLNGExIgmg,Tracey Walford,https://play-lh.googleusercontent.com/-HOLBn_0NjZ0/AAAAAAAAAAI/AAAAAAAAAAA/AMZuucnudyzncjGrMXlQ3y10dutSOZPGtw/photo.jpg,The app keeps telling me Chrome isn't available can't read emails or watch videos,2,3,3.15.331523522.release.go,2020-10-08 19:44:16,,,most_relevant,com.google.android.apps.searchlite,the app keeps telling me chrome isnt available cant read emails or watch videos,LOGIN_BUG,0.4025307597087363
56820,gp:AOqpTOEaRliGXAquQnd0d-jhPjfHQMM2IyKYKKqhRJWII8Liu0NfFKJxPYTgzat3o3RmSXdeXuKso-S7sa901Q,Idrees Mi,https://play-lh.googleusercontent.com/a-/AOh14GjY8zXxrcKCrAfQoRwgJkFoOWUqE13Lryx9zVmmXc0,"Flop app. And fail idea. I don't think it's as much as its developers think... Because when my phone was stolen, thief immediately switched off the mobile and all the features of app made by Google get failed... So i want to suggest some advance controls ""if Google hear the users."" 1) lock the device remotely without internet connection like xiaomi's security. 2) turn on/off mobile data remotely to get device info and accurate location. 3) and a big feature which allow it to track easily, make ""flight mode/power on-off disable"". So mobile could be tracked upto battery lasts, and thief couldn't stop sending phone location. 🙂",3,27,2.2.009,2018-11-17 23:40:59,,,most_relevant,com.google.android.apps.adm,flop app and fail idea i dont think its as much as its developers think because when my phone was stolen thief immediately switched off the mobile and all the features of app made by google get failed so i want to suggest some advance controls if google hear the users 1 lock the device remotely without internet connection like xiaomis security 2 turn onoff mobile data remotely to get device info and accurate location 3 and a big feature which allow it to track easily make flight modepower onoff disable so mobile could be tracked upto battery lasts and thief couldnt stop sending phone location ,PERFORMANCE_BUG,0.40260461913614065
81491,gp:AOqpTOE3zgaj-GHjVrJE47ccaxBqjyzotBEfmoFyaomg-cAM_1sgS3qfjZLJPDFOTtRkhVwGlQpJ-H8jPMbRpZ0,Carlo Alberto Ferraris,https://play-lh.googleusercontent.com/a-/AOh14GhNVlefsFMYrF3kND1fpVjFpVU_5qnkiWQ2ErgYwgk,"Not a lot of bang for the buck. Also, the limitation that prevents sharing your membership with family members that live in a different country is ridiculous. Update: yes, the first improvement you should focus on is removing the restriction that prevents sharing my plan with family members in different countries. Once that is fixed, you should likely focus on lowering the cost of the higher tiers (> 100GB).",1,595,1.81.345513717,2021-01-11 23:13:09,"Hi, Carlo. We do value your feedback - is there something specific that you think we could improve with Google One?",2021-01-11 16:37:48,most_relevant,com.google.android.apps.subscriptions.red,not a lot of bang for the buck also the limitation that prevents sharing your membership with family members that live in a different country is ridiculous update yes the first improvement you should focus on is removing the restriction that prevents sharing my plan with family members in different countries once that is fixed you should likely focus on lowering the cost of the higher tiers  100gb,PERFORMANCE_BUG,0.40270165103202193
8995,gp:AOqpTOFw_Z96o3M0qZhIjSKk6s2VjRY56qulHq3kvUBG41kMFqcwzJ1r4CG4e1fgksH-4aRue17KqnqRtlcfPA,Alan Shilling,https://play-lh.googleusercontent.com/-_RejIP4JaW0/AAAAAAAAAAI/AAAAAAAAAAA/AMZuuckPeurxC-2yI5fsqI9osiBSKlqlKA/photo.jpg,"1 star (originally) as this version doesn't show non-repeating events over a year old. But it used to show events older than 1 year, so why on earth change it so it doesn't show older events? My previous phone, bought in June 2019, running Android 9, still shows such events going back to 2017, so saying it's ""as designed"" doesn't make sense and also is of no use whatsoever to me. Update 16th Nov 2020, now showing all events back beyond 2017, so has Google relented on it's previous policy?",3,136,2020.44.1-340608778-release,2020-11-16 12:29:11,Hi Alan. Thanks for reaching out. We'll pass on your feedback to the team. Could you also submit it here: https://goo.gle/37YOQmJ? Appreciate it!,2020-11-16 14:39:39,most_relevant,com.google.android.calendar,1 star originally as this version doesnt show nonrepeating events over a year old but it used to show events older than 1 year so why on earth change it so it doesnt show older events my previous phone bought in june 2019 running android 9 still shows such events going back to 2017 so saying its as designed doesnt make sense and also is of no use whatsoever to me update 16th nov 2020 now showing all events back beyond 2017 so has google relented on its previous policy,UI_BUG,0.4027403835523084
27916,gp:AOqpTOF24ke5gIANaLey-gn3oeCu35Ou03Nj3tEwA71S3eRgOJwicR82btQFVAetPophvgyL2pX0vd-gGwmpGA,SGT Sosa,https://play-lh.googleusercontent.com/a-/AOh14GiupKCC8HPiGb-HXg-_7TecE2rbBl16noTAtipO,"It does it's job and it's cool and all, but why it alerts you before enabling it that it will collect data input on the keyboard such as passwords and credit cards, why would this type of app needs to save that type of information? ..",3,5,10.1.04.342850159-release-arm64-v8a,2021-01-22 22:43:38,,,most_relevant,com.google.android.inputmethod.latin,it does its job and its cool and all but why it alerts you before enabling it that it will collect data input on the keyboard such as passwords and credit cards why would this type of app needs to save that type of information ,LOGIN_BUG,0.4028748485730518
50310,gp:AOqpTOHk-jO3j6Bq0HGYx87xfPz6BeLAQDTOVm6oxJFwSWTC14YCe3YLFoBFqhyAz83OKchUQxSwI5dbYLFl42U,Dt. jyoti Goswami,https://play-lh.googleusercontent.com/a-/AOh14GgSz53-3kQG6tjYjhM6iNXda_quG2YFp6vsjLTl0w,"Very bad experience, I am continuously trying from past 2 months to add my phone number, but every time is shows to edit not showing in overview, in gooi business app account it shows pending for review. But I want to know how much time you need.",1,15,3.32.0.343402770,2021-01-13 17:28:41,,,most_relevant,com.google.android.apps.vega,very bad experience i am continuously trying from past 2 months to add my phone number but every time is shows to edit not showing in overview in gooi business app account it shows pending for review but i want to know how much time you need,LOGIN_BUG,0.40326386552207366
1671,gp:AOqpTOElxZryPoNBR_KQspYaM8s8WZf3-ejf1I-P6xznRFJnmdf_BJDEDqjvn4HqkVjj0kZBUUvxqvAiAXETdBY,Linus Berglund,https://play-lh.googleusercontent.com/a-/AOh14GjoViSVWnS9N4O4gDdBVpBthWALO3Nv0KU22AUPJQ,"Shows the wrong contacts when using the numpad dialer. Typing 627846 shows only 1 of about 8 Martin in my phone book. The suggested fix of clearing the cache does not work. Neither does clearing the app data. I am syncing contacts from a non-google account which might be the problem. I have only one address book (system default), synced using DavX. All contacts are visible in the contacts app.",3,5,58.0.346367036,2020-12-31 07:39:26,"Hi, Linus. Thank you for taking the time to provide feedback. We're sorry to hear that. We'll pass this along to the team so they can review and make the Phone app even better. We ask that you submit a feedback within the Phone app by clicking the Menu button then the 'Support' tab and tap 'Send Feedback'. Thank you.",2020-12-31 15:51:18,most_relevant,com.google.android.dialer,shows the wrong contacts when using the numpad dialer typing 627846 shows only 1 of about 8 martin in my phone book the suggested fix of clearing the cache does not work neither does clearing the app data i am syncing contacts from a nongoogle account which might be the problem i have only one address book system default synced using davx all contacts are visible in the contacts app,LOGIN_BUG,0.4032884262132008
1517,gp:AOqpTOEhBOL--W_9Cv68p7h0cpX7UJ_v0TO68VxbUaY0Wdm108frT246iu-0OmE5MNChwC5YJVQX4uPUtr-JQqc,Don Caffrey,https://play-lh.googleusercontent.com/a-/AOh14GjgmOmrUdeU6sgQSiT6VKK38IRNXCTKbJ0goVFMwi8,"Mostly works, still having on starting off again visual voicemail issues with T-Mobile in the U.S. currently doesn't work, would be 5 stars if it did. - In response to Google's message below. Yes, I am on t-mobile with a supported device with a supported carrier. Visual Voicemail still does not work. You have not fixed this or answered a question. One more star dropped.",2,0,,2021-02-03 18:31:55,"Hi, Don. Voicemail is currently limited to and available on supported devices and carriers with the latest version of the Phone app. For more info, you can refer to https://goo.gle/3bon8CD. Should you continue to have issues, please submit a feedback within the Phone app by clicking the Menu button then the 'Support' tab and tap 'Send Feedback'.",2021-02-03 18:18:01,newest,com.google.android.dialer,mostly works still having on starting off again visual voicemail issues with tmobile in the us currently doesnt work would be 5 stars if it did  in response to googles message below yes i am on tmobile with a supported device with a supported carrier visual voicemail still does not work you have not fixed this or answered a question one more star dropped,LOGIN_BUG,0.40382229508369394
81755,gp:AOqpTOEiBZ-J_Sd2n49kfgjmipAD_HR3PTlCtsRBoLWP98kJ3HZ77pYSngYN-UKAsLWr9vETIfswQ9jtLpeQdt0,Eduardo HowCome Damiano Franco,https://play-lh.googleusercontent.com/a-/AOh14GhLJyHrXRpvGt-T4NJNX9PG-S6BvnOOg675XAFE7o4,My account has 100% used up all memory so i instull this G 1 or one to take this add space memory and my tooth wabbling hurts or my tongue keeps on moving rocking my lose tooth making much much worse,2,1,1.79.339194938,2020-12-06 22:40:49,,,most_relevant,com.google.android.apps.subscriptions.red,my account has 100 used up all memory so i instull this g 1 or one to take this add space memory and my tooth wabbling hurts or my tongue keeps on moving rocking my lose tooth making much much worse,LOGIN_BUG,0.40385767630510777
59140,gp:AOqpTOEpCm_k3pXwp2iHHUfea2WcuyKGe1Jo342coZzCi35VmJbhb-rRCRMfsLI_b8YIHmHmIgkuXhu7TssXRg,Peter Sibilant,https://play-lh.googleusercontent.com/a-/AOh14GgkGi9zhsPR8fuOaBcp4mlP0USHrT6aYZAzR7GdVw,"Really handy and a must for anyone half-way serious about security. However, would be handy to have a search feature in the app. Having to scroll through dozens of codes and passing what I'm looking for is a tad annoying. An option to backup/restore an encrypted database of codes, in the case of a lost, stolen, or broken phone is a must for an app that literally holds the keys to the accounts kingdom.",3,8,5.00,2020-05-09 03:56:43,,,most_relevant,com.google.android.apps.authenticator2,really handy and a must for anyone halfway serious about security however would be handy to have a search feature in the app having to scroll through dozens of codes and passing what im looking for is a tad annoying an option to backuprestore an encrypted database of codes in the case of a lost stolen or broken phone is a must for an app that literally holds the keys to the accounts kingdom,LOGIN_BUG,0.40416959575881456
34019,gp:AOqpTOG1CMgjgw4B1xCSyG5AzGRoUEiRcg5nRR6lUJWs0hzNCAC-7xikmG9hLkKk57cOvNHmU7gbwQP7RKhoQQ,AADITYA,https://play-lh.googleusercontent.com/-yncompQnDzY/AAAAAAAAAAI/AAAAAAAAAAA/AMZuucnUTsOGr7oI71qgkbG5tScCXR1iIw/photo.jpg,Ok nice at all but there was still some problems like kicking me out and goes turn off automatically what is this ❓❓❓I really don't know but please solve the problem because all my gaming account are joined with this application.,3,6,2020.09.21380 (332058963.332058963-000406),2020-10-23 02:57:04,"Sorry to hear you are experiencing an issue with the Play Games app, Aaditya. Let's try to clear the Play Games apps cache using these steps: Settings / Apps / Google Play Games / Storage / Clear cache. If the issue persists, reach out to our support specialists here: https://goo.gle/2QyJZSb.",2020-10-23 03:26:51,most_relevant,com.google.android.play.games,ok nice at all but there was still some problems like kicking me out and goes turn off automatically what is this i really dont know but please solve the problem because all my gaming account are joined with this application,LOGIN_BUG,0.4046053978873591
26564,gp:AOqpTOFxXjzFEMAU2qEXoz_FCjwZIWilS-ALtMYDF21GtF3G1-FUDe2hYmoNHdgGzHuwxYJxOkI_h8m5XxWgNQ,Edo Alva,https://play-lh.googleusercontent.com/a-/AOh14GjYjWvbDvuBy-2ffDgXelUC6zYgcUHfLG5jBG2nYA,"Work just fine in the beginning, and lasted quite long actually (for a few months after i installed this). But recently it doesn't even work.. swiping spacebar can't be done for changing the buttons into Korean character. I've found that some others experiencing same problem w/ me, some shared their solutions, i tried but it don't apply to me",2,0,1.3.0.90053456-armeabi-v7a,2015-07-22 16:12:02,,,most_relevant,com.google.android.inputmethod.korean,work just fine in the beginning and lasted quite long actually for a few months after i installed this but recently it doesnt even work swiping spacebar cant be done for changing the buttons into korean character ive found that some others experiencing same problem w me some shared their solutions i tried but it dont apply to me,UI_BUG,0.4052244220866098
34780,gp:AOqpTOEaewJtW5cFlKW8zNB4RvN3NaafZS0CJDhjBoCpGjfnCYO41JDJWxP0Xr_6mPHRt22Vj330Ri7DP5zCPx0,Nancy Corona,https://play-lh.googleusercontent.com/a-/AOh14GjQIKpEfTdmu6SvgjLtUA_lirtqUZBPWcHt9_7RCQ,I am no longer receiving email notifications on my Galaxy S10. This issue has been happening for a few weeks. I have tried the fix suggestions on other posts but the problem has not been resolved. My Galaxy S10 is a business line and I need to be notified of all incoming client correspondence. Please fix this issue Google.,1,16,2020.11.29.346182102.Release,2021-01-13 23:10:08,"That doesn't sound good, Nancy! We suggest that you follow the steps in this article: http://goo.gl/kWctv9 to see what may be happening. If the problem persists, we recommend that you post a topic in the Gmail Forum to get help from our experts: https://goo.gle/3586PHb. We hope we helped.",2021-01-13 23:58:35,most_relevant,com.google.android.gm,i am no longer receiving email notifications on my galaxy s10 this issue has been happening for a few weeks i have tried the fix suggestions on other posts but the problem has not been resolved my galaxy s10 is a business line and i need to be notified of all incoming client correspondence please fix this issue google,LOGIN_BUG,0.4055642891701299
52066,gp:AOqpTOHauga4Plbvmx5cYvN7ZN0meEMTGA5MVCpDh3xRjYHSyTfv8_Tn4VrcZcBub2k-Py_35tIvTiOxEKapyr8,Rohit kumar,https://play-lh.googleusercontent.com/a-/AOh14Gjf2KskFsF6Ui1hPVfoNTmznFWf9BXF-cSFi5rxTQ,"Since time limit on apps can be easily bypassed going to settings and disabling them,so I want you to provide a feature to set a password on digital wellbeing application",3,1,1.0.312292882,2020-07-20 15:55:16,,,most_relevant,com.google.android.apps.wellbeing,since time limit on apps can be easily bypassed going to settings and disabling themso i want you to provide a feature to set a password on digital wellbeing application,LOGIN_BUG,0.4057639706737752
2815,gp:AOqpTOGqFDPyzcyy85_eRR8pazCaEERASgWORj4UsZ94VzECqImA0mVrMqaXq7CmXPlAr0auOwyx6rSTGRiBlyE,potatoesonlypeep,https://play-lh.googleusercontent.com/a-/AOh14Gh_D-KmLf2DGZejztbx_oVzTQGo0uvvQFD8KoPaqg,"I love this app but it's a bit too light,if you could add a dark theme that would be amazing. The thing that I've noticed is that when you are on a call with somebody who is in the same house as you on 2 different divices it makes a loud screeching noise that hurts my ears.If you could please add a thing where you can press the person's profile picture and make it bigger because sometimes it might be a cute picture of my friend and I would want to save it but it's just stuck in its circle form.",3,559,36.0.340725045,2020-11-20 15:23:35,,,most_relevant,com.google.android.talk,i love this app but its a bit too lightif you could add a dark theme that would be amazing the thing that ive noticed is that when you are on a call with somebody who is in the same house as you on 2 different divices it makes a loud screeching noise that hurts my earsif you could please add a thing where you can press the persons profile picture and make it bigger because sometimes it might be a cute picture of my friend and i would want to save it but its just stuck in its circle form,PERFORMANCE_BUG,0.406382411441748
27888,gp:AOqpTOFwtidfFInRFmZEARkYd0cwYP-4eIHE4BluWPW9uPy6DZA_x7Vxau-dXaf4bAISGmTfUOWClUmzcUAQUA,Samuel Marinov,https://play-lh.googleusercontent.com/-yH971ARf8k8/AAAAAAAAAAI/AAAAAAAAR_U/AMZuucnQO1x-u92RZBjN6sJOopYbQZ56hg/photo.jpg,"Best swiping detection out of the main keyboards on Google Play, but needs work: 1. It slows the phone down, especially if it's an older phone. Disabling it definitely results in a performance improvement. 2. If you begin tapping on letters after opening the keyboard, swiping won't work, and you have to close and reopen the keyboard to swipe again. 3. Please, please allow an option for disabling press-and-hold on the spacebar.",3,197,10.1.04.342850159-release-arm64-v8a,2021-01-18 01:02:58,,,most_relevant,com.google.android.inputmethod.latin,best swiping detection out of the main keyboards on google play but needs work 1 it slows the phone down especially if its an older phone disabling it definitely results in a performance improvement 2 if you begin tapping on letters after opening the keyboard swiping wont work and you have to close and reopen the keyboard to swipe again 3 please please allow an option for disabling pressandhold on the spacebar,PERFORMANCE_BUG,0.4066714576175729
12520,gp:AOqpTOHVfFhJvqzXzMxFOhlXoA-Jxue4h2v8BfH7PMoqcbGPjM2C_9y78ll00_hXgohbBCgNnUMVVOFhpc-K0g,A Google user,https://play-lh.googleusercontent.com/EGemoI2NTXmTsBVtJqk8jxF9rh8ApRWfsIMQSt2uE4OcpQqbFu7f7NbTK05lx80nuSijCz7sc3a277R67g,"stop asking for ""account action required"" again and again and again and again and again and again and.....  😡",3,34,7.74,2017-07-25 13:37:59,,,most_relevant,com.google.android.apps.enterprise.dmagent,stop asking for account action required again and again and again and again and again and again and  ,LOGIN_BUG,0.40676332410201255
12762,gp:AOqpTOHVfFhJvqzXzMxFOhlXoA-Jxue4h2v8BfH7PMoqcbGPjM2C_9y78ll00_hXgohbBCgNnUMVVOFhpc-K0g,A Google user,https://play-lh.googleusercontent.com/EGemoI2NTXmTsBVtJqk8jxF9rh8ApRWfsIMQSt2uE4OcpQqbFu7f7NbTK05lx80nuSijCz7sc3a277R67g,"stop asking for ""account action required"" again and again and again and again and again and again and.....  😡",3,34,7.74,2017-07-25 13:37:59,,,newest,com.google.android.apps.enterprise.dmagent,stop asking for account action required again and again and again and again and again and again and  ,LOGIN_BUG,0.40676332410201255
36594,gp:AOqpTOEoDGWcYDXcucwQ6HBIYsLHp6NZ7vwwBwzgDfrfy3CLVyxfsi5FCNyz19jjv-C8t5dHqFofbwazmtI_4Q,Carolyn Twyman,https://play-lh.googleusercontent.com/a-/AOh14Gjl9BVPHWyQ10Jy_knGv3hFmxE2taltz91o2_Hsww,Syncs across devices beautifully but can't sort lists alphabetically or numerically; can search for a word but when using a smartphone the result only shows the title of the note the word is in - it doesn't go to the actual word; can't lock a note eg with a password; can't collapse notes to show title only so takes up too much room on a phone; can't list notes by most recently updated; can't add items to a list at both top and bottom. For those things the Colornotes app is way better.,3,10,5.20.511.03.40,2021-01-15 00:45:35,,,newest,com.google.android.keep,syncs across devices beautifully but cant sort lists alphabetically or numerically can search for a word but when using a smartphone the result only shows the title of the note the word is in  it doesnt go to the actual word cant lock a note eg with a password cant collapse notes to show title only so takes up too much room on a phone cant list notes by most recently updated cant add items to a list at both top and bottom for those things the colornotes app is way better,PERFORMANCE_BUG,0.4077404001290231
72145,gp:AOqpTOFrUJQAVYria9ZwwiY4Dy-Skg-M7mntGK-32LXF-0gtKRFmq4DvYfPSCYg6EuetqRZ_qxzUAmtoCXD6_g,Vansh Khanna,https://play-lh.googleusercontent.com/a-/AOh14GjajxPzuQh9cliokLxUTWUV35ohg0-3HKt5ZKY7cA,The app is perfect for the casual podcast listener. Very good. However it won't work without your google assistant and even the mark as played function will not work until you have stuff like web activity in your google account settings which is mentioned nowhere in the app. If you dont know that its literally unusable. How hard is it to have a complete settings page for everything in the app IN THE APP itself. Anyway can some dev please tell exactly what setting where needs to be on for this?,2,2,1.0.0.301897054,2020-12-21 00:48:25,,,most_relevant,com.google.android.apps.podcasts,the app is perfect for the casual podcast listener very good however it wont work without your google assistant and even the mark as played function will not work until you have stuff like web activity in your google account settings which is mentioned nowhere in the app if you dont know that its literally unusable how hard is it to have a complete settings page for everything in the app in the app itself anyway can some dev please tell exactly what setting where needs to be on for this,LOGIN_BUG,0.40776070329704533
88066,gp:AOqpTOH3Va_Tyv40TmiE6x5kv4oxSCYmFxabaNSVazVpduvcGL514eSqt9zA7X5fHYtYbWnuWsrCncbd4HUAS0Q,BIN WALID,https://play-lh.googleusercontent.com/a-/AOh14Gh5tqrYQ14x1dkf6PUdJ31Zm2sZiMPBccEhmmD2Ew,Improve it to enable login even the computer is at sleeping mode.,3,2,76.0.3809.37,2019-07-25 13:18:19,,,most_relevant,com.google.chromeremotedesktop,improve it to enable login even the computer is at sleeping mode,LOGIN_BUG,0.4079604711995454
88285,gp:AOqpTOH3Va_Tyv40TmiE6x5kv4oxSCYmFxabaNSVazVpduvcGL514eSqt9zA7X5fHYtYbWnuWsrCncbd4HUAS0Q,BIN WALID,https://play-lh.googleusercontent.com/a-/AOh14Gh5tqrYQ14x1dkf6PUdJ31Zm2sZiMPBccEhmmD2Ew,Improve it to enable login even the computer is at sleeping mode.,3,2,76.0.3809.37,2019-07-25 13:18:19,,,newest,com.google.chromeremotedesktop,improve it to enable login even the computer is at sleeping mode,LOGIN_BUG,0.4079604711995454
33500,gp:AOqpTOG1CSuIMp2whruSk_ANbzA9kwTuzF-6HOJ9zMXpPLXBABciyuZuJBYYLc1lf-9xQb52-cqoc_WgfmZ8jw,Good Heaps,https://play-lh.googleusercontent.com/a-/AOh14Gg_isllrEE7CwtPRAy9YHn3r0OD76wjjfM6r5Wt,"Quick to take my $ but when a developer wont restore my purchase or progress theres no help ive emailed developer a few times ive been polite i waited over a month but no reply, the other games from dogbyte are issue free, tried email below but useless its no reply so why have it there? Why is there no easy help? found some community thing ? google cant even be bothered to help like im just a piece of scum now, db are ripping me off how do i get it restored or refunded, maybe i'll ask the bakery",1,389,2020.11.22814 (348073629.348073629-000406),2021-01-18 12:36:16,,,most_relevant,com.google.android.play.games,quick to take my  but when a developer wont restore my purchase or progress theres no help ive emailed developer a few times ive been polite i waited over a month but no reply the other games from dogbyte are issue free tried email below but useless its no reply so why have it there why is there no easy help found some community thing  google cant even be bothered to help like im just a piece of scum now db are ripping me off how do i get it restored or refunded maybe ill ask the bakery,LOGIN_BUG,0.40813490191467666
38553,gp:AOqpTOH3VfjJb7j555-dqvAnTb3YY7SssPo-eJZgql88oZ0q5SI6U52UAE37vA2kc8N0u6B9cAedfaOafDdD2rE,FaithCsHope,https://play-lh.googleusercontent.com/a-/AOh14GjXRMRXnuvjzgnlxCN7nn1n8okDKkfDqOBKEgRO4Q,cant contol has fast talk back os reading. i sped it up and no option to slow it down. + symbol in shortcut menue is now faded after being turned up all the way. ff and rr also cannot be selected and never could all though i see them on shortcut...they are faded out as well. my husband is disabled and needs this rectified.,2,2,7.2.0.220693075,2019-03-13 01:21:09,,,most_relevant,com.google.android.marvin.talkback,cant contol has fast talk back os reading i sped it up and no option to slow it down  symbol in shortcut menue is now faded after being turned up all the way ff and rr also cannot be selected and never could all though i see them on shortcutthey are faded out as well my husband is disabled and needs this rectified,UI_BUG,0.40833866922957524
44713,gp:AOqpTOH5CpQRASOwcvifXxDh6YqTTAVnJ0dsQsuY9Qc8VKDSZW2nx91d7gJkSweiQI_pvGb1vDLRzK3446Ykdg,Catherine Kan,https://play-lh.googleusercontent.com/a-/AOh14Ggsi674tTWrgoI83unTZSDUzlvHAy5MoFU-BKglEw,"Please, make youtube music available in Kazakhstan. I love youtube and always listen to playlists on it, but it uses too much battery energy from my phone. So when I found out that there is youtube music app I felt excited, but ended up being dissapointed to know that it will be restricted in functionality due to my geographic location. I hope that you will take it into consideration to provide global access to the app, because I am very certain that I am not the only one that loves youtube.",3,9,4.09.51,2021-01-12 08:39:52,,,most_relevant,com.google.android.apps.youtube.music,please make youtube music available in kazakhstan i love youtube and always listen to playlists on it but it uses too much battery energy from my phone so when i found out that there is youtube music app i felt excited but ended up being dissapointed to know that it will be restricted in functionality due to my geographic location i hope that you will take it into consideration to provide global access to the app because i am very certain that i am not the only one that loves youtube,PERFORMANCE_BUG,0.4087126546407863
88725,gp:AOqpTOHLMixmldaeMSbGHXyDLs9P3qy6dBtsJ-YhMjRAYigkV_mPqdR7omXNVPSZ8RBd0Y0hpwjGuakKiR4-IkE,Brad Leon,https://play-lh.googleusercontent.com/a-/AOh14Gj2Ohh_Lz02ZDyzsGgBan7VYzRVwMllT0Zjv2g7,"Garbage. Absolute garbage. Poorly designed, as if they slapped it together in a hurry. on phones, you can never seem to be able to join a meeting. literally, so you have a video call app, that can't join video calls. always says something like: ""failed to join meeting"" Also, on computers, It lags my computer SO MUCH. My computer fan sounds like a small vacuum cleaner every time I'm in a google meet. Even if there is only like 2-3 people in it. Also, the white bar at the bottom blocks the tiles when someone is presenting, so you have to manually click sidebar. I am only giving this a 1 star because I can't give it 0 stars. Google meet is like a McDonald's, because you only use it when you literally have no other options. No one uses it because it is actually good. I can't tell you how many times my google meet has just stopped mid-class or in the middle of a test. also, presenting audio doesn't even work most of the time. Another huge problem is that google meet seems to not understand how my camera works because If I press to turn my camera off, google meet has a stroke/seizure and crashes my browser.",1,422,2020.11.29.345116913.Release,2021-01-13 02:13:28,,,most_relevant,com.google.android.apps.meetings,garbage absolute garbage poorly designed as if they slapped it together in a hurry on phones you can never seem to be able to join a meeting literally so you have a video call app that cant join video calls always says something like failed to join meeting also on computers it lags my computer so much my computer fan sounds like a small vacuum cleaner every time im in a google meet even if there is only like 23 people in it also the white bar at the bottom blocks the tiles when someone is presenting so you have to manually click sidebar i am only giving this a 1 star because i cant give it 0 stars google meet is like a mcdonalds because you only use it when you literally have no other options no one uses it because it is actually good i cant tell you how many times my google meet has just stopped midclass or in the middle of a test also presenting audio doesnt even work most of the time another huge problem is that google meet seems to not understand how my camera works because if i press to turn my camera off google meet has a strokeseizure and crashes my browser,UI_BUG,0.40871639442394553
59090,gp:AOqpTOFL7RzBrnT-1kc0-ZU8jULjKC6YZt8cjLPIYrhYLJ8YFVnI_wsi2LEYOmCD_VxgBijVxWr3Pa-86CqghQ,Richard Greasley,https://play-lh.googleusercontent.com/a-/AOh14Gjrjp9xUMhx3LyUgsdGHoiXWNDpooaI8nG6V14bW-0,"Weird issue with one of my accounts that required the time correction solution. The other services were fine. I use MS authenticator as well and it never had an issue with the code. Further, some form of biometric or pin/password/pattern security should be enabled to protect this application. Maybe it's just me, but the application does seem like someone just wanted an authenticator app and did just that and left it unpolished.",3,35,5.10,2021-01-15 15:05:01,,,most_relevant,com.google.android.apps.authenticator2,weird issue with one of my accounts that required the time correction solution the other services were fine i use ms authenticator as well and it never had an issue with the code further some form of biometric or pinpasswordpattern security should be enabled to protect this application maybe its just me but the application does seem like someone just wanted an authenticator app and did just that and left it unpolished,LOGIN_BUG,0.408806174580117
38531,gp:AOqpTOFnk7WFa8jFoBeN9CKlge0CFM1xwQJx4dNK-NNJtMuSY4gqQAoH1jGBYbC4sGOVvqSZRG8v7xe-QE_VZ1Y,Vicki Fowkes,https://play-lh.googleusercontent.com/a-/AOh14GgqAY-8tVrDRL2cEuTHp1bRKc91pFd0YS9Tl3sY1A,"Unwanted not needed. From other reviews from folk who actually use this, it seems a bit if a flat tyre. Looks to seriously need to be fixed. Its a great idea and I commend it but fur those who like me dont use it, it needs to be uninstallable. Why can this not just be available at the store rather than preinstalled. Over a billion downloads my foot. Has any one person had the choice to install it or are all those forced on jobs?please give us the choice on whether to install these apps or get the",2,8,5.0.4,2019-01-15 04:05:58,,,most_relevant,com.google.android.marvin.talkback,unwanted not needed from other reviews from folk who actually use this it seems a bit if a flat tyre looks to seriously need to be fixed its a great idea and i commend it but fur those who like me dont use it it needs to be uninstallable why can this not just be available at the store rather than preinstalled over a billion downloads my foot has any one person had the choice to install it or are all those forced on jobsplease give us the choice on whether to install these apps or get the,PERFORMANCE_BUG,0.40913127371813257
50583,gp:AOqpTOHPiDAIRbKSWk6YSzIiI3oucxkw3HpAWP4WUL7TKkMolT-t9HadqxUFjVpNb-SdIB5sX8Fy3I4YHPc_BRc,Erika D Lindsey,https://play-lh.googleusercontent.com/a-/AOh14Gg49LcM3L7r1f8fw-gnfaCzss_Mum4gMJdoUMN48Q,it use to work for me. people use to call saying they found me on google. now no one calls saying they found me on google. deleting my account. no longer useful. looks like i have visitors just looking at my pics. i heard google looks for the top rated businesses and then clones them for their own twisted purposes. i guess you get what you pay for. bye google. how can i delete my listings. also how can i delete pics i posted on line as a public posting.,2,0,,2019-04-14 13:17:01,"Hey Erika,

Deleting your listing will only remove it from your account, and not from Google Maps. Learn more here: https://support.google.com/business/answer/4669092?hl=en. Connect with us through our social channels for tips on optimizing your listing to its maximum potential: Twitter (@GoogleMyBiz) or Facebook (facebook.com/googlemybusiness)",2019-04-16 18:39:01,most_relevant,com.google.android.apps.vega,it use to work for me people use to call saying they found me on google now no one calls saying they found me on google deleting my account no longer useful looks like i have visitors just looking at my pics i heard google looks for the top rated businesses and then clones them for their own twisted purposes i guess you get what you pay for bye google how can i delete my listings also how can i delete pics i posted on line as a public posting,LOGIN_BUG,0.40919463200186285
55126,gp:AOqpTOENENxf1A1rkR5Hlar4YmegXVJcc6KNUkQByFcJfcxTjLvEjpXK7hoXHqnNNs2WxmdhjGu9bdkbVsSRHKM,WSTUFF,https://play-lh.googleusercontent.com/a-/AOh14GjNj-Go7EqWWJYZ2X7WNJFWK3xQA2N8jtoTKmnjgg,this app is only for ages 2 to 7 because there is SO much stupid videos for babies and I had this app until late July 2018 *which is great* also there are pg 13 videos on this app and I didn't care about it and in november of last year coppa was made by someone for NO reason and theres also the creator of it said people under 13 can't have a yt account SO THIS APP SHOULD BE DELETED FROM ALL OFF THE APP STORES,1,134,5.45.3,2021-01-02 23:03:40,,,most_relevant,com.google.android.apps.youtube.kids,this app is only for ages 2 to 7 because there is so much stupid videos for babies and i had this app until late july 2018 which is great also there are pg 13 videos on this app and i didnt care about it and in november of last year coppa was made by someone for no reason and theres also the creator of it said people under 13 cant have a yt account so this app should be deleted from all off the app stores,LOGIN_BUG,0.4096813268387924
8477,gp:AOqpTOFQ2rVTKE_TrqTXsgBqRuMTOoJFb_j4oeu98n2goj816a0lkwXJ9btnguMYMmpnGeBcMNXW0u0NSIwUqw,Carlette Norwood,https://play-lh.googleusercontent.com/a-/AOh14GjEfL5esbQXjCYtj5eEOXlLeN41-r2P8Kh8qjoEw2k,Google calendar is not syncing with my other calendars and not displaying Zoom meetings which are the most important. I still have to open Zoom or Outlook to see them. Why use Google at all then? Edit: I already tried and it screwed up my Outlook w/ that address error message every few minutes. There is no solution to that secret address error message on the entire internet and 100s of people have asked. I had to finally reload 365 to get rid of it so please do not tell people that.,1,13,2020.48.5-347345946-release,2020-12-19 01:27:34,"Hi Carlette. Have a look at this guide to sync your Calendar with computer programs: https://goo.gle/2H19IOE. For further help, please create a new thread in our Google Calendar Help Community for our experts to review: https://goo.gle/2QnxTMN. Thanks.
",2020-12-18 07:15:15,most_relevant,com.google.android.calendar,google calendar is not syncing with my other calendars and not displaying zoom meetings which are the most important i still have to open zoom or outlook to see them why use google at all then edit i already tried and it screwed up my outlook w that address error message every few minutes there is no solution to that secret address error message on the entire internet and 100s of people have asked i had to finally reload 365 to get rid of it so please do not tell people that,PERFORMANCE_BUG,0.4098891204487874
56378,gp:AOqpTOGbWO6ABwF48K1ODCfXCowOQxxayMHvAhjgleopM9pjFUM8dKGW1cf1IjXrC31stQSFUmxZGnLMFbHSGg,SamGaminginRoblox,https://play-lh.googleusercontent.com/a-/AOh14Gi-2oSw30FeDTmJVhSFYr3huu4ZcUm99r1kZePtMg,I am giving it a 1 star because when you put secure phone/tablet you need to type in a password to keep it safe and when I want to unsecure the tablet I can't then I didn't know what will happen when you press the erase device never press erase device because it can remove memories of the tablet please make it that we can disable the secure so that it will make it better for me to unsecure because I lost my work because of it.,1,0,,2020-12-27 20:20:22,,,most_relevant,com.google.android.apps.adm,i am giving it a 1 star because when you put secure phonetablet you need to type in a password to keep it safe and when i want to unsecure the tablet i cant then i didnt know what will happen when you press the erase device never press erase device because it can remove memories of the tablet please make it that we can disable the secure so that it will make it better for me to unsecure because i lost my work because of it,LOGIN_BUG,0.41109057901624285
56363,gp:AOqpTOHwNxFE7PiefOouqpnZZwN8ni6rh3VxgxAJnGxos_E-FjUz95bmTubx7NOoyx9prckUwvY1y67Mflu6bQ,John Lumsdon,https://play-lh.googleusercontent.com/a-/AOh14GjiDH7h4px06kdezAA0aUhv84qiv4x3vy8G8Es0,"(Read a few 5-star reviews - they're why I took a chance) Seems the only experience I'll ever have w/this app is none at all. Input my email address, no prob. Input the password, get a msg, ""internet connection down."" Really? You rcvd my review, right? Didn't send this, USPS or even FedEx, soooo my ISP gateway must work purdy well. Your turn... I'll keep the app installed until Friday; that should provide ample time for a fix, work-around, etc.. Happy Thanksgiving and, uh.... oh yeah, Skoal!!",1,90,2.4.033,2020-11-24 05:25:55,,,most_relevant,com.google.android.apps.adm,read a few 5star reviews  theyre why i took a chance seems the only experience ill ever have wthis app is none at all input my email address no prob input the password get a msg internet connection down really you rcvd my review right didnt send this usps or even fedex soooo my isp gateway must work purdy well your turn ill keep the app installed until friday that should provide ample time for a fix workaround etc happy thanksgiving and uh oh yeah skoal,LOGIN_BUG,0.41114893315182377
87974,gp:AOqpTOG7LULfsMsPi2y0vTwAIqwE3yFn8u0qb2DBpZrGOy5FOgsILa2mbgoLIrCMFgVNz-DJCSo1YCdZO6ka0Wc,Franz Ordiales,https://play-lh.googleusercontent.com/a-/AOh14GhUt6BTNUNzkJmJNpneTQy27lu4iqhd9jRtpAVRYA,"When connecting to a Mac, entering the password will only bring up the number keypad not the full keyboard, when pressing on the numbers it wont press the one you pressed on.",3,3,76.0.3809.37,2019-12-04 11:34:39,,,most_relevant,com.google.chromeremotedesktop,when connecting to a mac entering the password will only bring up the number keypad not the full keyboard when pressing on the numbers it wont press the one you pressed on,LOGIN_BUG,0.41122978405272437
88246,gp:AOqpTOG7LULfsMsPi2y0vTwAIqwE3yFn8u0qb2DBpZrGOy5FOgsILa2mbgoLIrCMFgVNz-DJCSo1YCdZO6ka0Wc,Franz Ordiales,https://play-lh.googleusercontent.com/a-/AOh14GhUt6BTNUNzkJmJNpneTQy27lu4iqhd9jRtpAVRYA,"When connecting to a Mac, entering the password will only bring up the number keypad not the full keyboard, when pressing on the numbers it wont press the one you pressed on.",3,3,76.0.3809.37,2019-12-04 11:34:39,,,newest,com.google.chromeremotedesktop,when connecting to a mac entering the password will only bring up the number keypad not the full keyboard when pressing on the numbers it wont press the one you pressed on,LOGIN_BUG,0.41122978405272437
35938,gp:AOqpTOGNfqGH7qt0AW1K4Lg5XvCN0IWlw8XtNpke9WSO90ITxzXzCnRT1reutRA54eFCxLSjhRgTgjVRW12alQ,Carol L,https://play-lh.googleusercontent.com/a-/AOh14GiMJHPT8PoJvPmRFPiB8LY4DBmOZ7BMLztVXY7Rfg,"I used this to keep track of daily medications times. 3 times now it lost my entire day of notes, plus the days I archived. Luckily, after the first time, I sent a copy to a folder in one of my drives. Getting rid of it and finding a new one.",1,0,5.20.491.01.40,2021-01-13 16:02:51,,,most_relevant,com.google.android.keep,i used this to keep track of daily medications times 3 times now it lost my entire day of notes plus the days i archived luckily after the first time i sent a copy to a folder in one of my drives getting rid of it and finding a new one,UI_BUG,0.4112528452164641
16369,gp:AOqpTOFp7d9Q9hxC5RsZK_7f-iWOrbepEnaVYBIJvJHrb89OSKS4Mz0rn9eoDSn5u0rjoC2tSXkIelA37d3WdSE,Gsep Bot,https://play-lh.googleusercontent.com/-V_9u2GaWdtE/AAAAAAAAAAI/AAAAAAAAAAA/AMZuuckDDAfnRYtvXjuXt8I7onotW59fBA/photo.jpg,"Good vision hobbled by terrible limitations. I intended to fully replace the microsoft suite of products and migrate my business over to google. Unfortunately the mobile app is crippled by hideous inefficiencies and is totally incapable of basic changes to things like pivot tables. Immediately put a stop to the migration. Uploading a csv file & conducting data cleaning takes 3 times as long with sheets because of its terrible mobile UI. If you are serious about getting work done, forget sheets.",1,467,1.20.422.03.45,2020-11-15 06:07:36,,,most_relevant,com.google.android.apps.docs.editors.sheets,good vision hobbled by terrible limitations i intended to fully replace the microsoft suite of products and migrate my business over to google unfortunately the mobile app is crippled by hideous inefficiencies and is totally incapable of basic changes to things like pivot tables immediately put a stop to the migration uploading a csv file  conducting data cleaning takes 3 times as long with sheets because of its terrible mobile ui if you are serious about getting work done forget sheets,PERFORMANCE_BUG,0.4112795571657679
58728,gp:AOqpTOFbTNq09A-lXL1FQSqBe8a7_M-TwFs_5mI47aEnT__BxdJOQgGUDZLxneZ4r2dpORMGm6PGxjakoAvntA,Alex Goutorov,https://play-lh.googleusercontent.com/a-/AOh14GhsGVTItbUPl0alfi8YIF3DKN81iR_GO9ayNovroQ,"For the sake of your health - mental and physical - please, DO NOT use this app. I wish I've read these reviews before I had set up the 2 step verification for my Evernote account with this app. It nicely generates the codes, but they do not match those that (in my case) Evernote expects.",1,10,5.10,2021-01-13 07:54:30,,,most_relevant,com.google.android.apps.authenticator2,for the sake of your health  mental and physical  please do not use this app i wish ive read these reviews before i had set up the 2 step verification for my evernote account with this app it nicely generates the codes but they do not match those that in my case evernote expects,LOGIN_BUG,0.41179596104190624
56565,gp:AOqpTOEL5UdL-C9d8LhEs7Vi2naHaNe4VXm16cZgmtzfkVgOTnupCNNZi13uXWjCpsCl4QzNNYgIVLjUJky0rw,Daniel Chris Ronan,https://play-lh.googleusercontent.com/a-/AOh14Ggxt9m8g27DC1xjWlq3VjtNfzvfaiMaKxKMFBbDUw,"this app worked wonderfully and help me locate my main phone using my secondary phone! However, once I found it my secondary phone was stuck with a notification from the app that you cannot get rid of you cannot delete that you cannot sideswipe at nothing! This is f****** pissing me off can someone tell me how to get rid of this goddamn thing? And the best part is when you Google about this problem there's no answers anywhere! I would have given five-stars, but this notification won't go away!",2,72,2.3.008,2018-12-22 17:32:58,,,most_relevant,com.google.android.apps.adm,this app worked wonderfully and help me locate my main phone using my secondary phone however once i found it my secondary phone was stuck with a notification from the app that you cannot get rid of you cannot delete that you cannot sideswipe at nothing this is f pissing me off can someone tell me how to get rid of this goddamn thing and the best part is when you google about this problem theres no answers anywhere i would have given fivestars but this notification wont go away,PERFORMANCE_BUG,0.4122725154141881
28699,gp:AOqpTOHdOhhOOf0E8CGM_abTp95FRIFtqZZBkqvUpF7xTv4d2PN6HNviVgEeeH0t2tA5WgXlRCN4n11_hZT4NA,Lisa Harkins,https://play-lh.googleusercontent.com/a-/AOh14Ghqtw_vEnl4MV-1OOckpswYMg__Up0PzyA7yofbrA,The Google Map sent me way out of the way and up a mountain in the opposite direction of where I was going. By the time I figured it out I was 40 miles in the opposite direction. Also those ads are blocking me from seeing the map! It won't let dismiss it. So I down loaded another nap. I'm disappointed with Google it was a good so before.,1,10,10.59.1,2021-01-30 22:01:51,"Hi Lisa, we would love to learn more about the issue and help. Please create a post in our Google Maps forum so that our community of experts can assist you https://goo.gl/tEyBk",2021-01-29 15:06:22,most_relevant,com.google.android.apps.maps,the google map sent me way out of the way and up a mountain in the opposite direction of where i was going by the time i figured it out i was 40 miles in the opposite direction also those ads are blocking me from seeing the map it wont let dismiss it so i down loaded another nap im disappointed with google it was a good so before,PERFORMANCE_BUG,0.4127058753926305
83952,gp:AOqpTOEbaLPVTpIW87v8mSpdjrfB4h-dkr8N7isQPUrLOkPh4rGwQ-yVKoenyqgTOkPzhpb-9bFVQQPA1kT-RQ,Juan Estrada,https://play-lh.googleusercontent.com/a-/AOh14GhydZ04Ej6mXxfh7S038xJAsffvdz9FwVpHZ5kZXw,This app took forever to connect to my Sony Bravia. It asked me to set up my wifi password to connect my TV to the network... the keyboard on this app doesn't work... this software is trash and from what I've read... Google has done nothing to fix it.,1,5,1.1.0.3876957,2020-09-20 03:43:26,,,most_relevant,com.google.android.tv.remote,this app took forever to connect to my sony bravia it asked me to set up my wifi password to connect my tv to the network the keyboard on this app doesnt work this software is trash and from what ive read google has done nothing to fix it,LOGIN_BUG,0.4136918676013698
14053,gp:AOqpTOEbHhqVJrOqFDV-WLtaIn5-BgUR8j9Cg1MJmI7rb-_7jtslS2jRXwVBOVpeYi0ANSUKuog6b4DnHrvpEg,Jeffrey Ludmir,https://play-lh.googleusercontent.com/a-/AOh14Gj2rZ4tWYFrg4i-5hwG7WLJB36AEsmPjR1knyKw8Ag,Waiting for backup it shows greyed out tried reinstalling clear cache also did a full reset on my phone still showing same issue. It only works when I remove my password & fingerprints. A lot of people having the same issue!,1,0,2.21.021.04.45,2021-02-04 06:55:01,,,newest,com.google.android.apps.docs,waiting for backup it shows greyed out tried reinstalling clear cache also did a full reset on my phone still showing same issue it only works when i remove my password  fingerprints a lot of people having the same issue,LOGIN_BUG,0.4139843202872971
32768,gp:AOqpTOHiaphgwgMpzdS0BHgW_PQ0qE8Xb8vvLUbZlQ9MC1cYg2vtscoImEsCB5T3wfszKaELLMij9P_ffWwMmL8,star mccallon,https://play-lh.googleusercontent.com/-cNt8toQ9crA/AAAAAAAAAAI/AAAAAAAAAAA/AMZuucmmbf6mjkXxBhEnSHMMMddVfhE3AA/photo.jpg,Well its gd but everytime i have got a new phone i have had to make a whole new google and when i keep the same email it always tells me that my password is wtong and i have to change it and i my photos dont all save and they only go back a few years and also there is blank white squars where the pics should be when i get down to milddle of pic either just a few pics will be there every so often or none,3,3,5.25.0.351407873,2021-01-20 05:34:10,,,most_relevant,com.google.android.apps.photos,well its gd but everytime i have got a new phone i have had to make a whole new google and when i keep the same email it always tells me that my password is wtong and i have to change it and i my photos dont all save and they only go back a few years and also there is blank white squars where the pics should be when i get down to milddle of pic either just a few pics will be there every so often or none,LOGIN_BUG,0.4140344957428151
88721,gp:AOqpTOEI-8uBWTfEcUrgJFx9zB3qNzOmp_2BAbG7Ts7Df_BBGvj8z7DklhrGlwa8FAr1CIH9V9IJb0zCxpfeKkU,zara edwards,https://play-lh.googleusercontent.com/-ilZVIQkdIDk/AAAAAAAAAAI/AAAAAAAAAAA/AMZuucnInO19-Hf3TvIzwbMHzksK1W9VRQ/photo.jpg,"Hand raising not showing. So child was unable to let teacher know when it was her turn to speak. Update to developer's response- the hand raise icon was not showing. Therefore my child was unable to let her teacher know when it was her turn to speak. When I wrote my initial review I was very frustrated, hence the lack of detail. How do I solve this matter, moving forward as there will be future meetings and if my children are unable to speak; it's essentially useless.",1,89,2020.11.29.345116913.Release,2021-01-21 08:41:40,"Hi, Zara. You can use Hand Raise to let the moderator know that you'd like to speak. Check this guide to learn how to use it and its requirements: goo.gle/2UER4Tr. Hope this helps.",2021-01-20 18:10:46,most_relevant,com.google.android.apps.meetings,hand raising not showing so child was unable to let teacher know when it was her turn to speak update to developers response the hand raise icon was not showing therefore my child was unable to let her teacher know when it was her turn to speak when i wrote my initial review i was very frustrated hence the lack of detail how do i solve this matter moving forward as there will be future meetings and if my children are unable to speak its essentially useless,UI_BUG,0.4140426716404973
28048,gp:AOqpTOHtRy7EDsnLRhGQekffKiirjXHlXQnLlpI1ly_zzxmMWG21fR4TeXFi28oPxZt8zFAe6AUaACh3UlYYcw,Erick Garcia,https://play-lh.googleusercontent.com/a-/AOh14Gg8VshTwVdV_wH18F6nqMWGigBammH-9y8Gp-mEjoc,"suggestion..i hope future updates would support padding at the bottom part of the keyboard or provide space at the bottom so the keyboard will move up thus beneficial to those phones that are bezelless...we need the keyboard to move up a little, having space in the bottom to avoid accidentally hitting the home navigation gesture...thank you",3,5,10.0.02.338070508-release-arm64-v8a,2020-12-19 16:35:36,,,most_relevant,com.google.android.inputmethod.latin,suggestioni hope future updates would support padding at the bottom part of the keyboard or provide space at the bottom so the keyboard will move up thus beneficial to those phones that are bezellesswe need the keyboard to move up a little having space in the bottom to avoid accidentally hitting the home navigation gesturethank you,PERFORMANCE_BUG,0.41417409615855144
46756,gp:AOqpTOESkkDJzdI4XF0Pg81BaYnP6TZ-Lr0VIRqh3lnVT9sRQzflrDd5D47UsZLm9YmDgTnHfck7Z1lqt53OMw,almass a khan,https://play-lh.googleusercontent.com/a-/AOh14GhHG7mmTrUNHdaZOa-J8kEyju8h3HiFqsmjMn1tCg,"My previous review was deleted after the email i got from the develper "" The generic template replies"" Previous review: If works then all is great. Often the phone will not connect or will have weird no sound issues or random restarts. Talking about random restart sometimes it is more frequent some times every hour or so. ICE - Sony X5500 & Poineer 5950Bt Phones - Oneplus 6, 6t, 7t pro, Lg G6 & V20. And yes i've been to forums. Same stories there.",1,1,6.0.615334-release,2021-01-30 21:18:30,"Hi there. We’d like to understand the issue better and help troubleshooting. When you have a moment, visit our user community: https://goo.gle/2S6zkAg and tell us more. You can also check out Android Auto FAQ here: https://goo.gle/2ra2tja. Thanks for reaching out.
",2021-01-26 16:18:00,most_relevant,com.google.android.projection.gearhead,my previous review was deleted after the email i got from the develper  the generic template replies previous review if works then all is great often the phone will not connect or will have weird no sound issues or random restarts talking about random restart sometimes it is more frequent some times every hour or so ice  sony x5500  poineer 5950bt phones  oneplus 6 6t 7t pro lg g6  v20 and yes ive been to forums same stories there,LOGIN_BUG,0.41421364011220735
34799,gp:AOqpTOFU9rBp74zvMQcELqkrMN1DTcOQahxF396coUc0rmbVfV60oy_nAzWBkcAKYv3D4vdT6BWNhBPxGU1M-eA,Eugene Jerling,https://play-lh.googleusercontent.com/-4_U_44wlYjw/AAAAAAAAAAI/AAAAAAAAAAA/AMZuucnoaGZD3FBOmGLJYsIT0M0d6XLK6Q/photo.jpg,"I can't view the content of my emails. I'm using a tablet but can only see the left hand side of the page. When I attempt to scroll along, it bring on the next email rather than the right side of the page.",1,0,2020.12.27.355085521.Release,2021-02-04 16:41:54,"Hello, there! We suggest that you follow the steps in this article: http://goo.gl/kWctv9 to see what may be happening. If the problem persists, we recommend that you post a topic in the Gmail Forum to get help from our experts: https://goo.gle/3586PHb. We hope we helped.",2021-02-04 16:44:43,newest,com.google.android.gm,i cant view the content of my emails im using a tablet but can only see the left hand side of the page when i attempt to scroll along it bring on the next email rather than the right side of the page,LOGIN_BUG,0.41441579921405786
11342,gp:AOqpTOEfT2SpM1aRx5ZY85YzmgBwZAVPntonCmGeGxtqzQzoOEUMqZt3ZTX6-UdGk-X-suFjYPUjJLA8doohnPs,Yulong Li,https://play-lh.googleusercontent.com/a-/AOh14GgykZ3LfBjIp5OCGK894iF7_qU8nsbq4x-2poIX,"(updated Sep, 2019) After my phone upgraded to Android 10, the alarm stops working. I always get missed alarm notification, however phone never ring (absolutely not because of the volume setting). --- I wish I could have alarms listed in upcoming order. I have more than 10 repeated alarms for a single week,and they are now in the order of exact ""time"" (am to pm). 6am is listed on top, even though it will be 3 days later. And I have to go all the way to the bottom for a same day evening event.",3,46,6.2 (259367952),2019-09-05 11:09:19,,,most_relevant,com.google.android.deskclock,updated sep 2019 after my phone upgraded to android 10 the alarm stops working i always get missed alarm notification however phone never ring absolutely not because of the volume setting  i wish i could have alarms listed in upcoming order i have more than 10 repeated alarms for a single weekand they are now in the order of exact time am to pm 6am is listed on top even though it will be 3 days later and i have to go all the way to the bottom for a same day evening event,PERFORMANCE_BUG,0.41460959243964723
11314,gp:AOqpTOF_k2RRFqS02Izf8dvUvCb3zI5s6SRMiQ2gD28c0crnSOWYpX5UAfTS36MiDjsNOIhp7G3Lb8sV0M-jOKo,Stephanie Taylor,https://play-lh.googleusercontent.com/a-/AOh14GgBqE8Y1I3Qdh-dMTyXag6COdA0N28D2HD5oCwp,"Recently they made a change to the alarm. If you have it set to vibrate as well as make noise, it will vibrate for a long time before it makes noise. This allows me to wake up enough to snooze or turn off the alarm, but not wake up enough to realize I need to get up. This has caused me to over sleep several times since the update, and I am really not pleased. I prefer to have the alarm vibrate as well as make noise, because it's that much more likely to wake me if there are multiple things going on.",3,0,6.0 (216586633),2018-10-31 11:13:12,,,most_relevant,com.google.android.deskclock,recently they made a change to the alarm if you have it set to vibrate as well as make noise it will vibrate for a long time before it makes noise this allows me to wake up enough to snooze or turn off the alarm but not wake up enough to realize i need to get up this has caused me to over sleep several times since the update and i am really not pleased i prefer to have the alarm vibrate as well as make noise because its that much more likely to wake me if there are multiple things going on,PERFORMANCE_BUG,0.4146441143602545
37335,gp:AOqpTOFrCelYUxp3_LrEYpdP2WTUYzoPMOugXZkMBw1AIyxON9ZKU0XOtcrIOCC3BPgkOKq68lVRrnuR-_gx28M,Sean Manning,https://play-lh.googleusercontent.com/-0c0zdmp7psg/AAAAAAAAAAI/AAAAAAAAAKw/AMZuuclTR2U-Rlsnid1JgDqs-8b2nkNqtQ/photo.jpg,"Glitch, temperamental little app. Could be better identifying where you were on the map VS where you started. Sometimes freezes when scrolling down a street, unfreeze it jumps about. Wish I could hide the suggestions or whatever that is on the bottom.",2,2,2.0.0.110363243,2019-06-25 19:12:15,,,most_relevant,com.google.android.street,glitch temperamental little app could be better identifying where you were on the map vs where you started sometimes freezes when scrolling down a street unfreeze it jumps about wish i could hide the suggestions or whatever that is on the bottom,PERFORMANCE_BUG,0.41520731422586415
61560,gp:AOqpTOEsF-6YW8ZWMGe1-tpjTWwbgNZvEDJ0g6DGzIWwYUgXoMJr2j6QNVPT1CC9_9CgVLfFnmwX04nXGyyh6g,Kristin Miller,https://play-lh.googleusercontent.com/a-/AOh14GhrloyXuJD4B3CxdSnlt5r00UBRztPBVkvDApL04w,"This app is great, easy way to earn money to buy things in the app store. I just wish there was a way to cash it out to paypal or another account. I don't purchase to many games and the movie selection is crazy because you can watch them all on amazon for free.",3,1,2020102601,2021-01-06 20:57:00,,,most_relevant,com.google.android.apps.paidtasks,this app is great easy way to earn money to buy things in the app store i just wish there was a way to cash it out to paypal or another account i dont purchase to many games and the movie selection is crazy because you can watch them all on amazon for free,LOGIN_BUG,0.4158434941754653
92629,gp:AOqpTOEeIINeclBk6EmWGrSHEVGvicaxhRl1e-a5s8vTRmggBxaP5VDW5NdTQANF9AY8SmW3VUtaM8-sLgvR2O4,Trevor,https://play-lh.googleusercontent.com/-iGUwdqWYPKE/AAAAAAAAAAI/AAAAAAAAA_c/AMZuucmvm8LSELC_IqT0rt-SG15VzqVBzw/photo.jpg,GA4 data not populating. GA4 is terrible anyway. So much less data and less customization. Please allow users an option to create a universal analytics account instead of defaulting to GA4 for new properties.,1,0,4.1.342289521,2020-11-15 16:20:06,"Thank you for your feedback. We apologize for the inconvenience, the data should be available for GA4 properties. Please contact us at analytics-app-feedback@google.com with more details so that we can help resolve the issue. Thanks!",2020-11-30 21:21:20,most_relevant,com.google.android.apps.giant,ga4 data not populating ga4 is terrible anyway so much less data and less customization please allow users an option to create a universal analytics account instead of defaulting to ga4 for new properties,LOGIN_BUG,0.41591900324023034
92787,gp:AOqpTOEeIINeclBk6EmWGrSHEVGvicaxhRl1e-a5s8vTRmggBxaP5VDW5NdTQANF9AY8SmW3VUtaM8-sLgvR2O4,Trevor,https://play-lh.googleusercontent.com/-iGUwdqWYPKE/AAAAAAAAAAI/AAAAAAAAA_c/AMZuucmvm8LSELC_IqT0rt-SG15VzqVBzw/photo.jpg,GA4 data not populating. GA4 is terrible anyway. So much less data and less customization. Please allow users an option to create a universal analytics account instead of defaulting to GA4 for new properties.,1,0,4.1.342289521,2020-11-15 16:20:06,"Thank you for your feedback. We apologize for the inconvenience, the data should be available for GA4 properties. Please contact us at analytics-app-feedback@google.com with more details so that we can help resolve the issue. Thanks!",2020-11-30 21:21:20,newest,com.google.android.apps.giant,ga4 data not populating ga4 is terrible anyway so much less data and less customization please allow users an option to create a universal analytics account instead of defaulting to ga4 for new properties,LOGIN_BUG,0.41591900324023034
35097,gp:AOqpTOHm0rQv2Ny9xKHdj6_tMHPsI6C-NK4p9YNcaiHa7dh8x2mGGeKUnL0zvS8xdsOY0yDe4CsKhi9bMyOontE,Shaun Lester,https://play-lh.googleusercontent.com/-NsOISqT6lpA/AAAAAAAAAAI/AAAAAAAAAAA/AMZuucl1xFaihO86Wc8lPkIuc1H_UvdNxg/photo.jpg,"I can't ""mass delete"" emails. There needs to be a ""select all"" function instead, I have to hand select everything I want to delete which makes clearing up my storage incredibly cumbersome. It's quite the draw back. You think with as much as data Google gathers on its users they wouldn't have such a stripped-down basic app.",3,1,2020.11.29.346182102.Release,2021-01-28 01:16:23,"Hello, Shaun. Thanks for your comment. It's only possible to delete multiple messages using a computer. Check this article to know more: goo.gl/ZjMxEe. You can also send feedback to our developers by following these steps: Gmail App > Help & Feedback > Send feedback. Thank you.",2021-01-28 02:15:01,most_relevant,com.google.android.gm,i cant mass delete emails there needs to be a select all function instead i have to hand select everything i want to delete which makes clearing up my storage incredibly cumbersome its quite the draw back you think with as much as data google gathers on its users they wouldnt have such a strippeddown basic app,LOGIN_BUG,0.416688258677436
51495,gp:AOqpTOFXQPSeoKgJZ4i7jNQtvtbtWIMzezIcpmMKDjP2Qt6PZAobbewgjkSmkdFeVgOdlWh8JfOO5EAzJiwG8j8,David Rapelje,https://play-lh.googleusercontent.com/a-/AOh14GjLKT0kAByGgPWQFugsTq5bBeHfMY3-43zSNMbcHg,"I would really like to wrire this app a good review, but Google just plain stinks. One would think that account recovery using your phone number being tied to your google voice number would be proof enough. But NO, too challanging for the lazy at google. But on another note how about being spammed to death with ads & their prying eyes on everything you do to be sold to Chickity China who gave us Covid-19!!",1,123,1.0.344030641,2020-12-23 20:19:03,,,most_relevant,com.google.android.apps.wellbeing,i would really like to wrire this app a good review but google just plain stinks one would think that account recovery using your phone number being tied to your google voice number would be proof enough but no too challanging for the lazy at google but on another note how about being spammed to death with ads  their prying eyes on everything you do to be sold to chickity china who gave us covid19,LOGIN_BUG,0.41675458230071294
34971,gp:AOqpTOE7sIhJPi7U_bNjiHNds0YWN8uTlTT2_Kf9aENeVstxbhAsR619hWq2BDP3xFqBjBoGiKrJyrEajarRHZ4,Expllicit,https://play-lh.googleusercontent.com/a-/AOh14GgLbgjVht5_tQR1bYtMYBPdnI4j_9-G1_2mn-T6,"Awesome app. Love that you can add more than just gmail. Just needs a "" mark all as red "" or "" select all "" option to easily organize or delete emails. Fast and effective as usual.",2,0,2020.11.29.346182102.Release,2021-01-27 14:08:58,"Hi there. Thanks for your comment. It is only possible to select all emails at once on a computer. Open Gmail on a computer, click on the checkbox in the left top corner to select all emails. If possible, please share your feedback with our product team, follow the steps in this article: goo.gle/2ViQNr2. Kind regards.",2021-01-27 14:29:38,most_relevant,com.google.android.gm,awesome app love that you can add more than just gmail just needs a  mark all as red  or  select all  option to easily organize or delete emails fast and effective as usual,LOGIN_BUG,0.4169309444562117
35050,gp:AOqpTOEJTHpvXiVm8dmkRRc6WCD8w8CrMU_UOGTzYZP0Gun5D0sj69LijonKsn7RcYFsr_xEKaKk1IvaJtMTG2w,Ross Walker,https://play-lh.googleusercontent.com/-u3m9zv5dt3k/AAAAAAAAAAI/AAAAAAAAAAA/AMZuucmLgfvBttUwlLpca2fLb7gaTSvGiA/photo.jpg,A bit disappointing that Gmail app notifications don't seem to be working. I've missed some important emails and have to check manually. Having to try other apps that may be more up to the task. * Thanks for the link that can't be accessed or copied from your reply.,2,0,2020.11.29.346182102.Release,2021-02-03 03:15:15,"Hi there. We suggest you try the steps in the topic ""I am not receiving notifications"": https://goo.gle/36d07hS. If there are still issues you can post a question in our Gmail-Forum to get help from our experts: https://goo.gle/31PaCHq. Kind regards.",2021-02-01 20:40:51,newest,com.google.android.gm,a bit disappointing that gmail app notifications dont seem to be working ive missed some important emails and have to check manually having to try other apps that may be more up to the task  thanks for the link that cant be accessed or copied from your reply,LOGIN_BUG,0.4173811925325488
44583,gp:AOqpTOEp3N_urik-aegRONn5bHH6d-m0URd_bR9hjBT8LtUTqOJGo6XsS-JlgpUkIEPHPaDtNPlZCvYVJRQRFA,Sean Lovato,https://play-lh.googleusercontent.com/a-/AOh14GhO1hzXQwvnqWLXm3j7_uZqk7rus5e8LgC96A24Oug,"The random is lame. If you choose a recently added song, hit random, it just loops the 15 newest songs from a 95 song playlist... And half the time they are in roughly the same order! Also, you can't put local downloads into your playlists... What's the point? I like Google's variety and interconnectivity, and I'd like to stay loyal to the brand, but this is tedious. Meanwhile, Spotify has a 4.5 ⭐ rating and I'm starting to feel left out.",2,2,4.10.50,2021-01-16 16:06:44,,,most_relevant,com.google.android.apps.youtube.music,the random is lame if you choose a recently added song hit random it just loops the 15 newest songs from a 95 song playlist and half the time they are in roughly the same order also you cant put local downloads into your playlists whats the point i like googles variety and interconnectivity and id like to stay loyal to the brand but this is tedious meanwhile spotify has a 45  rating and im starting to feel left out,PERFORMANCE_BUG,0.4176671372991671
80822,gp:AOqpTOGCDlNBLMkfGrVBzzwRXXvNvRCQLua050-X4YJ30K6HwcmxZCJzkY5Yeud82BtB2dWiGz10KbNagrq5XA,Raniel Andri Faderugao,https://play-lh.googleusercontent.com/a-/AOh14GhEQnye0xKkA9TlKIfA2CoOMk9PLJOXCKWcPZV85Q,It is almost perfect if it were not for its lack of customization and other essential features like sorting albums/pictures as well as having no scroll bar to navigate all my photos like the ones in google photos. Please add up more features!! This might be the best gallery for android if updates get better.,3,14,1.0.6.276177221 release,2019-11-02 20:54:25,,,most_relevant,com.google.android.apps.photosgo,it is almost perfect if it were not for its lack of customization and other essential features like sorting albumspictures as well as having no scroll bar to navigate all my photos like the ones in google photos please add up more features this might be the best gallery for android if updates get better,PERFORMANCE_BUG,0.41791130817519134
92796,gp:AOqpTOFIQI-w-SDJHF28Kqw5UM1W0TYMsQgGK_blfcCjr_qew-BvMBPaO0xOHlrC-lZgV8ZqcjbMwBOeIAWQuXQ,Sam Nichols,https://play-lh.googleusercontent.com/-7XpfMvhmrDc/AAAAAAAAAAI/AAAAAAAAAAA/AMZuucmfWFRB0FbYtdPynckmdKHlZ3ntrw/photo.jpg,"Don't use most recent update! I lost all my dashboards from all accounts, and the new dashboards use 2 layers of metrics filtering instead of 3 for the previous version, so most of the saved metrics I used aren't even possible now. This sucks! How do I rollback to the old version? On top of all that, there's no apparent way to switch accounts now? Google has totally lost it. Most of their products are garbage now.",1,29,4.0.329364267,2020-11-07 03:24:50,"Thank you for your feedback. We apologize for the inconvenience. Clicking Ecommerce shouldn't lead to Realtime reports. Please contact us at analytics-app-feedback@google.com with more details so that we can help resolve this issue. For everything else, we are working on these features and will have them available/improved in the future updates.",2020-10-12 15:49:59,newest,com.google.android.apps.giant,dont use most recent update i lost all my dashboards from all accounts and the new dashboards use 2 layers of metrics filtering instead of 3 for the previous version so most of the saved metrics i used arent even possible now this sucks how do i rollback to the old version on top of all that theres no apparent way to switch accounts now google has totally lost it most of their products are garbage now,PERFORMANCE_BUG,0.41825517844507293
26859,gp:AOqpTOEtOCq0DCu8Hp78RXdVgP0UPvydSHZCIDWLhUI727vs46LEF2xBckTOmtlZBoiGitw2KqpJgWA47Prhbg,K. HZT,https://play-lh.googleusercontent.com/a-/AOh14GhdkQGI_U2l28fd7slCYoXCt9wWuKW7zixY25PEqQ,I like the updated layout but hating the auto correct! Please stop turning words I typed into acronyms! I already turned off the auto correction but it just won't work. And the cute emoticons... please give them back!,3,2,1.2.0.79223859-x86,2014-11-14 18:07:36,,,most_relevant,com.google.android.inputmethod.korean,i like the updated layout but hating the auto correct please stop turning words i typed into acronyms i already turned off the auto correction but it just wont work and the cute emoticons please give them back,UI_BUG,0.41888139228864735
6323,gp:AOqpTOGzaKVHfVYKi9J08nznXmmp6XrU2Wc7i1itDzyTXSwr8c6hLL38PetcGtrmqagsCx7cu1vgfgpYMsik1w,Morris Foster,https://play-lh.googleusercontent.com/a-/AOh14GjTsmLPAd2AsGgazl7ME9sdpdU9GmHoKiapu4S2,It wasn't a very good experience I kept trying to get login and fuse to let me log in I need your help can you help me I appreciate it I like to have feedback on this to that would be a good thing by all means,2,1,2.120.344959027,2021-01-10 22:50:48,Hi Morris. Let's connect you to a specialist for further assistance. Visit: http://goo.gle/3bmogJa. Let us know that we responded to your Play Store review and that your issue should be escalated. Thanks!,2021-01-12 17:36:59,newest,com.google.android.apps.walletnfcrel,it wasnt a very good experience i kept trying to get login and fuse to let me log in i need your help can you help me i appreciate it i like to have feedback on this to that would be a good thing by all means,LOGIN_BUG,0.41919014488151796
6220,gp:AOqpTOGzaKVHfVYKi9J08nznXmmp6XrU2Wc7i1itDzyTXSwr8c6hLL38PetcGtrmqagsCx7cu1vgfgpYMsik1w,Morris Foster,https://play-lh.googleusercontent.com/a-/AOh14GjTsmLPAd2AsGgazl7ME9sdpdU9GmHoKiapu4S2,It wasn't a very good experience I kept trying to get login and fuse to let me log in I need your help can you help me I appreciate it I like to have feedback on this to that would be a good thing by all means,2,1,2.120.344959027,2021-01-10 22:50:48,Hi Morris. Let's connect you to a specialist for further assistance. Visit: http://goo.gle/3bmogJa. Let us know that we responded to your Play Store review and that your issue should be escalated. Thanks!,2021-01-12 17:36:59,most_relevant,com.google.android.apps.walletnfcrel,it wasnt a very good experience i kept trying to get login and fuse to let me log in i need your help can you help me i appreciate it i like to have feedback on this to that would be a good thing by all means,LOGIN_BUG,0.41919014488151796
36672,gp:AOqpTOFPk6rpGlxJcGiNN7p8lssRy38PDUruDtqpKjVBnBnqX6bJff6vCQWneSJA-OVs41pkRq0Rz9Kl843RMg,John Taniel,https://play-lh.googleusercontent.com/-dOeHbWTS_iE/AAAAAAAAAAI/AAAAAAAAAAA/AMZuucmoeNFqUkYDUaonHdbwCAP1QaatZw/photo.jpg,"App has worked great for a long time on my two devices, sharing notes with my wife's two devices. Suddenly one of my devices is out of the loop -- the other three sync just fine. I am logged in to the proper account and have the latest version. No amount of cache clearing, uninstall/reinstall, phone reboot makes a difference.",3,23,5.20.491.01.40,2020-12-30 23:08:34,,,newest,com.google.android.keep,app has worked great for a long time on my two devices sharing notes with my wifes two devices suddenly one of my devices is out of the loop  the other three sync just fine i am logged in to the proper account and have the latest version no amount of cache clearing uninstallreinstall phone reboot makes a difference,LOGIN_BUG,0.4192010750316074
36339,gp:AOqpTOFPk6rpGlxJcGiNN7p8lssRy38PDUruDtqpKjVBnBnqX6bJff6vCQWneSJA-OVs41pkRq0Rz9Kl843RMg,John Taniel,https://play-lh.googleusercontent.com/-dOeHbWTS_iE/AAAAAAAAAAI/AAAAAAAAAAA/AMZuucmoeNFqUkYDUaonHdbwCAP1QaatZw/photo.jpg,"App has worked great for a long time on my two devices, sharing notes with my wife's two devices. Suddenly one of my devices is out of the loop -- the other three sync just fine. I am logged in to the proper account and have the latest version. No amount of cache clearing, uninstall/reinstall, phone reboot makes a difference.",3,23,5.20.491.01.40,2020-12-30 23:08:34,,,most_relevant,com.google.android.keep,app has worked great for a long time on my two devices sharing notes with my wifes two devices suddenly one of my devices is out of the loop  the other three sync just fine i am logged in to the proper account and have the latest version no amount of cache clearing uninstallreinstall phone reboot makes a difference,LOGIN_BUG,0.4192010750316074
33495,gp:AOqpTOHqiPTEHM_LY7yKtq0qwXXyP1Jv7EWDhkxp3SlL7Y-9dwCLVu7uAfcPGip5yH9umHOmbzWV8j2TyWlFbw,JeRo Me,https://play-lh.googleusercontent.com/a-/AOh14GgGc-12ICurm9WC-lrxKFyHAuAKGyaDhjMinydWVg,"It keeps disabling itself. Please fix the issue. Im having difficulty switching accounts in my apps because everytime im about to, there will be a notif saying ""google play service required some action"" and i needed to enable it everytime manually. Fix this problem already. Its already been 3weeks since im experiencing this issue. Ill rate you 1Star for now. Fix the issue and ill rate you decently.",1,47,2020.11.22814 (348073629.348073629-000408),2021-01-29 08:42:15,,,most_relevant,com.google.android.play.games,it keeps disabling itself please fix the issue im having difficulty switching accounts in my apps because everytime im about to there will be a notif saying google play service required some action and i needed to enable it everytime manually fix this problem already its already been 3weeks since im experiencing this issue ill rate you 1star for now fix the issue and ill rate you decently,LOGIN_BUG,0.4195220256519447
34744,gp:AOqpTOFxQ0qGFS39Q5Xy5rWXQpfWMhV05gV0g-XDqnPTUgd07SqsVRB7_gS6Xz6K8F8IyagCbS8wTP1J7lWp9GE,Julius Lasam,https://play-lh.googleusercontent.com/-FoiEGfo4OJQ/AAAAAAAAAAI/AAAAAAAAAAA/AMZuucm9Wo5Az6f6iBS0JN69AHC_HArDgw/photo.jpg,I was a victim of phishing that this app failed to filter as spam or malicious. This costed me a fortune and my lifetime savings. Users beware! It would have not been the case if the exact email address of senders are NOT HIDDEN by default rather HIGHLIGHTED to inform the unsuspecting receivers what they are opening or dealing with. Such a shame that this could have been prevented with a simple software tweak. Poor users. PLEASE DO ACTION!!!,1,6,2020.11.29.346182102.Release,2021-01-08 00:58:21,,,most_relevant,com.google.android.gm,i was a victim of phishing that this app failed to filter as spam or malicious this costed me a fortune and my lifetime savings users beware it would have not been the case if the exact email address of senders are not hidden by default rather highlighted to inform the unsuspecting receivers what they are opening or dealing with such a shame that this could have been prevented with a simple software tweak poor users please do action,LOGIN_BUG,0.4201343850761913
62946,gp:AOqpTOGsOr-KYi-YTpXew4gZVKhOo6HipxGOm0dNIzkCFaJuB92h3xs7ESIdnxYdS5wWG0d61NpXVrk7dx8wbw,Aaliyah Smith,https://play-lh.googleusercontent.com/a-/AOh14Gjm2F8HeNqIYp_WgrautfAemffvef4uCnGzHx3LQX4,"The app was perfectly fine until a couple of days ago. There seemed to be some trouble with sending and receiving messages. My phone plan is still on and the phone is paid off, so this makes me wonder does it's slowness have to do with the phone being paid off or just a glitch with the app. To go further into detail, the keyboard ans the typing bar never popped up and messages with words or picture attachments wouldn't send. I was very confused but it is now 3 days later and it's seems normal.",3,0,7.1.084 (Hickory_RC10.phone_dynamic),2021-02-03 19:38:47,"Hi, Aaliyah. We're sorry to hear that. Please see this link: https://goo.gle/2QKhL7g. If you are still experiencing issues, please submit a feedback within the Messages app by tapping the three dot menu in the top right corner - Help & Feedback - Send Feedback. Thank you.",2021-02-03 19:47:53,newest,com.google.android.apps.messaging,the app was perfectly fine until a couple of days ago there seemed to be some trouble with sending and receiving messages my phone plan is still on and the phone is paid off so this makes me wonder does its slowness have to do with the phone being paid off or just a glitch with the app to go further into detail the keyboard ans the typing bar never popped up and messages with words or picture attachments wouldnt send i was very confused but it is now 3 days later and its seems normal,PERFORMANCE_BUG,0.4202156847240237
67353,gp:AOqpTOERW8G1jsW944B8GonCIg6vUcotL1hbUC4wz_NZjj9_K7h90uw0iHwFj0mP6_iuQi97tzIszu3EZiCxdoI,khetha mkhize,https://play-lh.googleusercontent.com/-NdfLch2gsTI/AAAAAAAAAAI/AAAAAAAAAAA/AMZuuclQq-VLK0LRjSPczLnOJ0a6MBSUuQ/photo.jpg,I cant type when I login into some social media platforms using Google Go.,2,3,3.14.328904281.release.go,2020-09-03 17:45:45,"Hi Khetha! Sorry you're experiencing issues. Try one of the following: 1. Close the application by swiping it away, then reopen it 2. Restart the device 3. Update the Google Go application to the latest version Hope this helps.",2020-09-03 17:55:07,most_relevant,com.google.android.apps.searchlite,i cant type when i login into some social media platforms using google go,LOGIN_BUG,0.4209684927937113
2997,gp:AOqpTOFE32bR_AlKl7odwNw-2Q6RGFBu2vlBxAha0Lp5Lb6q3GMPNyccQnWpjwtjxaz1TsscpfQbf023Y4p39N0,Juzme Cindy,https://play-lh.googleusercontent.com/a-/AOh14GihHdMCsCDlWHcuxkW9t6XSx6QnRdgJw9pFU61R-RE,#1) Nothing seems to be done with imposters reported. All email information should be made visible so the reporting can properly take place also. So that you are able to block a certain email if it is repeatedly disturbing and should also have a way of showing what phone # is being dialed from the phone when using Hangouts calls so you can reach the person or business if the app or internet is not available. #2) Phone calls are often struggled with poor connection or delays with overseas.,3,32,35.0.327050771,2020-09-20 20:38:02,,,most_relevant,com.google.android.talk,1 nothing seems to be done with imposters reported all email information should be made visible so the reporting can properly take place also so that you are able to block a certain email if it is repeatedly disturbing and should also have a way of showing what phone  is being dialed from the phone when using hangouts calls so you can reach the person or business if the app or internet is not available 2 phone calls are often struggled with poor connection or delays with overseas,LOGIN_BUG,0.4209995828733478
12052,gp:AOqpTOE_sC8fgVjB2FEyZ9rd4dRvVG69kq63JYQrlev3zNDk6sTH0Jo-5vWFJWeblLVH3mHwvFFMO64T0q_Zjw,harpal singh,https://play-lh.googleusercontent.com/a-/AOh14Gjv0rwjpBIvG-g3OmcPc7UpwEKFC_1aaMiIAyXw_jw,First google product totally disappointment. Seems beta version. Installed works perfactly. Next day unable to open work gmail. Unregistered and registered again.. All personal accounts in work profile... waste of time,1,60,,2019-04-18 08:54:28,,,most_relevant,com.google.android.apps.enterprise.dmagent,first google product totally disappointment seems beta version installed works perfactly next day unable to open work gmail unregistered and registered again all personal accounts in work profile waste of time,LOGIN_BUG,0.4214475766665896
39545,gp:AOqpTOHzoJf-kiiD5PjaIH7biJOHIW-IUvzHc2KGzge4w4mbJyaM6_Rl41DfpOs6sRSu0DngVekI11XGVfK0wQ,Tom Geldner,https://play-lh.googleusercontent.com/a-/AOh14GhM7c7aEt1Gu93gnYtlK_lrFH1C_UOVv-YUjd-3lA,Annoying app that won't stay put. I can't put it in a Google folder out of the way because it keeps reinstalling itself at the end of all my other apps. There is no way to freeze it in place. Good thing I've never bought movies or other entertainment content from Google because it appears that lots of people are getting screwed out of their previous purchases because of this app.,1,165,4.23.23.44,2020-12-06 01:37:40,,,most_relevant,com.google.android.videos,annoying app that wont stay put i cant put it in a google folder out of the way because it keeps reinstalling itself at the end of all my other apps there is no way to freeze it in place good thing ive never bought movies or other entertainment content from google because it appears that lots of people are getting screwed out of their previous purchases because of this app,PERFORMANCE_BUG,0.4220972678673407
34754,gp:AOqpTOHMRADqbzzWGAUvDXXDEpDwzwvA8dL1UiFEtVnVgJ5KbDoXCiMhroMNLzywOxyJmjCfJAmI5PNkXp_igxc,trinitynight00,https://play-lh.googleusercontent.com/a-/AOh14Ggq_YOxTfldxkD7QliqU25bb1GePZXwzeYgd5Fn,"It is really frustrating that after all this time, there is still no ""select all"" function with the emails to easily delete them all instead of going through and selecting them one at a time. Maybe take some notes from Yahoo, yea?",1,0,2020.11.29.346182102.Release,2021-02-01 04:10:09,"Hi there. Thanks for your comment. It's only possible to delete multiple messages using a computer. Check this article to know more: goo.gl/ZjMxEe. You can also send feedback to our developers following these steps: Gmail App > Help & Feedback > Send feedback. Thank you.
",2021-02-01 09:07:18,most_relevant,com.google.android.gm,it is really frustrating that after all this time there is still no select all function with the emails to easily delete them all instead of going through and selecting them one at a time maybe take some notes from yahoo yea,LOGIN_BUG,0.42279357358853714
50327,gp:AOqpTOG_foU03MRsyeUoq_hl9GukCM8LrQcJwOqnwhcbrbw6L5zw53DJx4LqJ7MFCaRUHpgbnsaYUmkS1YNNPyo,Paul Parr,https://play-lh.googleusercontent.com/a-/AOh14Gi3g8jkarFmI25sU25VEoX68rFcmtd7rmeeYwRDBT0,"Terrible app that's only purpose to have you advertise on Google, but refused to communicate on issues. Google will draft your account, but not respond to mischarges, overcharges, communication issues or complaints.",1,2,3.32.0.343402770,2021-01-02 12:17:58,,,most_relevant,com.google.android.apps.vega,terrible app thats only purpose to have you advertise on google but refused to communicate on issues google will draft your account but not respond to mischarges overcharges communication issues or complaints,LOGIN_BUG,0.4231530098188585
58751,gp:AOqpTOHwd3z7hcu0YhYgF-0JmgL_AU5Zag5cO5azSTiC4fn-ZYZc1KLvJKe3NdgI6YF4K-crt4GSS8FOoD4I8Q,Tris Dass,https://play-lh.googleusercontent.com/a-/AOh14GgYgR97pKGG0blv5XedNQRC8ex0d7sp9Pz0fksLvg,"After changing phones, I got locked out of my blog and never got it back. It was a hassle. I can't delete the blog, migrate. I've tried communicating with the site. It was a mess. I rather not use it and opt for a regular password change instead.",1,15,5.10,2021-01-03 07:20:31,,,most_relevant,com.google.android.apps.authenticator2,after changing phones i got locked out of my blog and never got it back it was a hassle i cant delete the blog migrate ive tried communicating with the site it was a mess i rather not use it and opt for a regular password change instead,LOGIN_BUG,0.4235202711931536
58989,gp:AOqpTOFJxCxqEKeAed3Pc0L3N3PKCGQTCZQ6xQxK6J2UE121ryZob8_3Ll0qvO-ZLsHiQOVpmkwnkxmQ0oYU0g,Michael Lancaster,https://play-lh.googleusercontent.com/-njBAYQdvAmM/AAAAAAAAAAI/AAAAAAAAAAA/AMZuuckMbnXaCybDpdXNhOOhKjKHBKpuQg/photo.jpg,"I had my phone stolen at work and I got a replacement and because I had authenticator on my email, I couldn't retrieve it on my new phone nor receive any of the codes to reclaim it. And there is somehow no contingency from Google to fix this, I have tried multiple times with adequate info of ownership and still get denied that I'm the owner. So be careful when using this. Works great but on the other hand you can get screwed if you ended up in a situation like mine",2,0,5.10,2021-02-04 07:10:47,,,newest,com.google.android.apps.authenticator2,i had my phone stolen at work and i got a replacement and because i had authenticator on my email i couldnt retrieve it on my new phone nor receive any of the codes to reclaim it and there is somehow no contingency from google to fix this i have tried multiple times with adequate info of ownership and still get denied that im the owner so be careful when using this works great but on the other hand you can get screwed if you ended up in a situation like mine,LOGIN_BUG,0.4236919444401867
16593,gp:AOqpTOFRVUUW3hBP_Sq0ouCv8muDOelCfXu0MFDZwlsIu1JLQbnw9bAKLaLVt4wDst9csOIU4WsPnF2bh3AyJrI,John Soliz,https://play-lh.googleusercontent.com/a-/AOh14GiVX3RXLDiFYjTpLR1m6Rkd3wY2ogQz98SLDpwZhQ,"For whatever reason, I keep going into ""view only"" mode. I switch devices and it works for a little while on the new device then goes to ""view only"". This probably wouldn't be so frustrating if I wasn't out in the field in a fast paced work environment. This trips me up and gets me bogged down on my production. Time is money and this is slowing me down big time!",2,1,1.21.022.03.40,2021-02-04 02:18:23,,,newest,com.google.android.apps.docs.editors.sheets,for whatever reason i keep going into view only mode i switch devices and it works for a little while on the new device then goes to view only this probably wouldnt be so frustrating if i wasnt out in the field in a fast paced work environment this trips me up and gets me bogged down on my production time is money and this is slowing me down big time,PERFORMANCE_BUG,0.4237561855753259
2457,gp:AOqpTOFwBGjYX5l2APWvAanfaYjDpsJsh5LOBytZtFdlCZwzJnkEuJTRdlzpn4Vvr9kyuNY0iLgtOlUYmkb7U8g,Jerry Weeks,https://play-lh.googleusercontent.com/a-/AOh14Gi8M2Xag4ButjLXoWv9AmXikGWVmnhdWXXnXaqWPA,"What was once good has become a minefield of meetings that refuse to connect due to already ongoing meetings. Launch of email instead of hangouts. What used to be a very easy to use social, family oriented app has become a horrendous mix of failed Zoom, doomed Skype and some sort of business app. Google keep business and leisure, family seperate, please, this is neither in nor out, it's a fudge. Don't destroy what was a good app in pursuit of some business vision, families are not business.",1,87,36.0.340725045,2020-12-22 19:12:40,,,most_relevant,com.google.android.talk,what was once good has become a minefield of meetings that refuse to connect due to already ongoing meetings launch of email instead of hangouts what used to be a very easy to use social family oriented app has become a horrendous mix of failed zoom doomed skype and some sort of business app google keep business and leisure family seperate please this is neither in nor out its a fudge dont destroy what was a good app in pursuit of some business vision families are not business,LOGIN_BUG,0.42383651705404246
73373,gp:AOqpTOESz90PUNWnh7n6djMxZy_QvzYgl2Btvm4YX_LO5-eRSJ-5G81XaRCq-L68NpcMNrn-gYygyIMiKDIGHU8,Lachlan Gordon,https://play-lh.googleusercontent.com/a-/AOh14GifFqfvuxbpQesolXMXSZnoV7D23KA7jmGldyWgcg,"This app is great if you want to micromanage your kids phone and give them almost no freedom. While I see the point of this app for younger kids I belive their needs to be a version of this app made for older children that allows them more freedom. For example taking away the kids locks on Google as their are websites (some I need to use for school, history, health etc) that are inacessable with this app downloaded.",2,46,flh.release.1.25.0.G.283349593,2020-01-30 08:38:35,,,most_relevant,com.google.android.apps.kids.familylinkhelper,this app is great if you want to micromanage your kids phone and give them almost no freedom while i see the point of this app for younger kids i belive their needs to be a version of this app made for older children that allows them more freedom for example taking away the kids locks on google as their are websites some i need to use for school history health etc that are inacessable with this app downloaded,PERFORMANCE_BUG,0.4241299169225196
34751,gp:AOqpTOFrLhUDXLnedErVikwW-TpkzQx-itPCFC_WDxmNhzmLc2ykKJXPvRzNR2JGPRct66ZijQLUNPk6uNyn94c,Fortune Mahule,https://play-lh.googleusercontent.com/a-/AOh14Ghr1z7ZqdKf2skASZyOm2fitI3tmy47eTvlZO2R,"It was a great well rounded app. Of late it has been in the pits really, If attachments exceed even a mere megabyte, the email will chill in the outbox folder until it sends by itself. It takes 3 days sometimes. I have no issues with the web version, Fix your application.",1,0,2020.11.29.346182102.Release,2021-01-20 05:37:38,"Hi there. If you are not able to send emails with attachments, let's try the following steps from our help center: https://goo.gle/31k92ND. If the problem persists, we recommend that you post a topic in the Gmail Forum to get help from our experts: https://goo.gle/3586PHb. We hope we helped.",2021-01-21 02:52:30,most_relevant,com.google.android.gm,it was a great well rounded app of late it has been in the pits really if attachments exceed even a mere megabyte the email will chill in the outbox folder until it sends by itself it takes 3 days sometimes i have no issues with the web version fix your application,LOGIN_BUG,0.4243674525155251
58933,gp:AOqpTOFqQYQCYDR-_j04bY4BljdmZc58ssv0kHcusVvJB58py0ACL4imjXhWapoXLqOHOQwaBu8_PAvzYuP_Ow,John Trapp,https://play-lh.googleusercontent.com/a-/AOh14GiynP9MQHCNys5VcByaTQVXZUKxunqGGQGx8th2y8U,"More Google Abandonware, unfortunately. It does the job, but the UX is terrible once you get more than 20 codes. Microsoft's Authenticator is much, much better. (Also, of course you can't transfer the codes, they are device specific! Any sort of backup would defeat the purpose! Don't forget to download the backup codes and store them in a safe place in case you lose/refresh your phone!)",2,55,5.00,2019-10-06 00:32:58,,,most_relevant,com.google.android.apps.authenticator2,more google abandonware unfortunately it does the job but the ux is terrible once you get more than 20 codes microsofts authenticator is much much better also of course you cant transfer the codes they are device specific any sort of backup would defeat the purpose dont forget to download the backup codes and store them in a safe place in case you loserefresh your phone,PERFORMANCE_BUG,0.42461824704286316
85598,gp:AOqpTOG2_86Jx1AcdOd58GId5kFMOH42KNMNUxpWJ7t461gRirc5CoLVDo2nLLg46UQmqwS_hQ4dYiutsb5k_w,A Google user,https://play-lh.googleusercontent.com/EGemoI2NTXmTsBVtJqk8jxF9rh8ApRWfsIMQSt2uE4OcpQqbFu7f7NbTK05lx80nuSijCz7sc3a277R67g,"wallpapers are good,but still needs improvements. the image displayed should be motivational/inspirational coz every day when i woke up to switch off the alarm in my mobile....i'd to turn on my screen,if the first thing i see in the morning which uplifts me....my whole day would me inspirational.kindly update those images",3,1,1.3.169416333,2019-01-04 01:07:15,,,most_relevant,com.google.android.apps.wallpaper,wallpapers are goodbut still needs improvements the image displayed should be motivationalinspirational coz every day when i woke up to switch off the alarm in my mobileid to turn on my screenif the first thing i see in the morning which uplifts memy whole day would me inspirationalkindly update those images,UI_BUG,0.4248958902281738
59307,gp:AOqpTOEXDh9DaKS4R59aJnwgXcJuMywEiPUAu8mPRWQrYxC81QycexFO-wqR6Mp84yqgsI-qSu3Zwgse1Utkfw,Timothy Steele,https://play-lh.googleusercontent.com/a-/AOh14GjGrgOcivY6drK7V5biElB4vzISmSjD9Q5xUKwTDQ,Needs a desktop app if my wife is ever on my phone I can't login to anything wich forces me to use authy instead of this Also I tried to export to authy now it always say someone tried to hack me no way to say it was me or to get that warning to go away App works but very outdated Please give this app some love google,3,0,5.10,2021-01-24 03:43:02,,,newest,com.google.android.apps.authenticator2,needs a desktop app if my wife is ever on my phone i cant login to anything wich forces me to use authy instead of this also i tried to export to authy now it always say someone tried to hack me no way to say it was me or to get that warning to go away app works but very outdated please give this app some love google,LOGIN_BUG,0.4249497917058449
37120,gp:AOqpTOH1gG29Ui1MUp7v74mx1dG8L-gS37XClSc2M7ETgOSia2aVloRs85dx-POMrTvLzEjp9cTTO0kPjTRnEKQ,Ker Zol,https://play-lh.googleusercontent.com/-1LJFmhIPk8w/AAAAAAAAAAI/AAAAAAABGoc/AMZuucmDWqnXX_xO93oYEYq2_m8qhEtv1Q/photo.jpg,"Photo locations messed up. Uploaded 20+ 360 panoramas with exact location data. Connected them in the app. Few days later checked and found that half of the photos are like 10 kms away from the original location, and the connections are messed up. Moved and connected them again, now waiting to see what's going to happen.",1,185,2.0.0.327474152,2020-08-24 13:16:02,,,most_relevant,com.google.android.street,photo locations messed up uploaded 20 360 panoramas with exact location data connected them in the app few days later checked and found that half of the photos are like 10 kms away from the original location and the connections are messed up moved and connected them again now waiting to see whats going to happen,PERFORMANCE_BUG,0.4249728177389615
44532,gp:AOqpTOGg1Wi13SfADJTrjiEnAlH3D5-E9vB8RTQjSWWLawKum8uiPtpF2QR2QdRoeMcY7Fw_lX2G7GLIHdzOIg,David Jabon,https://play-lh.googleusercontent.com/-wZ3c6HoHSvg/AAAAAAAAAAI/AAAAAAAAAAA/AMZuucmsdvOMBqi6CQIDM1PcY6090U80SA/photo.jpg,"I dislike YouTube Music greatly. Some of the many minuses: It buries your own playlists behind all of its own auto-generated lists. In a search it brings up all of own content before it brings up the music in your own playists or library if it does at all. It is very difficult to turn off auto-play. There should be a way to turn off autoplay universally but there isn't at the time of this writing. If you are not extremely carefully, auto play will play a jarringly bad piece of music after you play a song or album that you chose. On the plus side, it inherits the nice integration of your own uploads that Google Listen had. You are allowed to upload a generous number of your own music tracks. But it buries my own music in its autogenerated stuff, none of which I listen too. Seriously considering another service.",2,0,4.10.50,2021-01-17 03:27:38,,,most_relevant,com.google.android.apps.youtube.music,i dislike youtube music greatly some of the many minuses it buries your own playlists behind all of its own autogenerated lists in a search it brings up all of own content before it brings up the music in your own playists or library if it does at all it is very difficult to turn off autoplay there should be a way to turn off autoplay universally but there isnt at the time of this writing if you are not extremely carefully auto play will play a jarringly bad piece of music after you play a song or album that you chose on the plus side it inherits the nice integration of your own uploads that google listen had you are allowed to upload a generous number of your own music tracks but it buries my own music in its autogenerated stuff none of which i listen too seriously considering another service,PERFORMANCE_BUG,0.4255707881267267
9825,gp:AOqpTOES92JusDdsbemrqoeFi4RJCcaaJJcgS7ru_sbJNs1ERLDB3u_EMd7Ep7G03yicFkaUU8MRtokgiiQV_FQ,Eric Clemons,https://play-lh.googleusercontent.com/a-/AOh14Gg-_eQsiXXPApJSZy4ULr0MHC6J5djwBJkuSl76DQ,"The Droid has been out how many years now? And Google still fails to put a browser on it thst doesn't randomly freeze up for 2 minutes out of every hour while scrolling.. The only real solution is to use Firefox or Opera or other browser for mobile, which of course doesn't integrate with Chrome on PC. Seriously. How hard could it be to fix? Every year, the same problem. Lousy programmers write lousy programs.",2,84,87.0.4280.141,2021-01-25 15:41:49,,,most_relevant,com.android.chrome,the droid has been out how many years now and google still fails to put a browser on it thst doesnt randomly freeze up for 2 minutes out of every hour while scrolling the only real solution is to use firefox or opera or other browser for mobile which of course doesnt integrate with chrome on pc seriously how hard could it be to fix every year the same problem lousy programmers write lousy programs,PERFORMANCE_BUG,0.4255998114493139
6280,gp:AOqpTOHIm_GypBvojuVMQTiiAtStScZQWfpdjufUTJEzsnXX22AC5HsgOWGEfcRoA8G-rJsotzcIxbjpokgv2w,Nick M Claus,https://play-lh.googleusercontent.com/a-/AOh14Gjgf-SnIvrtnkViTPwJ-7-MygtklqI_yoEGhHs,"Update : unable to set up contactless on my debit card, though credit card was fine. Back and forth between Google and my bank and vice versa. After 2 tries of Google they were quick to lie fault with my bank. The issue clearly lies with Google. I was able to add contactless with no help from Google whatsoever. >> remove cards from Gpay, delete cache and data, uninstall app and remove payment account completely from Google's deep settings. Then reinstall and re-add all. Poor service!",2,123,2.116.328438545,2020-09-11 02:58:17,,,most_relevant,com.google.android.apps.walletnfcrel,update  unable to set up contactless on my debit card though credit card was fine back and forth between google and my bank and vice versa after 2 tries of google they were quick to lie fault with my bank the issue clearly lies with google i was able to add contactless with no help from google whatsoever  remove cards from gpay delete cache and data uninstall app and remove payment account completely from googles deep settings then reinstall and readd all poor service,PERFORMANCE_BUG,0.4257832485620093
8419,gp:AOqpTOEwKxY0QooQhPTjG1PkLoCBMg1SKplOGpRlgsRmwxUqavSms3Vm8d0PeGxL3sQ81oPOLa0CQc2fzDg6Ew,Rick Loughman,https://play-lh.googleusercontent.com/a-/AOh14GjIDtn_vOJGyhdtVzcsebQ2IqVsZ0Ku8x4FLyMW,"notifications still broken after many updates. you can save yourselves the time of pasting a glib response about my handset settings and instead put it toward fixing your broken code. every gms/firebase push app is fine except for this shambolic affair. set 2 notifications for an event, 1 for an hour, 1 for a week: neither trigger. set only the default 1 hour.. fine. s8 pie",1,18,2020.52.0-349198216-release,2021-01-30 14:34:28,,,most_relevant,com.google.android.calendar,notifications still broken after many updates you can save yourselves the time of pasting a glib response about my handset settings and instead put it toward fixing your broken code every gmsfirebase push app is fine except for this shambolic affair set 2 notifications for an event 1 for an hour 1 for a week neither trigger set only the default 1 hour fine s8 pie,PERFORMANCE_BUG,0.4258908792521172
56591,gp:AOqpTOEQL_6Pv7vwVdWx6cSdgL1qa0I3kjnN_29oqDF843ddTAwq5uu1l3cbeSJ_NTenL3dom7zTfUL4c-l_JQ,M OM PRAKASH,https://play-lh.googleusercontent.com/a-/AOh14Gic85A4Jn5JsdWioN7BrpCbo8Y2HxcRkDLIKRNBew,"Before the app was great. But now i don't understand the logic behind why it is asking for verification. How can we tap on number on lost phone for verification? If it is stolen why will the thief do that? I don't understand it. Please change it. The app is also not accepting autofill data. When i tap on autofill data, the app is loading again and i need to reenter whole email id and password",2,2,2.4.035,2021-02-02 08:57:34,,,newest,com.google.android.apps.adm,before the app was great but now i dont understand the logic behind why it is asking for verification how can we tap on number on lost phone for verification if it is stolen why will the thief do that i dont understand it please change it the app is also not accepting autofill data when i tap on autofill data the app is loading again and i need to reenter whole email id and password,PERFORMANCE_BUG,0.4260474013720517
61175,gp:AOqpTOHAleCHnNdZiEZ-KpkbfiFy1K8GFTmEXPbHlBxF2R_E16mJ6nQyll9-ThE6uFKCOQr2YcQ_e6oULaIOxw,King Kong,https://play-lh.googleusercontent.com/-LQjh1upr6W8/AAAAAAAAAAI/AAAAAAAAAAA/AMZuucmaX0Ot1bOLanN7LQKQ5bLLIGnsyg/photo.jpg,This app is decent but I only give it one star because they discriminate against android users by allowing iPhone users to have the money sent to paypal but android users can't. Android users can only use the credits in the account it's under. I will give it more stars if they either allow android users to send the money to paypal the same as iphone users or at least let us put the credits on a different google account. Also hardly any survey's,1,1,2020102601,2020-12-18 11:12:36,,,most_relevant,com.google.android.apps.paidtasks,this app is decent but i only give it one star because they discriminate against android users by allowing iphone users to have the money sent to paypal but android users cant android users can only use the credits in the account its under i will give it more stars if they either allow android users to send the money to paypal the same as iphone users or at least let us put the credits on a different google account also hardly any surveys,LOGIN_BUG,0.4262334732442095
26840,gp:AOqpTOFD7D4gMRQQP2Fo-mCE5aRnGxbokkpycmEQVQSZnjJq4MUeZhtNWaQ8B4xB3cvyyvVNhi_0_BNhd2l2hg,Dhees Mudhiah,https://play-lh.googleusercontent.com/a-/AOh14GjUOhsD3-0yHbuzurjA5NEkr_aUzGnz5e9xpCDMCw,"Okay. Why the keyboard always automatically capitalize. Except English and hangul, I use bahasa in typing. But in this new update, my bahasa always capitalize automatically. Beside, when I type in English, when I type wrong and do the backspace the word will be split. And sometimes auto capitalize too. It's make me annoying. Can you plese fix it? With additional menu in setting? Thank you~",3,8,1.2.1.80459724-x86,2015-01-01 08:53:11,,,most_relevant,com.google.android.inputmethod.korean,okay why the keyboard always automatically capitalize except english and hangul i use bahasa in typing but in this new update my bahasa always capitalize automatically beside when i type in english when i type wrong and do the backspace the word will be split and sometimes auto capitalize too its make me annoying can you plese fix it with additional menu in setting thank you,UI_BUG,0.42628402433619633
74800,gp:AOqpTOETo_XObw47WU9RaPKI_9S7WI-10iLlvomx2CM7TYDwJcvCOdUuPbB4_eGxr3ReQIDsKT8aofUIvnYyIKs,Outkst,https://play-lh.googleusercontent.com/a-/AOh14GgMSWruViFaEk4YutISNJGELEr9SoDC5WPYTOawQg,"Im unable to access channels I'm an editor or manager of on the app, I don't receive invitations through the app, but my email (related to the former complaint), and I can't open the app through links. Those are my only complaints though, pretty useful overall. 3/5, but would be 5/5 if these were solved",3,298,20.42.200,2020-11-13 19:25:41,,,most_relevant,com.google.android.apps.youtube.creator,im unable to access channels im an editor or manager of on the app i dont receive invitations through the app but my email related to the former complaint and i cant open the app through links those are my only complaints though pretty useful overall 35 but would be 55 if these were solved,LOGIN_BUG,0.4265027860926141
32295,gp:AOqpTOEdGfLXlgsiIo3mwNfGXWOW4MDOMqjALjGbAsjDYt8I3f9ltnMKjHVvHEIjcxtBZlmeouTzmwfkiewiQSw,Jeffrey Doka,https://play-lh.googleusercontent.com/a-/AOh14GgzHgjVSy83DsY4Ph2-GP8INqISiWm3oNl6w9-rCA,"I used to like this app a lot. And I even paid for full size pictures, but when I tried to set new pictures to part size it reduced the size of all my pictures and there was no way to revert. So all those months of paying for storage and loading my full size pictures into photos got deleted. And because I've changed phones over the years and because it deletes pictures it's already backed up I've lost thousands of photos w no way 2 revert. Terrible. And when I talk to support they blew me off.",1,79,5.26.0.352644055,2021-01-29 23:47:04,,,most_relevant,com.google.android.apps.photos,i used to like this app a lot and i even paid for full size pictures but when i tried to set new pictures to part size it reduced the size of all my pictures and there was no way to revert so all those months of paying for storage and loading my full size pictures into photos got deleted and because ive changed phones over the years and because it deletes pictures its already backed up ive lost thousands of photos w no way 2 revert terrible and when i talk to support they blew me off,PERFORMANCE_BUG,0.42662057905934697
47297,gp:AOqpTOFpDBH_epKsF3kpiRJPUPrbMDOnFLntYCS-lr1WvlGRX6FNZmcH-h3eYE3ooeFe865afUL564ocs8yQDQ,J. Angelo,https://play-lh.googleusercontent.com/a-/AOh14GioGnvk-9skKoeVALBm8RGeO_aPK1xPI_Izc8ruvA,"Has some new bugs that are frustrating such as: The displayed home address is wrong, volume mute for assistant direction intermittently returns to full volume (mostly fails to), and volume consistency is poor between media and assistant. Useful tool for long drives so I hope they get back on updates that fix these bugs. I'm leaving this review hoping it will be seen by the developers because over the past several months I've not received any return correspondence as these issues have arisen.",3,0,6.0.615333-release,2021-02-04 13:29:27,,,newest,com.google.android.projection.gearhead,has some new bugs that are frustrating such as the displayed home address is wrong volume mute for assistant direction intermittently returns to full volume mostly fails to and volume consistency is poor between media and assistant useful tool for long drives so i hope they get back on updates that fix these bugs im leaving this review hoping it will be seen by the developers because over the past several months ive not received any return correspondence as these issues have arisen,PERFORMANCE_BUG,0.4266285160603312
63502,gp:AOqpTOFAHf7F61jy6fFB_5glRvb73CNM4eDoqFlEtsEOeclksFp3fLuo2nivRA7OQNeF-CFsLi7U0bKc-IE1gfg,Savannah Scott,https://play-lh.googleusercontent.com/a-/AOh14Gi8V6Dwi7B4JqTHucekLGY1l7wsdT1h9LbZdLHicv0,I just got a new phone which installed this app with it. It made it so I couldn't send any sms messages at all! I could still receive sms (about 10-15 minutes later than they actually sent it) but I could not send. After a few hours of digging I came to the conclusion that this app is what was causing me problems. I uninstalled it and my sms messages IMMEDIATELY started working again so I know for 100% that this app was at fault. I'd give 0 stars if I could! Glad to have it gone.,1,323,50.0.343588573-carrierservices_V50G_RC04,2020-12-08 18:42:23,,,most_relevant,com.google.android.ims,i just got a new phone which installed this app with it it made it so i couldnt send any sms messages at all i could still receive sms about 1015 minutes later than they actually sent it but i could not send after a few hours of digging i came to the conclusion that this app is what was causing me problems i uninstalled it and my sms messages immediately started working again so i know for 100 that this app was at fault id give 0 stars if i could glad to have it gone,UI_BUG,0.4266737963089327
32297,gp:AOqpTOEKm17_hQFIBGKf-ZDaDhzHSrZSyHap2Y5yE4i3QKHwutcWAa04VJQl6B0kEml_XMEif6xylkNBphXcm9g,undefined,https://play-lh.googleusercontent.com/a-/AOh14Gj8TB1gYscQWFJWCbFeNdobRqt_km1f77uDejVQwxs,"More than 2 years me and my husband has used this app and shared our photos. He passed away last year and Google still refuses to provide me with any part of his library, just because I don't have an email from him! Nevermind legal documents and the fact that we had shared photos and ip's I am treated like some scammer. And soon he's account and some of memorable photos, that I don't have, will be deleted because of inactivity. Remember, anything you upload into Google - not yours anymore.",1,3,5.26.0.352644055,2021-02-01 09:14:41,,,most_relevant,com.google.android.apps.photos,more than 2 years me and my husband has used this app and shared our photos he passed away last year and google still refuses to provide me with any part of his library just because i dont have an email from him nevermind legal documents and the fact that we had shared photos and ips i am treated like some scammer and soon hes account and some of memorable photos that i dont have will be deleted because of inactivity remember anything you upload into google  not yours anymore,PERFORMANCE_BUG,0.42684377466351925
74341,gp:AOqpTOF2cG8fv4HV2Paj-63TMMJvkmdSrOX7Ubmkrj0uJSlYZ1cgHT8P9rMjPQAvNe-1fFjQg9uPFWp4xw-Jb6k,Euphorixシ,https://play-lh.googleusercontent.com/a-/AOh14GjCM_wBUtVb8J5FriO6459Q-E0o_9aMwwcbTSNcfg,I use this app to put a thumbnail on my video but it did not work is said to verify my account but it's already vertified I really need help with this problem but this app won't let me put a thumbnail or confirm that is vertified,1,22,20.47.100,2020-12-07 00:58:22,,,most_relevant,com.google.android.apps.youtube.creator,i use this app to put a thumbnail on my video but it did not work is said to verify my account but its already vertified i really need help with this problem but this app wont let me put a thumbnail or confirm that is vertified,LOGIN_BUG,0.42697128564573184
50838,gp:AOqpTOHXe8EjxbJDnE9lT1xy9Stg8Iao5RoU7rg5KSJD6U63QGd-2R6nLmawapqkD3lJR2MsWUevGR-VK-8y1X8,Nadeem Ansari,https://play-lh.googleusercontent.com/a-/AOh14GiJH4wt12myfFxGUvCeCtcK63b5WoKociNYlkk8Zw,There is a constant issue that the desktop GMB account doesn't sync with the App. Each time I do something on the desktop I have to uninstall and reinstall the App.,3,8,3.6.0.245115471,2019-05-06 11:31:09,"Hey there,

Thanks for your feedback. We’d love to help, but need some additional information. To get in touch with our support team, go to our help center (https://support.google.com/business), and click “Contact us.” Or, reach out to us on our social channels: Twitter (@GoogleMyBiz) or Facebook (facebook.com/googlemybusiness).",2019-05-07 18:37:28,most_relevant,com.google.android.apps.vega,there is a constant issue that the desktop gmb account doesnt sync with the app each time i do something on the desktop i have to uninstall and reinstall the app,LOGIN_BUG,0.4274446612498127
93206,gp:AOqpTOGGB1kLjyJ1AXqaDGlKUaWt6XIdRMEZqFxYtCBCvjxJ_fLXE34WUGXLUYIJbaHwlTYsF2v5rc4wO-pQWpE,ganesh rewanwar,https://play-lh.googleusercontent.com/-GU5EEqXrznw/AAAAAAAAAAI/AAAAAAAAAAA/AMZuuclH76gSh6kZfBpZfxv6NNC8Enn0cA/photo.jpg,Not working. It shows error and asks to come later. Wrote email as well as feedback through app. But no response.,3,3,4.1.346558856,2020-12-20 01:50:59,Thank you for your feedback. We really apologize for the inconvenience. This issue has been resolved. Please try again and everything should work normally. Thank you for your patience. Please contact us at analytics-app-feedback@google.com if you have any other concerns/feedback.,2021-01-08 21:41:24,newest,com.google.android.apps.giant,not working it shows error and asks to come later wrote email as well as feedback through app but no response,LOGIN_BUG,0.4275864964881084
93008,gp:AOqpTOGGB1kLjyJ1AXqaDGlKUaWt6XIdRMEZqFxYtCBCvjxJ_fLXE34WUGXLUYIJbaHwlTYsF2v5rc4wO-pQWpE,ganesh rewanwar,https://play-lh.googleusercontent.com/-GU5EEqXrznw/AAAAAAAAAAI/AAAAAAAAAAA/AMZuuclH76gSh6kZfBpZfxv6NNC8Enn0cA/photo.jpg,Not working. It shows error and asks to come later. Wrote email as well as feedback through app. But no response.,3,3,4.1.346558856,2020-12-20 01:50:59,Thank you for your feedback. We really apologize for the inconvenience. This issue has been resolved. Please try again and everything should work normally. Thank you for your patience. Please contact us at analytics-app-feedback@google.com if you have any other concerns/feedback.,2021-01-08 21:41:24,most_relevant,com.google.android.apps.giant,not working it shows error and asks to come later wrote email as well as feedback through app but no response,LOGIN_BUG,0.4275864964881084
62306,gp:AOqpTOGw8R1d_dTaByjQGAAvZbIC9eHQnJ42Uc9Wgsn-IwiO9dxDErkLPlKZSVGhyMi47uqCyXRDDJfdfFGNdg,Travis Martin,https://play-lh.googleusercontent.com/-VgP7kG2WRgI/AAAAAAAAAAI/AAAAAAAAAAA/AMZuucn71GIKigyBgiircfUyfdFesfDenQ/photo.jpg,Completely locked out of messages... again. Freezes even in safe mode as soon as it launches. This app is a joke. Pixel 3xl. Edit - Only way to get messages to work is uninstalling and then reinstalling it. I'm getting locked out every single time I turn my phone on. Junk. Edit 2 - I already reached out to google support and they suggested I send my phone in to determine if it should be replaced under warranty. I can't go 8-10 days without a phone just to have another refurb sent out...,1,0,7.1.084 (Hickory_RC10.phone_dynamic),2021-02-02 01:16:33,"Hi, Travis. In that case, if it continues to occur after following the recommended steps, we suggest visiting our Help Center: https://goo.gle/3o4v9mi. Thanks.",2021-01-30 21:11:05,most_relevant,com.google.android.apps.messaging,completely locked out of messages again freezes even in safe mode as soon as it launches this app is a joke pixel 3xl edit  only way to get messages to work is uninstalling and then reinstalling it im getting locked out every single time i turn my phone on junk edit 2  i already reached out to google support and they suggested i send my phone in to determine if it should be replaced under warranty i cant go 810 days without a phone just to have another refurb sent out,PERFORMANCE_BUG,0.4277038076076271
73159,gp:AOqpTOH0ZaqqI2jxV6xD7MdL94TpjiYL00SSBqWXUR1bcpym-1RCm9UqsYXDDvbAaOeH8GE7fmnB961MLYn9gzk,Lets' Go,https://play-lh.googleusercontent.com/a-/AOh14GhvR_Dw4-I8MW_r4TZ57ofzqDBI11h0XWdmOTNqCzU,"this is coming from a child perspective. I dont like it at all. I understand, you can maybe set the bedtime or lock the device for some reason, but you cant just delete all my apps, leaving only spotify, soundcloud, whatsapp and some games that i dont even play! Everytime i install something, my parent can see it through a email and deletes the app ASAP. I dont recommend this app at all.",1,163,flh.release.1.42.0.X.345476563,2020-12-27 08:34:04,,,most_relevant,com.google.android.apps.kids.familylinkhelper,this is coming from a child perspective i dont like it at all i understand you can maybe set the bedtime or lock the device for some reason but you cant just delete all my apps leaving only spotify soundcloud whatsapp and some games that i dont even play everytime i install something my parent can see it through a email and deletes the app asap i dont recommend this app at all,LOGIN_BUG,0.4278263182094729
33700,gp:AOqpTOEHUJEkoj-hzVtz1k4Co7AMhA-wHLwFsoQpFQ2DYehQCnnIQYc5BP4G0KVBTWudydgSKkgI--9hMJNwAQ,Sherwin Sombrea,https://play-lh.googleusercontent.com/a-/AOh14GgttjaUq2Wj10jFQtkbgKu27fMB6POhkEnvSVOilA,"I cannot see my recently played games. Instead it shows me ''Trending Games'' Please take a screenshot of the problem and report it. Please Support to remove it. Don't worry, Google will fix it. In my tab, I see an old version (a console piece) It is in the play- prefix.",2,109,2020.11.22814 (348073629.348073629-000300),2021-01-01 13:04:03,,,most_relevant,com.google.android.play.games,i cannot see my recently played games instead it shows me trending games please take a screenshot of the problem and report it please support to remove it dont worry google will fix it in my tab i see an old version a console piece it is in the play prefix,UI_BUG,0.42782731549252506
58058,gp:AOqpTOHFhr_eyMsrEGLEnq6W10hcJLEJ1efGzLlRMNG_pm2Xz2aSiRWVtlhtRs1UlGlCxPHcepPzj8CizHpAVA,Alireza M,https://play-lh.googleusercontent.com/a-/AOh14Gi-wmicle3AsoNd3oGkMlmeFQZmgL4rNcB-Z-HXkw,"The Dark mode is broken or something. It wasn't like this before, but now I get dark font color on dark background. Borders have become ugly everything looks hideous now. Xiaomi note 8 pro, miui 12 android 10 UPDATE - Sure I have sent two feedbacks with Screenshot and logs.",3,0,0.1.187945513,2020-08-17 15:14:03,"Thank you for reporting this issue, Alireza. Can you please submit a feedback report and tell us a little bit more about what you're experiencing so we can investigate further? Open Google Assistant App - More (three-dot menu) - Send feedback, this will help us ensure that this gets reviewed by the right team. Thank you!",2020-08-17 05:19:00,most_relevant,com.google.android.apps.googleassistant,the dark mode is broken or something it wasnt like this before but now i get dark font color on dark background borders have become ugly everything looks hideous now xiaomi note 8 pro miui 12 android 10 update  sure i have sent two feedbacks with screenshot and logs,UI_BUG,0.42819670458404174
7764,gp:AOqpTOH4mUoJLkJGciP25NFZeyTqwVMHDs5wOr0ShlF8QBEjy6IVjHztxAnXYNQYwoFaLfC-asbXKhSu7sXA014,Valeriy Semeniy,https://play-lh.googleusercontent.com/a-/AOh14GjIKJDoLY9UGkq9ErL21TOyzViYNVw_VEotgRJY,"Really good app. HOWEVER , it would be great if you could carry a highlight onto another page though, instead of either doing multiple highlights, which messes up the big list of highlights in google docs or in the book's menu, or having to zoom in in order to get a small paragraph completely in view or zooming out to get a large portion of text in view to highlight, since you can only highlight what you can see. This is a pretty big issue, hence 2 stars being retracted. Otherwise this would be 5 stars.",3,289,5.10.7_RC09.322191915,2020-09-18 09:22:29,,,most_relevant,com.google.android.apps.books,really good app however  it would be great if you could carry a highlight onto another page though instead of either doing multiple highlights which messes up the big list of highlights in google docs or in the books menu or having to zoom in in order to get a small paragraph completely in view or zooming out to get a large portion of text in view to highlight since you can only highlight what you can see this is a pretty big issue hence 2 stars being retracted otherwise this would be 5 stars,UI_BUG,0.4285688853924596
45635,gp:AOqpTOF0K-w9jpRM_2Np_QjagIcFjdl_0qYb6RAZu99nT4cpGjvimjwhjq11DSAt72FzgZP5ppwtMIDAYQLqng,Shaon Hossain,https://play-lh.googleusercontent.com/a-/AOh14Gj-B_Tysf0grYmCBjK17LO5xTyaihCdxOCC_SW7Gg,Please don't install it. They ask for facebook password. So many bugs. Don't recommend this app,1,0,6.16.0.03.352678460,2021-02-02 10:51:35,,,newest,com.google.android.apps.translate,please dont install it they ask for facebook password so many bugs dont recommend this app,LOGIN_BUG,0.4286637099396501
66325,gp:AOqpTOGaFPmImlJ05akj2f4CGKJajl-9Z6F27K2MA6ID9Lv1Qaprj1VEGFtVnQuMa_C0Cr2v1XkYOiEN7g0q98w,kristina Britton,https://play-lh.googleusercontent.com/a-/AOh14GjqwFYkTRO8inHcMTUm-PH09D8v5_rSj8N6NjTMGA,Very slow running you can not add a place as you are on a trip you have to back all the way out add your addresses and hope that there in correctly otherwise it does not let you reorder them I honestly think it could be way better.,3,7,,2020-03-12 14:52:07,,,most_relevant,com.google.android.apps.navlite,very slow running you can not add a place as you are on a trip you have to back all the way out add your addresses and hope that there in correctly otherwise it does not let you reorder them i honestly think it could be way better,PERFORMANCE_BUG,0.42885820503287087
84168,gp:AOqpTOEBU2e13pDT6zUeTS2CtfJ29_U4pE5Qyl5lIKn1PnGI91VzsJqz-CQwnuqzNze2xXDXC4y7NM6C3_tzZQ,Matthew Elvey,https://play-lh.googleusercontent.com/a-/AOh14GiNcbZHgCBjcAHWooDID3sX8-dmirhmFDyT8eBmGw,"For me, anyway, does NOT see my Amazon Fire TV stick 4K. Despite claim that it: ""Works with all Android TV devices"" . (Yes, both on same Wi-Fi. Developer should make clear whether it works with Amazon Fire TV devices, since they are running a version (fork) of Android. Fire OS 7 is based on Android 9 (Pie). (6 off 7.1; 5 off 5.1). FYI: I was/am looking for an app to let me use apps on the stick that expect a touchscreen.",2,7,1.1.0.3876957,2019-12-17 22:46:26,,,most_relevant,com.google.android.tv.remote,for me anyway does not see my amazon fire tv stick 4k despite claim that it works with all android tv devices  yes both on same wifi developer should make clear whether it works with amazon fire tv devices since they are running a version fork of android fire os 7 is based on android 9 pie 6 off 71 5 off 51 fyi i wasam looking for an app to let me use apps on the stick that expect a touchscreen,UI_BUG,0.42902420379251766
57717,gp:AOqpTOEAIb2ZUxzfNYqEhQlD6B0fQmwmCNyg1x0gyiDIsN40nMyT3NrBqUPJbTultmlYZZf5FQAjg_53I_WDcQ,Robbert Morgan,https://play-lh.googleusercontent.com/a-/AOh14GjgmEA1ntCyLFDdUDEKvXdnvkuMllrmcjUwHAV0,"5 stars for the idea and 2 for the execution. 1 star if you use it on a Nest Mini. I keep giving feedback. For instance I am in my living room I ask to turn off light A in this room. I get as a response 'ok turning off light C' (on a different account in a different building...) When I check if she heard me well, she did and also the name of the lights do not even sound alike. Also here in the Netherlands you could ask opening hours for a shop. When I ask this now I get some random BS. Terrible.",2,45,0.1.187945513,2020-11-05 18:12:58,"Thank you for reporting this issue, Robbert. Can you please submit a feedback report and tell us a little bit more about what you're experiencing so we can investigate further? Open Google Assistant App - More (three-dot menu) - Send feedback, this will help us ensure that this gets reviewed by the right team. Thank you!",2020-11-05 18:06:47,most_relevant,com.google.android.apps.googleassistant,5 stars for the idea and 2 for the execution 1 star if you use it on a nest mini i keep giving feedback for instance i am in my living room i ask to turn off light a in this room i get as a response ok turning off light c on a different account in a different building when i check if she heard me well she did and also the name of the lights do not even sound alike also here in the netherlands you could ask opening hours for a shop when i ask this now i get some random bs terrible,LOGIN_BUG,0.4290961318421722
82021,gp:AOqpTOFbxvKDUhZs83a2jgG6mogyC0GOYuSQTfGaaYO_uncT14iDTRA2O5sP6L3NSeTNSZq5pTPgGIPlWt2czws,Richard Hoefer,https://play-lh.googleusercontent.com/a-/AOh14Gjnl_A-cafPNKA0Kv0RJnXpi0GNOY3dl1DSIrwwQA,"@GoogleLLC — I am still confused from 2 years or so ago when the old Google Drive app was replaced by ""Backup & Sync"". The single most impt question EVERYONE wants to know, which the interface is non-intuitive about, is WHICH sections of Google Drive count against quota? For example, MY DRIVE, COMPUTERS (and within that USB DEVICES & SD CARDS), SHARED WITH ME, BACKUPS. Google has no helpful icon-system that immediately denotes {counts against storage} and {does not count against storage}. ....... My understanding is only ""SHARED WITH ME"" {does not count against storage} and then under BACKUPS, if you have Android Devices, your basic app & system data is saved ""free"" (for being on Android platform). ............. Now, with this GOOGLE ONE expansion, it's STILL unclear: All these extra media files that will now be backed up to cloud automatically, THEY COUNT, correct, against quota? ........... There's a distinction between providing convenience and backup protection AND having those full quality media files consume your storage. We all know G has vested interest in keeping all of this mysterious and cloaked, so as to drive larger storage subscription plans. Please respond. Thank you",3,21,1.42.265900054,2019-09-16 23:25:08,"Hi, Richard. With the recent update on the Google One app, it enables the automatic mobile backup for your original quality (full resolution) photos, videos, and MMS messages safely with cloud storage: http://bit.ly/2kAqFIf. For more info what counts as storage space and what does not, follow this link: http://bit.ly/2mleiQH. Hope that helps!",2019-09-17 20:26:25,most_relevant,com.google.android.apps.subscriptions.red,googlellc  i am still confused from 2 years or so ago when the old google drive app was replaced by backup  sync the single most impt question everyone wants to know which the interface is nonintuitive about is which sections of google drive count against quota for example my drive computers and within that usb devices  sd cards shared with me backups google has no helpful iconsystem that immediately denotes counts against storage and does not count against storage  my understanding is only shared with me does not count against storage and then under backups if you have android devices your basic app  system data is saved free for being on android platform  now with this google one expansion its still unclear all these extra media files that will now be backed up to cloud automatically they count correct against quota  theres a distinction between providing convenience and backup protection and having those full quality media files consume your storage we all know g has vested interest in keeping all of this mysterious and cloaked so as to drive larger storage subscription plans please respond thank you,UI_BUG,0.4291226131039848
518,gp:AOqpTOFcdMD8ZDsZWrbapAiDsLCm6sYwkdfgv3QkDortDAVk4T2z-8YCnlMKFR_PFx-zmI6PH2ELDsjShcpDoeQ,userskynet T-64,https://play-lh.googleusercontent.com/-god87TYVNNY/AAAAAAAAAAI/AAAAAAAAAAA/AMZuuclAO7QX68qqfl8hyAaZvSmVMAB8Ww/photo.jpg,"App is good. But need some changes like the scroll bar is move everytime you move your finger, app keep restart everytime you open instead stay on contact when open, only can upload one pic.",3,3,3.32.2.332044016,2020-10-13 01:36:30,,,most_relevant,com.google.android.contacts,app is good but need some changes like the scroll bar is move everytime you move your finger app keep restart everytime you open instead stay on contact when open only can upload one pic,PERFORMANCE_BUG,0.4295135038323525
4862,gp:AOqpTOEvor1I8peZix7cLNsSZ6U2P02WkgWH4BcDG3LgtCCGtPn_8n9hXAPbu99I0jRgsg-aiHGFG8bffAKEYw,Anida Garber,https://play-lh.googleusercontent.com/a-/AOh14Ggyilg3Qzrl9xQLzNT3Mtmv5_-hmypKV-N95FpITw,"After update Hey Google Assistant has no sound! Won't read text messages out loud (hands free state!) No longer sings the alphabet for my grandson or answers ""What does a duck sound like?"" No sound no matter what the question. Only the beep letting you know he heard the request. Google mini no problems, Google tv no problems. Just the app on Android.",1,17,11.43.6.23.arm64,2021-01-22 22:30:01,,,most_relevant,com.google.android.googlequicksearchbox,after update hey google assistant has no sound wont read text messages out loud hands free state no longer sings the alphabet for my grandson or answers what does a duck sound like no sound no matter what the question only the beep letting you know he heard the request google mini no problems google tv no problems just the app on android,PERFORMANCE_BUG,0.4297141463598594
57500,gp:AOqpTOGMdLdsTLCRoVeulImc95Gpy_veFKjXvIHSArK8RSnYDIM2vg_XijPbFMYT8WP17vSsRIa8Nxkf-5sGSQ,Lori Frayseth-Brown,https://play-lh.googleusercontent.com/a-/AOh14Ggdt-tpFoua7A935X8qPumdJUSyGwdrOeJNX1vBrg,"My Google Assistant app has become completely unusable over the last week. I am very frustrated, as Google Assistance is impossible to achieve. I can't open this app, speak to it, nothing. I have discovered that I can hold the app down and settings, my day, and something else comes up... I can't say hey Google take me home or have it take me to work, nor can I say, hey Google call Mom, or show me my calendar. I miss these tools, as I multitask thru my day. I've done alot of research.... restated my phone, removed app, restarted phone... multiple times. Forced stopped app, cleaned cashe, restarted phone... all with the same result. I can not open and use goggle assistant as I previously always have, for years. No goggle phone numbers or emails for assistance work... Please assist. Thank you",1,1,0.1.187945513,2021-01-23 13:38:19,"Thank you for reporting this issue, Lori. We've identified the problem and we appreciate your patience as we work to resolve it as quickly as we can.",2021-01-27 19:57:01,most_relevant,com.google.android.apps.googleassistant,my google assistant app has become completely unusable over the last week i am very frustrated as google assistance is impossible to achieve i cant open this app speak to it nothing i have discovered that i can hold the app down and settings my day and something else comes up i cant say hey google take me home or have it take me to work nor can i say hey google call mom or show me my calendar i miss these tools as i multitask thru my day ive done alot of research restated my phone removed app restarted phone multiple times forced stopped app cleaned cashe restarted phone all with the same result i can not open and use goggle assistant as i previously always have for years no goggle phone numbers or emails for assistance work please assist thank you,LOGIN_BUG,0.42976763421450875
13902,gp:AOqpTOHichZE0p2ietCFCqUuzipC0HtyKDvBU2U_6l08DnDdiJr717efEZsi4Lvw8JAUrKLre6mAyP-R-hrV_A,**Karma** Geddin**,https://play-lh.googleusercontent.com/a-/AOh14GifQ6rIkgGql6s6-ISYl5Ejd_OS-lFCS3FypIpE,"The app itself is good, however what your acct gets hacked and you are unable to ""prove"" it's your acct with no one in support these days and you lose everything you every put on it over 8 years, it sucks. I did everything they asked on the support pages and more and still don't have my account. Been since October and I'm still not able to get into my acct. You can call but they have no one and they don't tell you what you can do further. Been thru hell to get it back. I want my acct back!!!!",1,495,2.21.021.04.34,2021-01-26 03:23:14,,,most_relevant,com.google.android.apps.docs,the app itself is good however what your acct gets hacked and you are unable to prove its your acct with no one in support these days and you lose everything you every put on it over 8 years it sucks i did everything they asked on the support pages and more and still dont have my account been since october and im still not able to get into my acct you can call but they have no one and they dont tell you what you can do further been thru hell to get it back i want my acct back,LOGIN_BUG,0.4299618160620906
6422,gp:AOqpTOF6zZg6xt6ywc_tBnXjojgLZuradMt9Audi1l1cw9OZUuZ2VC06T3PH2zwIAsBC0Nxlv7u5Lv6oFHjx1g,Ray Zhang,https://play-lh.googleusercontent.com/-X5PPhknZgZg/AAAAAAAAAAI/AAAAAAAAAAA/AMZuucmJwf3SaXnetyd97g2WDz7sARh91A/photo.jpg,"loving the app, been using it for a.long time. however for.the past few days i cant open the app properly like i used to. everytime i opens the app theres a little windows comes up saying there was a problem setting the active account, plz let me know how to resolve it thanx",3,0,2.120.344959027,2020-12-29 06:16:48,Hi Ray. Let's connect you to a specialist for further assistance. Visit: https://goo.gle/2r2DZrR. Let us know that we responded to your Play Store review and that your issue should be escalated. Thanks!,2021-01-05 11:09:13,most_relevant,com.google.android.apps.walletnfcrel,loving the app been using it for along time however forthe past few days i cant open the app properly like i used to everytime i opens the app theres a little windows comes up saying there was a problem setting the active account plz let me know how to resolve it thanx,LOGIN_BUG,0.43023818414251247
6663,gp:AOqpTOF6zZg6xt6ywc_tBnXjojgLZuradMt9Audi1l1cw9OZUuZ2VC06T3PH2zwIAsBC0Nxlv7u5Lv6oFHjx1g,Ray Zhang,https://play-lh.googleusercontent.com/-X5PPhknZgZg/AAAAAAAAAAI/AAAAAAAAAAA/AMZuucmJwf3SaXnetyd97g2WDz7sARh91A/photo.jpg,"loving the app, been using it for a.long time. however for.the past few days i cant open the app properly like i used to. everytime i opens the app theres a little windows comes up saying there was a problem setting the active account, plz let me know how to resolve it thanx",3,0,2.120.344959027,2020-12-29 06:16:48,Hi Ray. Let's connect you to a specialist for further assistance. Visit: https://goo.gle/2r2DZrR. Let us know that we responded to your Play Store review and that your issue should be escalated. Thanks!,2021-01-05 11:09:13,newest,com.google.android.apps.walletnfcrel,loving the app been using it for along time however forthe past few days i cant open the app properly like i used to everytime i opens the app theres a little windows comes up saying there was a problem setting the active account plz let me know how to resolve it thanx,LOGIN_BUG,0.43023818414251247
79632,gp:AOqpTOEnCZWv9-1uW0YLjIZMjxj7NzdIKhIRVaa6OiaBDB2PefQaKUjNTSoZO-L-eiBYVRv2ZgXEL53WBU5Fjw,Nolan Wood,https://play-lh.googleusercontent.com/a-/AOh14GgBbVZMVu5a_w3zxubGdfZhvxJOhUMh4liLjZjLhA,I have the Evo VR MI-VRH01 and Cardboard doesn't even have this headset model registered so I have to use the blasted touchscreen and that is frustrating enough. Please update this program so I can enjoy the full extent of your product.,3,5,1.8,2017-11-13 23:17:14,,,most_relevant,com.google.samples.apps.cardboarddemo,i have the evo vr mivrh01 and cardboard doesnt even have this headset model registered so i have to use the blasted touchscreen and that is frustrating enough please update this program so i can enjoy the full extent of your product,UI_BUG,0.430568308133796
48159,gp:AOqpTOHqaTv_WZQgmDjaAjw7aVRNmAjW1U6d6rNA1bWQHsSV-drUrt_0IgJvTcWesENE6y2V5_upILVuUtimXw,Jo jo,https://play-lh.googleusercontent.com/-yMwrOA7kmRQ/AAAAAAAAAAI/AAAAAAAAi4w/AMZuucmboQ8BLJh9xAIW1eg2YRHoncAyaw/photo.jpg,Other people can just go on to your chromecast and you can't stop them. And I tried to clear device logins not possible. Everything leads to to a dead end. People coming by. Neighbors have all been connected I have to restart chromecast and change wifi password which also means I loose my subscription for YouTube This blows.,2,12,2.32.1.5,2020-12-15 07:11:50,,,most_relevant,com.google.android.apps.chromecast.app,other people can just go on to your chromecast and you cant stop them and i tried to clear device logins not possible everything leads to to a dead end people coming by neighbors have all been connected i have to restart chromecast and change wifi password which also means i loose my subscription for youtube this blows,LOGIN_BUG,0.4308634858847665
5234,gp:AOqpTOGhjd-XyWgdjHnxf3iLUCeDKTrWOUlWZg-pYwPog7dixzWWYXoU5cNc2WvFX_UVSUdEc23h9b51vQLhZQ,Ashwin's World,https://play-lh.googleusercontent.com/a-/AOh14GhCW5yn_N4K_ofuCoTnjxf31CnrINbFSyDkJYtjHA,Good app But Nowadays google is simply sending messages to our phone and making mess in phone I request to stop that If it is solved I will give you 5 stars Anyway I love google because it help me so much by In meet I can here class and even now I am in class and in google I can get the answers toy questions. And also nowadays the design of google is very interesting 🤩,3,16,11.43.6.23.arm,2021-01-16 15:00:13,"Thanks for your review! We'd like to help you. Let us know more about your question. Alternatively, if you continue to experience issues with this please create a post in our Google Search Forum for our community of experts to assist: https://goo.gle/2YIWYHy.",2021-01-18 17:14:08,most_relevant,com.google.android.googlequicksearchbox,good app but nowadays google is simply sending messages to our phone and making mess in phone i request to stop that if it is solved i will give you 5 stars anyway i love google because it help me so much by in meet i can here class and even now i am in class and in google i can get the answers toy questions and also nowadays the design of google is very interesting ,UI_BUG,0.431105385639466
31144,gp:AOqpTOG_B10BpBMvzDdCUCeMZv4zCrtODX8dbJrs3qREa89yw-qsBz0w08wx-NRTPlTZinhlDFQorbjdevTwcQ,Shyamji Shandilya,https://play-lh.googleusercontent.com/a-/AOh14GjxWMTtbQgEhlR3gyes9qtXw9tRT_fX-4qw_LT39w,News is not refreshing and after reinstalling this app it can't login and no feed showing. This issue from last 3 days. Seems like server issue.,1,36,5.27.0.20102114,2020-12-27 07:20:07,,,most_relevant,com.google.android.apps.magazines,news is not refreshing and after reinstalling this app it cant login and no feed showing this issue from last 3 days seems like server issue,LOGIN_BUG,0.4311153504601259
35120,gp:AOqpTOGdx4NULXj4ryGVXtC_VqEbUVsjAxWVv66SYrr-y_Ae3ql13ZkToWBOCC4iYFWvHz5ycMmekAINKR_kIPQ,Adam Michał Małecki,https://play-lh.googleusercontent.com/a-/AOh14GgCxeSm83NP9rGaWlAWumTjyvYM5i8jI6s_qKIEQMg,"No option to manage (or even see!) categories in the search view, controls and semantics different from those in the web version, no dark mode on my Android 9, no support for signatures... Funny to see a flagship product so poor from a big company like this one. Seriously, you cannot do this right? Perhaps you need some support yourself? Well, we need a good e-mail client. Have you seen any? I guess not. I guess the authors of this app still haven't even seen the web version: it differs so much.",3,311,2020.11.15.344277575.Release,2020-12-08 02:03:46,,,most_relevant,com.google.android.gm,no option to manage or even see categories in the search view controls and semantics different from those in the web version no dark mode on my android 9 no support for signatures funny to see a flagship product so poor from a big company like this one seriously you cannot do this right perhaps you need some support yourself well we need a good email client have you seen any i guess not i guess the authors of this app still havent even seen the web version it differs so much,PERFORMANCE_BUG,0.4311715307096164
90702,gp:AOqpTOGv20mknQmA-gC8b_kuIuIP3cOlC01ioJzGnCkhmtWIBsIFwPWpm1JLWe4MqR36YJtu_xr4QM-msQUOXiU,Robin Lenogue,https://play-lh.googleusercontent.com/a-/AOh14Gi5L_bHjohLdc56QlSYqg2BV0yAcxPpu8IdXp9m-g,"I'd love to help, but I don't know how. This app is almost AMAZING, almost great for my road trips and my trekking trips that I'd like to share with my friends, but there's still no way to add walking directions or measurements (straight lines between 2 points) as a layer, nor to export driving directions to use them on Google Maps. So, as I said, almost there. I'll update my 5 star rating once we make it there.",3,2,2.1,2017-01-12 22:14:11,,,most_relevant,com.google.android.apps.m4b,id love to help but i dont know how this app is almost amazing almost great for my road trips and my trekking trips that id like to share with my friends but theres still no way to add walking directions or measurements straight lines between 2 points as a layer nor to export driving directions to use them on google maps so as i said almost there ill update my 5 star rating once we make it there,PERFORMANCE_BUG,0.4313427548257739
90960,gp:AOqpTOGv20mknQmA-gC8b_kuIuIP3cOlC01ioJzGnCkhmtWIBsIFwPWpm1JLWe4MqR36YJtu_xr4QM-msQUOXiU,Robin Lenogue,https://play-lh.googleusercontent.com/a-/AOh14Gi5L_bHjohLdc56QlSYqg2BV0yAcxPpu8IdXp9m-g,"I'd love to help, but I don't know how. This app is almost AMAZING, almost great for my road trips and my trekking trips that I'd like to share with my friends, but there's still no way to add walking directions or measurements (straight lines between 2 points) as a layer, nor to export driving directions to use them on Google Maps. So, as I said, almost there. I'll update my 5 star rating once we make it there.",3,2,2.1,2017-01-12 22:14:11,,,newest,com.google.android.apps.m4b,id love to help but i dont know how this app is almost amazing almost great for my road trips and my trekking trips that id like to share with my friends but theres still no way to add walking directions or measurements straight lines between 2 points as a layer nor to export driving directions to use them on google maps so as i said almost there ill update my 5 star rating once we make it there,PERFORMANCE_BUG,0.4313427548257739
34964,gp:AOqpTOGNOIX0roFSP5RbtPVIfAzz6ozbvsOSmInqsYQq6EzR5S4QzZOCTOQsmD12-r7KkLJ-cQxrRCNlaU52QrY,Arcath Gaming VODS,https://play-lh.googleusercontent.com/a-/AOh14GgGVLrXabpAPI7BUoJJLarVbw7780Ih88RDqeyDJg,"It's a good email service I just hate the fact that dark mode isnt there, at least for me it isnt, I've tried pretty much everything I can do to fix this bug of it not appearing but nothing works, I hate light modes on most apps because it's to much of a strain on my eyes, I k ow that there is one for gmail but theres a way to common bug of it just not being available to change, fix this and than you'll get a higher star review",2,10,2020.11.01.342354497.Release,2020-12-06 11:14:57,,,most_relevant,com.google.android.gm,its a good email service i just hate the fact that dark mode isnt there at least for me it isnt ive tried pretty much everything i can do to fix this bug of it not appearing but nothing works i hate light modes on most apps because its to much of a strain on my eyes i k ow that there is one for gmail but theres a way to common bug of it just not being available to change fix this and than youll get a higher star review,LOGIN_BUG,0.4314361414829974
45904,gp:AOqpTOGURK2m3pLvxkJgtn6ncFllc0J1045jN6UWJfT2oyj1CqTiyKWZ2ncvaRyrUavPZvJpVJjgohG2QnEzTg,Vijay Govindrao Kathavate,https://play-lh.googleusercontent.com/a-/AOh14GiN6CEtPTrnjdJUCGbq5Lf2Bt4FlhVo0v-_pSth16Y,"Namskar, I had received a photo of news item on my whatsapp number. I had got its text and translated into Kannada by Google translate App. I can't understand the translated text. Kindly take suggestions from Kannada language experts and make Kannada translation understandable. Reply to your response Whole translation is inaccurate. In Google translation help page there is no option to edit a para. If you inform your email I wil send translated script",3,2,6.15.0.01.347678229,2021-01-21 05:37:10,"Hi Vijay. You can help us correct inaccurate translations by visiting translate.google.com - Enter the phrase in the Input box - Choose ""Suggest an edit"" in the bottom right of the translation box - Type the correct translation and click ""Submit"" or send us a feedback report by accessing Help & Feedback from main navigation menu. Appreciate it!",2021-01-20 10:45:43,most_relevant,com.google.android.apps.translate,namskar i had received a photo of news item on my whatsapp number i had got its text and translated into kannada by google translate app i cant understand the translated text kindly take suggestions from kannada language experts and make kannada translation understandable reply to your response whole translation is inaccurate in google translation help page there is no option to edit a para if you inform your email i wil send translated script,LOGIN_BUG,0.43149530510690104
46254,gp:AOqpTOGURK2m3pLvxkJgtn6ncFllc0J1045jN6UWJfT2oyj1CqTiyKWZ2ncvaRyrUavPZvJpVJjgohG2QnEzTg,Vijay Govindrao Kathavate,https://play-lh.googleusercontent.com/a-/AOh14GiN6CEtPTrnjdJUCGbq5Lf2Bt4FlhVo0v-_pSth16Y,"Namskar, I had received a photo of news item on my whatsapp number. I had got its text and translated into Kannada by Google translate App. I can't understand the translated text. Kindly take suggestions from Kannada language experts and make Kannada translation understandable. Reply to your response Whole translation is inaccurate. In Google translation help page there is no option to edit a para. If you inform your email I wil send translated script",3,2,6.15.0.01.347678229,2021-01-21 05:37:10,"Hi Vijay. You can help us correct inaccurate translations by visiting translate.google.com - Enter the phrase in the Input box - Choose ""Suggest an edit"" in the bottom right of the translation box - Type the correct translation and click ""Submit"" or send us a feedback report by accessing Help & Feedback from main navigation menu. Appreciate it!",2021-01-20 10:45:43,newest,com.google.android.apps.translate,namskar i had received a photo of news item on my whatsapp number i had got its text and translated into kannada by google translate app i cant understand the translated text kindly take suggestions from kannada language experts and make kannada translation understandable reply to your response whole translation is inaccurate in google translation help page there is no option to edit a para if you inform your email i wil send translated script,LOGIN_BUG,0.43149530510690104
6087,gp:AOqpTOHmLcJxy3pAHCWs9_sdBihRLmT_PyGwyaePzU1nn87eMKbZxygL1Ugaq5PY5cH1XHAgi272bREEEY792Q,moshe lando,https://play-lh.googleusercontent.com/a-/AOh14GiYAc0AAz8AM02fMMOdocc2K6Qj-bt0bnQf3Wm5gQ,"My Google Pay account was suspended, and I was never told why. I've reached out to countless customer service reps, and they all say that they'll forward it to the ""review"" team, who ""customers can't speak to directly"". So I still have no clue why it was suspended or what to do to get it back. I've filled out the ""information upload form"" on the website many times, and it never goes through. Can't imagine worse customer service.",1,0,2.120.344959027,2020-12-20 03:28:43,,,most_relevant,com.google.android.apps.walletnfcrel,my google pay account was suspended and i was never told why ive reached out to countless customer service reps and they all say that theyll forward it to the review team who customers cant speak to directly so i still have no clue why it was suspended or what to do to get it back ive filled out the information upload form on the website many times and it never goes through cant imagine worse customer service,PERFORMANCE_BUG,0.43156406010122267
50599,gp:AOqpTOEJ2GG-aIfAc9YwFnXRhXcVwBkWOZRw-F3GA-sVuIL-1dRYeX1o_Q_NA7Lm3wb9J-cBWOJDHM5KRW2ZyiQ,JonnyCrazytrain,https://play-lh.googleusercontent.com/a-/AOh14GjE3_ujdkBPGh_2JYvc9V-_MTTEHBTM34d_XygTEQ,"The app is always changing settings or some other detail that I don't want changed. It's as if it has a mind if its own. Now, the app doesn't even recognize my account which I've had for months and interact with on a daily basis. It wants me to set up the app all over again. Ridiculous! This is completely useless to me now. Uninstalled.",2,15,3.32.0.343402770,2021-01-28 22:48:09,,,newest,com.google.android.apps.vega,the app is always changing settings or some other detail that i dont want changed its as if it has a mind if its own now the app doesnt even recognize my account which ive had for months and interact with on a daily basis it wants me to set up the app all over again ridiculous this is completely useless to me now uninstalled,LOGIN_BUG,0.43169249888667344
50488,gp:AOqpTOEJ2GG-aIfAc9YwFnXRhXcVwBkWOZRw-F3GA-sVuIL-1dRYeX1o_Q_NA7Lm3wb9J-cBWOJDHM5KRW2ZyiQ,JonnyCrazytrain,https://play-lh.googleusercontent.com/a-/AOh14GjE3_ujdkBPGh_2JYvc9V-_MTTEHBTM34d_XygTEQ,"The app is always changing settings or some other detail that I don't want changed. It's as if it has a mind if its own. Now, the app doesn't even recognize my account which I've had for months and interact with on a daily basis. It wants me to set up the app all over again. Ridiculous! This is completely useless to me now. Uninstalled.",2,15,3.32.0.343402770,2021-01-28 22:48:09,,,most_relevant,com.google.android.apps.vega,the app is always changing settings or some other detail that i dont want changed its as if it has a mind if its own now the app doesnt even recognize my account which ive had for months and interact with on a daily basis it wants me to set up the app all over again ridiculous this is completely useless to me now uninstalled,LOGIN_BUG,0.43169249888667344
44920,gp:AOqpTOEDWq8AhKqrLXV_Ab3BX603vw3_xRsU9edHutRcJUgN8yF_HKYMpogUvXYve7kpmQx2P5SU8twqXxfiTw,george bedenbaugh,https://play-lh.googleusercontent.com/-sHF0nC768LU/AAAAAAAAAAI/AAAAAAAAAAA/AMZuucn5nSqQBLpEzDqpjfT7DPTHSTfu4w/photo.jpg,It's too wildly different than Google play music for me. I can't easily set up a playlist like I could with GPM. I can't play already downloaded musice from GPM unless it's one song at a time. That's the bad. The good is access to more music and more suggestions which almost makes up the difference for me.,3,0,4.12.50,2021-02-03 15:41:11,,,newest,com.google.android.apps.youtube.music,its too wildly different than google play music for me i cant easily set up a playlist like i could with gpm i cant play already downloaded musice from gpm unless its one song at a time thats the bad the good is access to more music and more suggestions which almost makes up the difference for me,PERFORMANCE_BUG,0.4317464581602469
5309,gp:AOqpTOHCLRpfPTebSGsuOvD9g2nRIuhVJHWbhHqEjIZ3BpxncrwmxBnixlvgV5ymNosSjtDRQVvt-NpoI6Zj_A,Teri H,https://play-lh.googleusercontent.com/a-/AOh14GgrTzjtrQUSaSTwswdKusOnB6OIaH3W351EeLwbIQ,"Too much AI. Just because I search something one time does not mean I am interested in it or subjects like it. I use the show less or not interested too. Biggest frustration today is that the Dark Mode option in settings just vanished in the middle of the day. Searched for answers yet the old faq just leads me to how things used to be and I'm stuck with a bright, white background. Need to resolve this and not need touse the dark mode already on my Note9 since that would change my theme.",3,73,11.41.10.23.arm64,2020-12-23 06:31:04,"Hi there, your Google app theme is based on your device settings. For more information, see: http://goo.gle/3h7t0D8. If you continue experiencing issues with this, please submit a feedback report: Open Google App - More (three-dot menu) - Send feedback, this will help us ensure that this gets reviewed by the right team. Appreciate it!",2020-12-23 07:00:08,most_relevant,com.google.android.googlequicksearchbox,too much ai just because i search something one time does not mean i am interested in it or subjects like it i use the show less or not interested too biggest frustration today is that the dark mode option in settings just vanished in the middle of the day searched for answers yet the old faq just leads me to how things used to be and im stuck with a bright white background need to resolve this and not need touse the dark mode already on my note9 since that would change my theme,PERFORMANCE_BUG,0.43177806420226994
75943,gp:AOqpTOElN5gcYFm9ruY8j9euWCCUY74xF_UntAWJ7YzvkPBhg0ClYOZSrFxYYUA_1Y75FXJ9No0fgwb6a9lzpw,George Luft,https://play-lh.googleusercontent.com/-RiAPkWpcEms/AAAAAAAAAAI/AAAAAAAAAKg/AMZuucnXfAs5N88JuyvXs3zBbuaF218Cpw/photo.jpg,my experience is not really I don't think it's related to this I know the files that are system files when you buy a phone it shouldn't have 378 of them & for some reason the place where I bought my phone they think that this is normal 16 gigs worth of apps in your phone is not normal but I've reached out to Google to try to retrieve my stolen identity & email addresses that they've given away to the wrong person even allowed them to obtain administrator apps been trying to get help for 3 mo.,3,3,1.0.346212449,2020-12-23 03:13:54,,,most_relevant,com.google.android.apps.nbu.files,my experience is not really i dont think its related to this i know the files that are system files when you buy a phone it shouldnt have 378 of them  for some reason the place where i bought my phone they think that this is normal 16 gigs worth of apps in your phone is not normal but ive reached out to google to try to retrieve my stolen identity  email addresses that theyve given away to the wrong person even allowed them to obtain administrator apps been trying to get help for 3 mo,LOGIN_BUG,0.43190204107711316
58960,gp:AOqpTOHrgvuBv8-M4hVlj8t5OLVk2Aox_g42OQ4rboAkO2dfSxTOkLmkBjgeOkwk8Gx4o9bgqITmmvmra39-pg,Anchit Kawaatra,https://play-lh.googleusercontent.com/a-/AOh14Gj_JsBqXaG1lnhCDJ35Luqp_Orvde28Ro9MeNnK,"Maybe a good security but in intances where no other option than this app is given and lose backup codes by change of phone or something, you will be locked out and will remain at whims of that apps customer care. Like I had done it for ENVATO. And they leisurely took 4 days to remove google authenticator even after confirming all details with them on 1st day itself. I could not complete my work, no other way to login was present and now my website is down. Won't be using this app anymore.",2,9,5.00,2020-03-27 03:31:02,,,most_relevant,com.google.android.apps.authenticator2,maybe a good security but in intances where no other option than this app is given and lose backup codes by change of phone or something you will be locked out and will remain at whims of that apps customer care like i had done it for envato and they leisurely took 4 days to remove google authenticator even after confirming all details with them on 1st day itself i could not complete my work no other way to login was present and now my website is down wont be using this app anymore,LOGIN_BUG,0.4322177559786945
38765,gp:AOqpTOFN-rtaGMLkG5LS8zKvjR7sFLWu1mtOx2OVMjmcacpFAm9a9fMzw_1hGpb_urwIPl-iiCxC3pxFMmQPjKM,Pooky Thomas,https://play-lh.googleusercontent.com/-N56f10tc4EE/AAAAAAAAAAI/AAAAAAAAAAA/AMZuuckZBw6p_-VL5yICwG0TyptEHLMwww/photo.jpg,it keeps crashing down AND I have my phone set RIGHT to recieve my messages but it keeps going off every few minutes saying I got a notification but nothing is coming up I have done everything including uninstalling apps I use and changing my notification sound. plus the notification bar keeps closing down AND I have to keep going through my settings to turn it back on 15 times a day,3,27,7.3.0.239841594,2019-07-16 11:15:42,,,most_relevant,com.google.android.marvin.talkback,it keeps crashing down and i have my phone set right to recieve my messages but it keeps going off every few minutes saying i got a notification but nothing is coming up i have done everything including uninstalling apps i use and changing my notification sound plus the notification bar keeps closing down and i have to keep going through my settings to turn it back on 15 times a day,PERFORMANCE_BUG,0.4322330234105236
75035,gp:AOqpTOHzK7-Y4SD1sxq22yAjbtrSOATkIdkU1plCx1rBuLI70_LCAuk_DZYXcfHtC0e9B-aADpI9hDsntNeCJlU,maleeha -o-,https://play-lh.googleusercontent.com/a-/AOh14GioOOdm0iWOyNUwUf1v8Bo1gc14Y_nQaXvRUOsP5A,Good app BUT I CANT ADD TUNBNAILS I FONT ENAT MY ACCOUNT VERIFIED >:( AND THE CHANNEL ART PLS MAKE A PLACE WERE YOU CAN MAKE A CHANNEL ART SO PLS!!,3,0,,2021-01-25 22:06:28,,,newest,com.google.android.apps.youtube.creator,good app but i cant add tunbnails i font enat my account verified  and the channel art pls make a place were you can make a channel art so pls,LOGIN_BUG,0.43228314861586553
1475,gp:AOqpTOGklCG07j-LWdpFFadlWRqapFGzomUjvjbcAAipiiA9wi9K4U31XG2P_6qtPpCpLukEtSkU0LOx7ky9UYc,Sanjay Choudhary,https://play-lh.googleusercontent.com/-bl50revfxOM/AAAAAAAAAAI/AAAAAAAAAAA/AMZuucni8bHFXywUCqLH39OZ37xQGUzuAg/photo.jpg,"Cannot view call history I've tried every method to see recent calls or even saved contacts but failed, I've sent mails to you, also gave feedback but no response so far, so now I'm writing here, please please fix it, this is like the most basic Functions and even these do not work, I have latest app, android 10, then where is the problem, the problem is in your app, and for a company like Google, you are a shame that you cannot even make a simple phone app",2,125,58.0.346367036-downloadable,2020-12-24 02:33:33,"Hi, Sanjay. To see details for each call made to that number, such as when it happened, how long it was and whether it was incoming or outgoing, please refer to this link: https://goo.gle/2QN72Jq. Hope this helps!",2020-12-27 01:23:16,most_relevant,com.google.android.dialer,cannot view call history ive tried every method to see recent calls or even saved contacts but failed ive sent mails to you also gave feedback but no response so far so now im writing here please please fix it this is like the most basic functions and even these do not work i have latest app android 10 then where is the problem the problem is in your app and for a company like google you are a shame that you cannot even make a simple phone app,Generic_Complaint,0.4324519243703416
66119,gp:AOqpTOEcfQmckLzw8g6_I2sPIzzCX56bGvo6ARJg_XGkP1nAwG55Tx_-o00wHhONv2L8byd49lrn6dFGJX1xnAk,Daniel Harding,https://play-lh.googleusercontent.com/-5HqYUHLCV_U/AAAAAAAAAAI/AAAAAAAAAAA/AMZuuck0az769WNjBc4tjeXOmiwubcOoKg/photo.jpg,"always freezes right away just saying ""looking for best route"". Frustrating especially when lost in an unknown city and the only nav you have!",2,24,10.2.7,2019-08-16 22:41:39,,,most_relevant,com.google.android.apps.navlite,always freezes right away just saying looking for best route frustrating especially when lost in an unknown city and the only nav you have,PERFORMANCE_BUG,0.43269354131219306
51661,gp:AOqpTOEQHDpwxcjmVXOjru6GgLyzATLZqZlx62h0rXa7MWyqN490-VQTcPsMb6-itCH7hVFAuso3cZ5Be3OcARU,Susan Nyaguthii,https://play-lh.googleusercontent.com/a-/AOh14GiOFmjXZohDNp02Rl_FSeppEpjB6dGMzKU4uuno,Installation of these dictative apps should be voluntary. Different phone users have different uses and preferences. I hate how this just appeared on my phone from nowhere and started terrorising everything. Developers please take it off because you have disabled the disable and uninstall buttons. Don't kill my batteries with an app am not even using.,1,0,1.0.272729121,2021-01-30 07:59:52,,,newest,com.google.android.apps.wellbeing,installation of these dictative apps should be voluntary different phone users have different uses and preferences i hate how this just appeared on my phone from nowhere and started terrorising everything developers please take it off because you have disabled the disable and uninstall buttons dont kill my batteries with an app am not even using,UI_BUG,0.43269978247543456
33697,gp:AOqpTOEkvV-dkMO4zOXtvsDPewMruTIZ-nxJFK_FpLVJUx0aaFrAV_jILhAx0SGrViJeSY35pIrgmD5TDNCVnA,Annabelle Lacroix,https://play-lh.googleusercontent.com/a-/AOh14GjLIEupNDCihG7GIRMcqpPwfYE_bxb5y-ybEAn7,2. Yes 2. I couldn't play Hollywood story. It didn't fix anything. The only reason it has another start is for the other games you can play without downloading anything else.,2,51,2020.11.22814 (348073629.348073629-000300),2021-01-04 18:21:19,,,most_relevant,com.google.android.play.games,2 yes 2 i couldnt play hollywood story it didnt fix anything the only reason it has another start is for the other games you can play without downloading anything else,PERFORMANCE_BUG,0.43285217364515205
55295,gp:AOqpTOGfEN1mJCg7iNSdqxJHR5uAH2fVYWUQLPuVSlUw-3Q46FMbb4ioartoy58kZfEE44O4GjkBkxowOj9sMwE,Sean Lewis,https://play-lh.googleusercontent.com/a-/AOh14GjZYqmV0FJXr2xK5WSta8bBOAiGuwz8jb37jcqWLQ,"To be honest it's better than nothing especially since it's free, but I feel like Google prepped this app and just completely forgot it exists. There's no keyword/topic blocking. The account settings and content blocking doesn't sync well between devices. There's no ways to favorite or seed content. You basically have to just block every individual channel that you don't want your kid watching. A couple of feature additions would make this app wonderful.",2,535,5.40.4,2020-11-25 18:23:32,,,most_relevant,com.google.android.apps.youtube.kids,to be honest its better than nothing especially since its free but i feel like google prepped this app and just completely forgot it exists theres no keywordtopic blocking the account settings and content blocking doesnt sync well between devices theres no ways to favorite or seed content you basically have to just block every individual channel that you dont want your kid watching a couple of feature additions would make this app wonderful,LOGIN_BUG,0.43361247706301664
4880,gp:AOqpTOF6g8XlEjglXtBjDZuRdtGqFKro3URgJHUx4DtRQzAH-a9nEBtCXLJrnatDNVCThgC7ehcplLt1Xw2R7A,Kylie Chinnery,https://play-lh.googleusercontent.com/a-/AOh14GiyTQxd150glLX36LB_zs8AGa4qDE7Xw6u7NbKX-w,"CANNOT TURN OFF TRENDING SEARCHES FROM APPEARING AFTER THIS UPDATE. Yes obviously I've turned it off, it's never been turned on but turned it on then off a dozen times. The irritating and unwelcome endless list of ridiculous 'suggestions' appears every time I click on the blank search box, both from new tab and from home. Unacceptable!",1,31,11.42.16.23.arm64,2021-01-15 09:53:52,"Hi Kylie. Thank you for reporting this issue. Can you please submit a feedback report and tell us a little bit more about what you're experiencing so we can investigate further? Open Google App - More (three-dot menu) - Send feedback, this will help us ensure that this gets reviewed by the right team. Thank you!",2021-01-15 10:39:04,most_relevant,com.google.android.googlequicksearchbox,cannot turn off trending searches from appearing after this update yes obviously ive turned it off its never been turned on but turned it on then off a dozen times the irritating and unwelcome endless list of ridiculous suggestions appears every time i click on the blank search box both from new tab and from home unacceptable,PERFORMANCE_BUG,0.4336849942427866
50782,gp:AOqpTOEy52S9xqQ_TYkfJ6c2ik_eDvFF_HJ4xm41s5FmZQG-XLW9_TzTPvuj_L7vx5I65WbciUqV5DTZp_BrH_c,Kerim Ozsoz,https://play-lh.googleusercontent.com/a-/AOh14Gj5siO3tZxUcnzqGuRbbAr86m0G19tfZSuGRvc9oQ,"The messenger feature integrates well with maps and google ads. The only issue is the extreme lag. Many hours, sometimes up to half a day delay before I receive notifications that a customer has contacted me. One would imagine it to be a native to android. The massive delay is disappointing and discouraging in the process of optimizing B2C relations. In the end Maps will display that your business only replies within hours or more of initial contact. Come on G!",3,455,3.15.0.278491560,2019-11-22 10:47:24,,,most_relevant,com.google.android.apps.vega,the messenger feature integrates well with maps and google ads the only issue is the extreme lag many hours sometimes up to half a day delay before i receive notifications that a customer has contacted me one would imagine it to be a native to android the massive delay is disappointing and discouraging in the process of optimizing b2c relations in the end maps will display that your business only replies within hours or more of initial contact come on g,PERFORMANCE_BUG,0.4337527931561815
42343,gp:AOqpTOGGnMK28CagO-DP30vWTCHA64QEQ_rie4dHzo6KAGShwukJYuDCpt8gZy5za2MTDY6XSMaPrnSXbieMNw,Maria Santiago,https://play-lh.googleusercontent.com/a-/AOh14GhPYNUjIrwKP6xw_vZ0B4_kJIN-jMOuj2k7R-lGQw,I wish I could see all the videos that on playlist cause here in the app it only shows you some of them not all of them but when you hit play it will show you all of them u under the playing video how am a to know I have my playlist in order or be able to edit it if I can't see all the videos on the playlist rhis has been happened since the update if you can resolve this I would really appreciate it,3,12,16.02.35,2021-01-27 02:35:09,,,most_relevant,com.google.android.youtube,i wish i could see all the videos that on playlist cause here in the app it only shows you some of them not all of them but when you hit play it will show you all of them u under the playing video how am a to know i have my playlist in order or be able to edit it if i cant see all the videos on the playlist rhis has been happened since the update if you can resolve this i would really appreciate it,PERFORMANCE_BUG,0.4338150608956096
81561,gp:AOqpTOGnf7wfhbtFORi1AkQzrffG5Ak-7p3LUAamS5xMMLg8bDovQ1HZMEQlCHh9P9dRDHzfIyhJAKndeCkigPw,Cristina Mitie Matsumoto,https://play-lh.googleusercontent.com/a-/AOh14GiYwr0GCjA4kaWdlIdqEB30aFWKaxhD93Yw75YYHQ,"It is still horrible since it is not allowed to record any session while we use the free version. Besides that, it is almost impossible to play the videos while we are sharing our screens since they get stuck!!!",1,17,1.77.331246954,2020-11-25 13:16:50,Hi Cristina. Thanks for taking the time to share your feedback. We'll let the team know.,2020-10-26 17:33:48,most_relevant,com.google.android.apps.subscriptions.red,it is still horrible since it is not allowed to record any session while we use the free version besides that it is almost impossible to play the videos while we are sharing our screens since they get stuck,UI_BUG,0.43388812330508847
75716,gp:AOqpTOE0fF93e3mXCyu1tncXqmuIQLhu7zsSBpR8KloF7Gw-d2in_X9PwyBKujx8GNgCeshiHMcG81f1k5r9qg,raeez maredia,https://play-lh.googleusercontent.com/-9yCIOdX_7VE/AAAAAAAAAAI/AAAAAAAAO8o/AMZuuclML-hmB2qjEdW90ttVguT6ReIb1A/photo.jpg,"On playing a music or video, it auto plays every files which are present in that folder. There is no way to disable that and just play single music or video at a time. So please give option to disable auto play files in folder. Another thing is when you play a music and pause it using lockscreen and on unlocking it starts to play again. It should have been in pause start as it was paused.",2,11,1.0.347928958,2020-12-31 13:59:31,Hi Raeez! We are sorry to hear about your experience. We're always looking for ways to make the app more useful and your feedback is super helpful. Appreciate your patience!,2020-12-31 14:02:12,most_relevant,com.google.android.apps.nbu.files,on playing a music or video it auto plays every files which are present in that folder there is no way to disable that and just play single music or video at a time so please give option to disable auto play files in folder another thing is when you play a music and pause it using lockscreen and on unlocking it starts to play again it should have been in pause start as it was paused,UI_BUG,0.43411096129762217
47959,gp:AOqpTOH8Of5AO8fvea8rAHZCypfV3OcK3jsAruJlvxCkv2JedVqlsl9WBvlaTaaGazkRAw1qLV-isECF5j_j1Q,Jac Vik,https://play-lh.googleusercontent.com/-z3KS5X2yPJQ/AAAAAAAAAAI/AAAAAAAAAAA/AMZuuckyGfgTBW6hbdkoK8AwTmxqH7c_Fg/photo.jpg,Update: Steps outlined in Google's response were tried and did not work. Night mode still refuses to work properly. Also the volume slider in the night mode settings needs to show the % volume. So silly that it doesn't. Original post: Night mode no longer works properly with either Google Home Nest Mini or Google Home Mini. It fails to change the volume.,1,15,2.32.1.5,2021-01-07 08:01:41,"Thanks for posting, Jac — for better Night mode experience with your Google Nest devices, try reinstalling your Google Home app and try rebooting your phone after to make sure it's up-to-date. Also, make sure your phone is running on its latest OS. For more help, reach out to our support team: https://goo.gle/2x0Is0T",2020-11-06 09:49:44,most_relevant,com.google.android.apps.chromecast.app,update steps outlined in googles response were tried and did not work night mode still refuses to work properly also the volume slider in the night mode settings needs to show the  volume so silly that it doesnt original post night mode no longer works properly with either google home nest mini or google home mini it fails to change the volume,PERFORMANCE_BUG,0.4344106180785299
24692,gp:AOqpTOEF46Bkbyjl1ykFosUhoidveg510cYQYrXQUycxFGGK3arN4KpTGsfHcdy_VCI4bXT_vZ88nN8CHCuEr68,Alfred Faltiska,https://play-lh.googleusercontent.com/a-/AOh14GhCVC_sCXt0JVBga0ydFfpQEyfcx-T92kAyoE11xw,"Version 24.5 broke SSML support. I have contacted the dev team over email twice about this but more than a week passed and nobody responded. The engine is amazing and the quality of the voices is almost the best you can get these days, and it's free to use on an Android device. But responding to emails is not that hard ...",1,286,23.15.348055456,2021-01-24 07:43:35,,,most_relevant,com.google.android.tts,version 245 broke ssml support i have contacted the dev team over email twice about this but more than a week passed and nobody responded the engine is amazing and the quality of the voices is almost the best you can get these days and its free to use on an android device but responding to emails is not that hard ,LOGIN_BUG,0.4345486056934052
42339,gp:AOqpTOG-xrR2pY2PNwoy2u-3apJA5Wy4wR2aftx929zwGJYW854hJ2yRor9PUFW_i3L7xZ8SHJWur-0YaqMEVA,HeiressoftheLight,https://play-lh.googleusercontent.com/a-/AOh14Gh6mpi62uwWm9gs7hX8SAox56U86NXdukrYFlMDsjk,Unable to log out of this App since the update on 1/21/2021. Even when I switch accounts and log out of all accounts and clearing browser etc. Emailed the App developer received a email back referring me to YouTube help and feed back and troubleshooting I've already tried all the help steps to log out of the App when I'm done with my YouTube activity and still won't let me log out. Before the last 2 updates didn't have this issue. Please help I just want to be able to log out of the App.,3,124,16.02.35,2021-01-26 12:05:34,,,most_relevant,com.google.android.youtube,unable to log out of this app since the update on 1212021 even when i switch accounts and log out of all accounts and clearing browser etc emailed the app developer received a email back referring me to youtube help and feed back and troubleshooting ive already tried all the help steps to log out of the app when im done with my youtube activity and still wont let me log out before the last 2 updates didnt have this issue please help i just want to be able to log out of the app,PERFORMANCE_BUG,0.43472445724200187
59,gp:AOqpTOGOvZEFajkArqw9NOhBKSmtbw3ujcE7eLcVrn7IgotCGpZRxxkf9U--VNoqWfouCAkTSJzysuVtmm1mQrw,Nino C.,https://play-lh.googleusercontent.com/a-/AOh14GidZ-PxPK9cEjSqY6gGM4KMdBkZLNP3X-_B6q4h2BA,Having trouble syncing contacts when having more than 1 google accounts on handheld. I have to remove 1 of them to have my contact's synchronization continue smoothly. Bad experience!,1,2,3.36.3.346104542,2021-01-08 10:54:14,,,most_relevant,com.google.android.contacts,having trouble syncing contacts when having more than 1 google accounts on handheld i have to remove 1 of them to have my contacts synchronization continue smoothly bad experience,LOGIN_BUG,0.4348733350022017
67099,gp:AOqpTOHlkLDA_gmu8guRjf6sfXMjAabRiFLlkNbEdibOfuXvyF0xQR2afMdUEAH9huM7Hdi7xNPGShBVCFE4JCY,S2,https://play-lh.googleusercontent.com/a-/AOh14GiKyp778qNWKTZnmDZn0ED6dA4v25uYQEAeEPFF,I am not able to use the Google lens feature if I sign in. it says check the Internet connection the connection is prefect still there it says. And I also I am not able to sign in my youtube account. Hope u fix this issue soon pls. All the remains features are amazing. Only those two issues please fix them.,1,46,3.19.345244754.release,2021-01-13 05:48:04,,,most_relevant,com.google.android.apps.searchlite,i am not able to use the google lens feature if i sign in it says check the internet connection the connection is prefect still there it says and i also i am not able to sign in my youtube account hope u fix this issue soon pls all the remains features are amazing only those two issues please fix them,LOGIN_BUG,0.43515448959965314
35118,gp:AOqpTOG4u_wm-xkwqsLrsbkCo-7oMhAamf8XakMA_foJyXrNyBfbbXRyDTsNBR_CnoFWHUgoJKaV_sYZnUWAyks,David Patino,https://play-lh.googleusercontent.com/a-/AOh14GjCB5DPfaccuama3pKCeS6njPdsdQtrEV_51fJ-hw,"Everytime I open an unread email, I get a notification that I have new mail. It's quite annoying but otherwise the app works. Developer recommended actions didn't help. I even changed phones and it still does it on the new phone.",3,1,2020.11.29.346182102.Release,2021-01-11 15:28:18,"Hello, David. We suggest that you follow the steps in this article: http://goo.gl/kWctv9 to see what may be happening. If the problem persists, we recommend that you post a topic in the Gmail Forum to get help from our experts: https://goo.gle/3586PHb. We hope we helped.",2020-12-09 14:50:00,most_relevant,com.google.android.gm,everytime i open an unread email i get a notification that i have new mail its quite annoying but otherwise the app works developer recommended actions didnt help i even changed phones and it still does it on the new phone,LOGIN_BUG,0.4351546205954148
53132,gp:AOqpTOGcZOpUqOffB_bRgaWeVHVfaPxQSAHNuFKIp2WiLIfWRIIpYX3iNSHMM8-lVzrj_hBP8LlcuXnm09S-_GM,Amelia Kitt,https://play-lh.googleusercontent.com/a-/AOh14GiJPF1hwybHs_jXpBy2QyNA9yMedMxs-Ig1E_82UQ,I really like this app to control the amount of time my children can use their devices but it would be brilliant if you could password protect the parent app and also allow the use of you tube,3,0,1.70.0.Y.344120469,2021-01-11 22:39:59,"Thanks for your review, Amelia. Feel free to send us your ideas/suggestions here: Open the app - In the top left, tap Menu - Help & Feedback or Send feedback.",2021-01-12 16:28:25,most_relevant,com.google.android.apps.kids.familylink,i really like this app to control the amount of time my children can use their devices but it would be brilliant if you could password protect the parent app and also allow the use of you tube,LOGIN_BUG,0.43526268967910564
53424,gp:AOqpTOGcZOpUqOffB_bRgaWeVHVfaPxQSAHNuFKIp2WiLIfWRIIpYX3iNSHMM8-lVzrj_hBP8LlcuXnm09S-_GM,Amelia Kitt,https://play-lh.googleusercontent.com/a-/AOh14GiJPF1hwybHs_jXpBy2QyNA9yMedMxs-Ig1E_82UQ,I really like this app to control the amount of time my children can use their devices but it would be brilliant if you could password protect the parent app and also allow the use of you tube,3,0,1.70.0.Y.344120469,2021-01-11 22:39:59,"Thanks for your review, Amelia. Feel free to send us your ideas/suggestions here: Open the app - In the top left, tap Menu - Help & Feedback or Send feedback.",2021-01-12 16:28:25,newest,com.google.android.apps.kids.familylink,i really like this app to control the amount of time my children can use their devices but it would be brilliant if you could password protect the parent app and also allow the use of you tube,LOGIN_BUG,0.43526268967910564
32846,gp:AOqpTOGMmaSfoZ7Iht42I1ONkp113OStV1fvUGVUQ6OV0pjWkhNrGcmMSPTn_ZWPzE-hA6sopOhct_m2JJ_U13I,Tín Nguyễn,https://play-lh.googleusercontent.com/a-/AOh14Gg9i5q1S_ju7l67bChS0c8WEPmYl-8dObVEAUWv,"Function doesn't work well, especially moving pictures from albums. The app cannot access to the SD card, or it just missed it. When the connection is weak, it even more sucks, cannot load the pictures, cannot do anything. The soft function sometimes works fine, sometimes mess up my entire album. Free backup is gonna die soon so maybe it's not gonna be a good option anymore.",3,1094,5.23.3.348108244,2020-12-25 19:50:16,,,most_relevant,com.google.android.apps.photos,function doesnt work well especially moving pictures from albums the app cannot access to the sd card or it just missed it when the connection is weak it even more sucks cannot load the pictures cannot do anything the soft function sometimes works fine sometimes mess up my entire album free backup is gonna die soon so maybe its not gonna be a good option anymore,PERFORMANCE_BUG,0.4356153836229181
13432,gp:AOqpTOGKmAxw7KslHCaXXx9b3zPvs1Swg0Mc5csuD4Q1k7r3y4a77LjZKFgBM0SGtvoxac8YW9LbNKDAFGKyy4g,Charles Lewis Ashinghurst Jr,https://play-lh.googleusercontent.com/a-/AOh14GgUt8yjRqk8RSFxdBwOZ2z9ywOuL64OQH6L8hrrgg,"sent to the government. Puá TC. 221-8816... Last three androids this year's and in navy ships. Disgusted with this company and is communicating for me. I bought December 29 Pixel. To America, staff say privacy we cannot help Google rules. That's a lie, this lady built this device so unhappy with how they treat their customers. B aware phone companies pay for your one account. This company charges you Make sure you look. # Ggl hide call FCC 4 number to call",3,6,12.05.05.v27,2020-03-30 14:13:21,,,most_relevant,com.google.android.apps.work.clouddpc,sent to the government pu tc 2218816 last three androids this years and in navy ships disgusted with this company and is communicating for me i bought december 29 pixel to america staff say privacy we cannot help google rules thats a lie this lady built this device so unhappy with how they treat their customers b aware phone companies pay for your one account this company charges you make sure you look  ggl hide call fcc 4 number to call,LOGIN_BUG,0.4358202593097462
13496,gp:AOqpTOGKmAxw7KslHCaXXx9b3zPvs1Swg0Mc5csuD4Q1k7r3y4a77LjZKFgBM0SGtvoxac8YW9LbNKDAFGKyy4g,Charles Lewis Ashinghurst Jr,https://play-lh.googleusercontent.com/a-/AOh14GgUt8yjRqk8RSFxdBwOZ2z9ywOuL64OQH6L8hrrgg,"sent to the government. Puá TC. 221-8816... Last three androids this year's and in navy ships. Disgusted with this company and is communicating for me. I bought December 29 Pixel. To America, staff say privacy we cannot help Google rules. That's a lie, this lady built this device so unhappy with how they treat their customers. B aware phone companies pay for your one account. This company charges you Make sure you look. # Ggl hide call FCC 4 number to call",3,6,12.05.05.v27,2020-03-30 14:13:21,,,newest,com.google.android.apps.work.clouddpc,sent to the government pu tc 2218816 last three androids this years and in navy ships disgusted with this company and is communicating for me i bought december 29 pixel to america staff say privacy we cannot help google rules thats a lie this lady built this device so unhappy with how they treat their customers b aware phone companies pay for your one account this company charges you make sure you look  ggl hide call fcc 4 number to call,LOGIN_BUG,0.4358202593097462
94008,gp:AOqpTOHPY_7Piin6fgRJrsBXZqoKXj38AUrld3nmA9GL6V-mWiaJkZus5pLgDDuHf_9lm1FtsIUvMu_fm_NkiCg,Alexandria Morris,https://play-lh.googleusercontent.com/a-/AOh14GjazzlUABNd9rFJC8L-CawI97IJpIfTg3D1t-LX4g,"As most, i downloaded to try and do the selfie art finder. I can go into the selfie mode and as soon as i click the picture, it just shows a dark version of me looking back as if i still need to take a picture with no way of doing so. Very nice for looking at art just wish i could use the selfie part.",2,3,6.5.13,2019-01-21 02:12:36,,,most_relevant,com.google.android.apps.cultural,as most i downloaded to try and do the selfie art finder i can go into the selfie mode and as soon as i click the picture it just shows a dark version of me looking back as if i still need to take a picture with no way of doing so very nice for looking at art just wish i could use the selfie part,UI_BUG,0.43593876141242477
94167,gp:AOqpTOHPY_7Piin6fgRJrsBXZqoKXj38AUrld3nmA9GL6V-mWiaJkZus5pLgDDuHf_9lm1FtsIUvMu_fm_NkiCg,Alexandria Morris,https://play-lh.googleusercontent.com/a-/AOh14GjazzlUABNd9rFJC8L-CawI97IJpIfTg3D1t-LX4g,"As most, i downloaded to try and do the selfie art finder. I can go into the selfie mode and as soon as i click the picture, it just shows a dark version of me looking back as if i still need to take a picture with no way of doing so. Very nice for looking at art just wish i could use the selfie part.",2,3,6.5.13,2019-01-21 02:12:36,,,newest,com.google.android.apps.cultural,as most i downloaded to try and do the selfie art finder i can go into the selfie mode and as soon as i click the picture it just shows a dark version of me looking back as if i still need to take a picture with no way of doing so very nice for looking at art just wish i could use the selfie part,UI_BUG,0.43593876141242477
62766,gp:AOqpTOFf44N7flUZnKEIpJlQnKQNvRurTuulFDQbBGHJo9mFjYLjyC-nvR4mmIeLeRT1DFYv29HpwKJEx0sx8g,J. Allen Rager,https://play-lh.googleusercontent.com/a-/AOh14Gjg8-wEw-Lp3b0XXNWOl9dzNwdnw5th213Phb48,"My issues are: 1) I can't open a text and then record and send a video. I can take a picture and send it (however, see #2) but I can't long press and record a video. 2) Sending photos rarely works. When my photos finally load for selection I click one but it just spins and doesn't attach (yes my connection is fine). 3) It would be nice to have something like Messenger's chat heads.",3,0,7.0.039 (Groot_RC09.phone_dynamic),2021-01-25 22:43:09,"Hi, Allen. Can you try to uninstall and reinstall the Messages app itself? Open the Play Store app > search Messages app > Uninstall > Reinstall/Update. If this doesn't help, please visit our Community Forum for any additional assistance: https://goo.gle/2QL888m.",2021-01-25 22:50:37,most_relevant,com.google.android.apps.messaging,my issues are 1 i cant open a text and then record and send a video i can take a picture and send it however see 2 but i cant long press and record a video 2 sending photos rarely works when my photos finally load for selection i click one but it just spins and doesnt attach yes my connection is fine 3 it would be nice to have something like messengers chat heads,PERFORMANCE_BUG,0.43600451569252907
70777,gp:AOqpTOHF2NAnsu7_ag5_bKFs8IavxlyNWINQcyZnih4y7lsy9uZnHZQlteuswKnO9t8bwVwbh1syAhMsCQJJCw,Simon,https://play-lh.googleusercontent.com/a-/AOh14GhXM7zToCUEvhSCRbCkfq2GBEKudP8mqkKwZVshiw,"Sigh... Another Google app update, another app with a glowing white background :( It's a shame really as I do like the new font, but Google are - Android Messages and YouTube aside - unhealthily obsessed with white backgrounds (Chrome for Android will only get a dark theme when I'm, err, no longer around, I'm sure) so much so I'll be looking for a calculator with dark theme later on as this is no longer it. ETA: as I value my eyes; have disabled this, Calc+ installed as it has (amongst other 'be together' things) the choice of dark theme.",1,25,7.5 (213680574),2018-10-15 02:35:17,,,most_relevant,com.google.android.calculator,sigh another google app update another app with a glowing white background  its a shame really as i do like the new font but google are  android messages and youtube aside  unhealthily obsessed with white backgrounds chrome for android will only get a dark theme when im err no longer around im sure so much so ill be looking for a calculator with dark theme later on as this is no longer it eta as i value my eyes have disabled this calc installed as it has amongst other be together things the choice of dark theme,PERFORMANCE_BUG,0.4361176328047572
33725,gp:AOqpTOHY75T1R_5MSRgkjbfONGuH9B3vvXv0xBtNChfYEG3P2L2VFlztRESWzZxD1GGFnCjYmqb0N-ubLCGsjA,Olili Crispus omara,https://play-lh.googleusercontent.com/a-/AOh14Gh4VHzSNkVitZnOk_ILXpUQDp5ndOHQuw7rNp61tQ,Very annoying why is it that a game I deleted its data from the play games account keeps restoring the same data How's this even possible fix it pliz,2,10,2020.11.22812 (344066161.344066161-000406),2020-12-20 05:47:35,,,most_relevant,com.google.android.play.games,very annoying why is it that a game i deleted its data from the play games account keeps restoring the same data hows this even possible fix it pliz,LOGIN_BUG,0.436388312519561
70699,gp:AOqpTOEgLtSYryYu-eSB5tguqcq5yvLz5Udt5ajex3341CRGFNQxZc1OIhB5lJDEjnTEsg8FN539m-aVUf6eZA,ReallyRed R,https://play-lh.googleusercontent.com/-EBmcw3LfFCM/AAAAAAAAAAI/AAAAAAAAAAA/AMZuucnOFE9_2pAjdlNw7ehnR0HHpDVlhg/photo.jpg,"Hate this. Just want normal, basic calculator like Samsung includes. Too much visual clutter, waste. This should be offered as an option if you have need for scientific calculator, not the one you're stuck with. Can't even figure out how to uninstall, so wasted storage room. Ugh!",1,89,7.8 (271241277),2020-11-16 03:45:52,,,most_relevant,com.google.android.calculator,hate this just want normal basic calculator like samsung includes too much visual clutter waste this should be offered as an option if you have need for scientific calculator not the one youre stuck with cant even figure out how to uninstall so wasted storage room ugh,PERFORMANCE_BUG,0.43651634810264356
33525,gp:AOqpTOETs0PmarDfxVuzJMmTOcFmI1usuVM6ONnNmlXvPuvDlwf3811xTwlK4kIO6VvVP_YmJ9f6bjl12gEwzw,sun pak,https://play-lh.googleusercontent.com/-mh1iSm9PqqM/AAAAAAAAAAI/AAAAAAAAAAA/AMZuucl5_14YsMeuyUiwIRZqfRPONcBhpQ/photo.jpg,"I keep receiving notifications saying action required. They don't tell me what actions i need to take or any other explanation. This happens every time I login to a game, it's very annoying.",1,35,2020.11.22814 (348073629.348073629-000408),2021-01-06 06:22:54,,,most_relevant,com.google.android.play.games,i keep receiving notifications saying action required they dont tell me what actions i need to take or any other explanation this happens every time i login to a game its very annoying,LOGIN_BUG,0.43658033169589067
22316,gp:AOqpTOHnoEjr0jax9b1v8GLJpGDVxajJSTyahm1OuNsMYpBMLpGq_AsLVY_1gEpJKSna2vedJ3mjtxtbvEnMGA,Sasta U2Bar,https://play-lh.googleusercontent.com/a-/AOh14Gj4AtDFAdrbIsaljSQEmQPPHJOLXftDEs3tXBHFidc,"I am using two different devices and the device i am using to type this comment is super but second device is warning me not to use this app it says me that the text you type here will be collected and also all your personal data like passwords and credit card number . Is this issue ?? Can i use your app without any tension , it is very good typing app i found on playstore . But i have trust issue and the device i am using for this report is not for my personal use it is just for intertainment.",1,242,,2020-09-21 17:03:05,,,most_relevant,com.google.android.apps.inputmethod.hindi,i am using two different devices and the device i am using to type this comment is super but second device is warning me not to use this app it says me that the text you type here will be collected and also all your personal data like passwords and credit card number  is this issue  can i use your app without any tension  it is very good typing app i found on playstore  but i have trust issue and the device i am using for this report is not for my personal use it is just for intertainment,LOGIN_BUG,0.43685902252741454
81873,gp:AOqpTOEzUcFTqez_k_cZEPXFpf2ulM2lQeOOpTjdLy258HC53tuFTP2WlecE1Qb3Uecaq7Lubtk3Io1lvQZSC4U,David Robinson,https://play-lh.googleusercontent.com/a-/AOh14Gg5yY6_0lN1jjUrMepFRuZpUwa_0Su4s0220y6lpA,"Hi folks, app seems to be broken for me. When I click on support tab, chat or email it keeps bringing me to a page showing who I'm signed in as. I have deleted and reinstalled app. It does not happen on my wife's phone, also pixel3xl. Please help as support functions really good",2,221,1.80.345768476,2020-12-05 08:12:41,"Hi, David. Let's get you connected with a Google One expert for further help. Visit one.google.com and try the support options available in the upper right corner.",2020-12-07 17:49:37,newest,com.google.android.apps.subscriptions.red,hi folks app seems to be broken for me when i click on support tab chat or email it keeps bringing me to a page showing who im signed in as i have deleted and reinstalled app it does not happen on my wifes phone also pixel3xl please help as support functions really good,LOGIN_BUG,0.4369426249648857
33743,gp:AOqpTOHUAKuDH5skLWBoZZ1j6QZnFkBxNQHSSDU9QNK6Emw3mIEidgSvGD1onvq7UiYvOhBXMsh3wPmNhj-Z8w,Wayne Swanepoel,https://play-lh.googleusercontent.com/a-/AOh14GhlS5tVUpW25iBtqnKZmLcFGK3n6ubToXdG5Ut-IQ,"This is not working for me it does nit save my progress on my games or it loads long back progress that ive seen and forgotten already ,when ever i get a new phone games like soda crush fall out shelter ect i have to start either like over 500 levels back or incase of fall out shelter zombie castaways i have to start all over ahain whats the point how do i reload my game after re installing to get all my cash and ling played progress back this is the third time ive lost all my paid progress",2,21,2020.10.22037 (339123585.339123585-000304),2020-11-17 07:10:04,"That doesn't sound good. If you are experiencing an issue with the Play Games app, we recommend these troubleshooting steps: https://goo.gle/34RPRuM. If that doesn't help, we recommend reaching out to our direct support team for assistance: https://goo.gle/35U8zmI.",2020-11-17 04:40:34,most_relevant,com.google.android.play.games,this is not working for me it does nit save my progress on my games or it loads long back progress that ive seen and forgotten already when ever i get a new phone games like soda crush fall out shelter ect i have to start either like over 500 levels back or incase of fall out shelter zombie castaways i have to start all over ahain whats the point how do i reload my game after re installing to get all my cash and ling played progress back this is the third time ive lost all my paid progress,PERFORMANCE_BUG,0.4371140564423095
49291,gp:AOqpTOEfn9XA3xoF3wMopoOHlHCoQpmuZQFZNxYaNItYEBZRAATCQUWC9cmi7vh1PDldzFgc-TeZMa5cJSpQaA,Edwin Ramos,https://play-lh.googleusercontent.com/a-/AOh14Gi0PCtxgonh3T9ulyRF9DOV9T1FpBs3Oam7p5aemA,"I spend a lot of time on the road, and started relying on Duo after my wife decided to switch to an iPhone. I spent 2 months, blaming the poor video calls on everything except the true culprit. I thought there were constant signal issue due to either T-Mobile's network or Samsung's wireless radios. The truth is that Duo sucks. You have to have very stable and VERY strong reception in order to have a quality experience. Any deviation from that and the video and/or audio freeze. WhatsApp is better",2,15,122.0.351694860.DR122_RC02.s,2021-01-21 20:24:04,"Hi, Edwin. If you are experiencing poor quality video calls, consult the troubleshooting guide: https://goo.gle/2YZC2Kw. This is especially important if you have an older device, are on a low-strength network, or have other software on your device that may interfere with video calling. Hope this helps.",2021-01-23 14:40:10,most_relevant,com.google.android.apps.tachyon,i spend a lot of time on the road and started relying on duo after my wife decided to switch to an iphone i spent 2 months blaming the poor video calls on everything except the true culprit i thought there were constant signal issue due to either tmobiles network or samsungs wireless radios the truth is that duo sucks you have to have very stable and very strong reception in order to have a quality experience any deviation from that and the video andor audio freeze whatsapp is better,PERFORMANCE_BUG,0.43714984388773404
38328,gp:AOqpTOF6GRhZtGl_d0fvuUvq9B_WTzBWKppekQUtesEMJvXSr0nBWKyrkkLbsTHj9gj1YbjYqLguN0Dod3cSC-s,Christine Jersey,https://play-lh.googleusercontent.com/a-/AOh14GjztaLl9dUtlutI-iNePcYsVkI7IgRqPoBEvQt3jg,"Horrible that you cant uninstall or truly disable talkback. It goes on several times a day for no reason and drives me mad. Also gets me into trouble. Have to struggle to get to talkback in settings and turn it on and then off. It will even say it's off when it is on and I have to turn it on and off over and over again. Back to Apple phones for me. They are so much better on all levels. Still miss the days when we could still control our cell phones, our lives unlike new communist world.",1,149,6.2.0.199837370,2020-09-18 00:40:35,,,most_relevant,com.google.android.marvin.talkback,horrible that you cant uninstall or truly disable talkback it goes on several times a day for no reason and drives me mad also gets me into trouble have to struggle to get to talkback in settings and turn it on and then off it will even say its off when it is on and i have to turn it on and off over and over again back to apple phones for me they are so much better on all levels still miss the days when we could still control our cell phones our lives unlike new communist world,Generic_Complaint,0.4372613747926353
41900,gp:AOqpTOEAj81OaWxyECokcF1nFt10Sq2DLtCG2jx_kKnYQTPGTRGqNUVK0Xe6r3kYXJKYrlPJgJGxPAW6W1WmGw,Ryan Zuhri,https://play-lh.googleusercontent.com/-1pW8wpdIe8s/AAAAAAAAAAI/AAAAAAAAAAA/AMZuucl5TUlmXvI2FLI6Onvii56vdIY2Tw/photo.jpg,"Actually this is the app i use the most in a day, i love using it. Even i pay the family subscription which is the highest price of all the package. But the problem is, family subscription should be able to register 4 other members of your family. When i tried to register my wife (who lives in the same place, same country, same house comes from the same state as me) it keeps saying the account is from a different country and i can't register her. How come ?? I feel being fraudulent.",1,273,16.02.35,2021-01-29 01:47:40,,,most_relevant,com.google.android.youtube,actually this is the app i use the most in a day i love using it even i pay the family subscription which is the highest price of all the package but the problem is family subscription should be able to register 4 other members of your family when i tried to register my wife who lives in the same place same country same house comes from the same state as me it keeps saying the account is from a different country and i cant register her how come  i feel being fraudulent,LOGIN_BUG,0.43729221847715605
73326,gp:AOqpTOGnIxeLKp9mPBKpFnC979L4TK8mJvKCAdlxB6tPQ1M4UeUujOJC9NuFTE4ivMQb2m87CGPmxtE6Ej43Jr0,Lone Wolf,https://play-lh.googleusercontent.com/a-/AOh14Gh5HCyuw9nY14cvyZRmjibDguwnWHjx8i98lx2A0w,Sucks... But I understand the purpose and can respect the time limit. But asking for apps. You must be mad. My 13th b-day is next month and I'm terrified. I heard that you have to delete your gmail. If this does not work and I have to delete my account or wait till I'm 18. You'll be getting a one star review. I'm actually not sure but I can't write reviews on my phone. (This is my sister's) I can go on kindly complaining. But my character limit is close.,2,24,flh.release.1.38.0.T.328209365,2020-10-21 19:41:30,,,most_relevant,com.google.android.apps.kids.familylinkhelper,sucks but i understand the purpose and can respect the time limit but asking for apps you must be mad my 13th bday is next month and im terrified i heard that you have to delete your gmail if this does not work and i have to delete my account or wait till im 18 youll be getting a one star review im actually not sure but i cant write reviews on my phone this is my sisters i can go on kindly complaining but my character limit is close,LOGIN_BUG,0.43729278308907116
73455,gp:AOqpTOGnIxeLKp9mPBKpFnC979L4TK8mJvKCAdlxB6tPQ1M4UeUujOJC9NuFTE4ivMQb2m87CGPmxtE6Ej43Jr0,Lone Wolf,https://play-lh.googleusercontent.com/a-/AOh14Gh5HCyuw9nY14cvyZRmjibDguwnWHjx8i98lx2A0w,Sucks... But I understand the purpose and can respect the time limit. But asking for apps. You must be mad. My 13th b-day is next month and I'm terrified. I heard that you have to delete your gmail. If this does not work and I have to delete my account or wait till I'm 18. You'll be getting a one star review. I'm actually not sure but I can't write reviews on my phone. (This is my sister's) I can go on kindly complaining. But my character limit is close.,2,24,flh.release.1.38.0.T.328209365,2020-10-21 19:41:30,,,newest,com.google.android.apps.kids.familylinkhelper,sucks but i understand the purpose and can respect the time limit but asking for apps you must be mad my 13th bday is next month and im terrified i heard that you have to delete your gmail if this does not work and i have to delete my account or wait till im 18 youll be getting a one star review im actually not sure but i cant write reviews on my phone this is my sisters i can go on kindly complaining but my character limit is close,LOGIN_BUG,0.43729278308907116
32523,gp:AOqpTOESZ1D3NFTW8sEkr8oRW4r1GktQa97CQfIL7y-gthJ-SpVpMupt1G9FlPqf1WmV9CmdG_CFv19FnGoFBYA,Allen Lewis,https://play-lh.googleusercontent.com/a-/AOh14GiP5gFWy1QL8A6pEWTlukQUlM43Co2IpG7zgvNe,"Not much storage space for 2021. The google pixel phone has no memory card slot and if you want to get raw photos, storage space gets used up incredibly fast. I barely had this account backing up from my new phone for a bit more than a month and it's 60% full.",2,0,5.26.0.352644055,2021-02-01 14:49:44,,,most_relevant,com.google.android.apps.photos,not much storage space for 2021 the google pixel phone has no memory card slot and if you want to get raw photos storage space gets used up incredibly fast i barely had this account backing up from my new phone for a bit more than a month and its 60 full,LOGIN_BUG,0.43750850946449976
6275,gp:AOqpTOEi2E06QFSAszTh4Q14Q3S9m51reAqotiXWmIo2LLu8F1FOL8_s3w6EL-WkprC74GaY49vPWv5eVF2dZg,Jose Xavier,https://play-lh.googleusercontent.com/--DvfxcbcInQ/AAAAAAAAAAI/AAAAAAAAAAA/AMZuucnXN9FfHLjfqsyWqpexLV83YhxBEg/photo.jpg,Can all Google payment options and balances be combined into one app? I have balance in Google Hangouts that I want to use in play store. There should be just one Google account and balance that can be used towards multiple products or services. It only makes sense.,2,0,2.119.340301324,2020-11-22 16:19:14,,,most_relevant,com.google.android.apps.walletnfcrel,can all google payment options and balances be combined into one app i have balance in google hangouts that i want to use in play store there should be just one google account and balance that can be used towards multiple products or services it only makes sense,LOGIN_BUG,0.43754567255924914
63996,gp:AOqpTOEkjtW4R0jG20wYYODEVfBMVWP7cM6FBGCUatNVDdVs6hg9N-tElNyTL0MB2U7zPXUmNhNIGsn9ZrKIseM,gwiggymac jr.,https://play-lh.googleusercontent.com/a-/AOh14Gjz7tek4Ax2J29Pdj6S2G7beF-klVvS9AtYnEF0lw,"This app has no user interface. i personqlly do consider this to be an ""application."" i do not undestand the concept, and think that if this app actually applied to anything, there would be beta testing..a data collection tool. worst, is it appears to have control over google search. while writin this review, a pop-up came up (of a normal google search) but had already typed out ""2018 chevrolet"" absolutely immoral. google is the virus. they are the malware, spyware, and phishers! omg. 3 stars.",3,75,25.0.258846637-carrierservices_V25I_RC18,2019-08-18 02:38:41,,,most_relevant,com.google.android.ims,this app has no user interface i personqlly do consider this to be an application i do not undestand the concept and think that if this app actually applied to anything there would be beta testinga data collection tool worst is it appears to have control over google search while writin this review a popup came up of a normal google search but had already typed out 2018 chevrolet absolutely immoral google is the virus they are the malware spyware and phishers omg 3 stars,UI_BUG,0.4376070200563271
34711,gp:AOqpTOEnI7aiZhSr1-hBaOGuqJvDaN8oca-bBTgEV71bGOLDuMciP3ElnC_zv0iALhYzE_SO4cx3lmAax-ecwNA,Sisi Petkova,https://play-lh.googleusercontent.com/a-/AOh14GiqGbAnoXi_qEB0yo3wPf3aNqJ0c8jcMyvpjGuWz4Q,"Not been getting notifications on my Google Pixel 3 (!!!) for a year now. I tried everything, but unfortunately nothing works. Since last spring I havent been getting notifications on new emails. In Settings everything is on, as well as in the app. I read forums, articles on the internet, and nothing helps. And my phone is also from Google. And I never had such issues with other apps!!",1,7,2020.11.29.346182102.Release,2021-01-24 10:17:05,,,most_relevant,com.google.android.gm,not been getting notifications on my google pixel 3  for a year now i tried everything but unfortunately nothing works since last spring i havent been getting notifications on new emails in settings everything is on as well as in the app i read forums articles on the internet and nothing helps and my phone is also from google and i never had such issues with other apps,LOGIN_BUG,0.43768700643625014
35161,gp:AOqpTOEYywvLc1CbR_fWk8OVC9l_sMnyMbNdkPNYOgMa3EvqAQykeKcHB8lHZaoqKBsYVTX0GujFL0vJKe_vE4w,Romeo Estrella,https://play-lh.googleusercontent.com/a-/AOh14GghGDwua4UgiqO_5_SUaOOpAuBGpHKy-lDPCCbQBA,"The app itself is not bad, I only have a couple of issues with it. One of the issues is that it will not delete emails from other services. The other is that it takes a while for it to get incoming emails from those other services for example Yahoo and AOL. I have sent trouble tickets to Google and still no response. Hopefully they will be able to resolve this soon, because I think they have a great platform.",3,125,2020.10.18.341076532.Release,2020-11-14 15:28:47,,,most_relevant,com.google.android.gm,the app itself is not bad i only have a couple of issues with it one of the issues is that it will not delete emails from other services the other is that it takes a while for it to get incoming emails from those other services for example yahoo and aol i have sent trouble tickets to google and still no response hopefully they will be able to resolve this soon because i think they have a great platform,LOGIN_BUG,0.4377374459906981
51753,gp:AOqpTOHru4xfhmLgMZ4wkEgUVFIJzpusQ1-xqVgBqQYFxHEtUXFW_29dBGAe3Af4fJ_n2TEvLCqQRVMyJ7t6_tI,Zaid Khan,https://play-lh.googleusercontent.com/a-/AOh14GgxRBh-PEfe9STQvwpg-634feIhXQo5PI-U85C-2g,"Pretty badly made bcz it is so weak, it can't keep in memory or whatever but its greyscale mode even goes away while the whole thing is still on and running. Its unstable i guess thats the work for its condition. My device is POCO F1..it needs many more features btw plus kindly reduce the brightness of greyscale mode. My normal settings can go lower in terms of brightness but with greyscale mode, its like my mobile is stuck on much higher light which feels bad instead of good for my wellbeing..",2,17,1.0.272729121,2019-11-05 18:51:42,,,most_relevant,com.google.android.apps.wellbeing,pretty badly made bcz it is so weak it cant keep in memory or whatever but its greyscale mode even goes away while the whole thing is still on and running its unstable i guess thats the work for its condition my device is poco f1it needs many more features btw plus kindly reduce the brightness of greyscale mode my normal settings can go lower in terms of brightness but with greyscale mode its like my mobile is stuck on much higher light which feels bad instead of good for my wellbeing,PERFORMANCE_BUG,0.43795093934952223
8837,gp:AOqpTOErlydf-BKILJU18iC6t0NtQufvr-sgfjY-i_Y0IK1XlqCbqwiiJEM1onHFECORBGL90xu9LGTFP41wtQ,A Keats,https://play-lh.googleusercontent.com/a-/AOh14Gh5nuk2hiJ9T2O4VPobI_QBMDC6NeqxBCZcmAFWIg,"I used to love this app, then an update happened and now I can't color code my events etc on the fly. I'm a busy Mom with 3 kids. Each child had a color, as did specific things we do. Scouts =green. Swimming = school color. Meetings with teachers were the specific color of whichever school I had to go to. Dr appointments, another color etc. Now? It's all slate grey. Or blue. That's it. Fix this issue. Bring back the colors to let me organize my calendar and I'll be glad to change my rating.",3,112,2020.48.5-347345946-release,2020-12-25 09:47:47,"Hi there. Our team is aware of this issue and it is currently under review. Please submit in-product feedback: https://goo.gle/37YOQmJ. Thanks.
",2020-12-25 10:00:18,most_relevant,com.google.android.calendar,i used to love this app then an update happened and now i cant color code my events etc on the fly im a busy mom with 3 kids each child had a color as did specific things we do scouts green swimming  school color meetings with teachers were the specific color of whichever school i had to go to dr appointments another color etc now its all slate grey or blue thats it fix this issue bring back the colors to let me organize my calendar and ill be glad to change my rating,PERFORMANCE_BUG,0.43802496849052136
74446,gp:AOqpTOFIG7cQ9RnrmuqS7efCNOOwk7dhrEgyA_oycbv-ZriHEISTmlbZKzmOmcTi9OaSGcxpnHrYJCBwO13emwU,Harshal Sawarkar,https://play-lh.googleusercontent.com/a-/AOh14Gj4APzbL3mPQNcnNPf4OPv7XNnsTLFoukELcRAy,"After update I can't switch to any other account. It keeps loading when I click ICON to choose my account. It does not show accounts, just keeps loading.",1,1,,2021-02-02 19:53:20,,,newest,com.google.android.apps.youtube.creator,after update i cant switch to any other account it keeps loading when i click icon to choose my account it does not show accounts just keeps loading,UI_BUG,0.43805686482014394
74300,gp:AOqpTOHDxrFG1ItqEGPUY7Ple2FQFBaMKf84nm5oM-0-KiSO7PqWIUOQv5cf5UoLVoOatrpZjRXSsO8FzfGW6Qc,Humble Tricks,https://play-lh.googleusercontent.com/a-/AOh14GhlfFUSAzztUcHbPwBE6jq4MUZcmoG6g97mvFZQNA,"After update I can't switch to any other account. It keeps loading when I click ICON to choose my account. It does not show accounts, just keeps loading.",1,150,21.02.101,2021-01-29 02:29:56,,,most_relevant,com.google.android.apps.youtube.creator,after update i cant switch to any other account it keeps loading when i click icon to choose my account it does not show accounts just keeps loading,UI_BUG,0.43805686482014394
74913,gp:AOqpTOEECD5Fgs9aLGlDqvMFExTOKLvvTgAu4PAcpPVleISL6VCDQoNeOQtZ5JPxpP_XtE6TJsWNmUL2WxB_mds,Rohit Chahar,https://play-lh.googleusercontent.com/-3kn9WFfCVh4/AAAAAAAAAAI/AAAAAAAAABQ/AMZuucm519iMFwwe2F2sHoi2SrTGW4Ymaw/photo.jpg,"I am Facing Custom Thumbnail Uploading Problem, In My File Manager I Chooses One But When I Click On Done Then There Is Nothing Changed, Plz Fix It",3,0,20.47.101,2021-02-03 02:56:10,,,newest,com.google.android.apps.youtube.creator,i am facing custom thumbnail uploading problem in my file manager i chooses one but when i click on done then there is nothing changed plz fix it,PERFORMANCE_BUG,0.43821976030314314
55329,gp:AOqpTOHyeOZiNegmlQ2lPSUJv3MVUB1lrUzsMjGYMdJFBWL8E8crKeqM8IDaxtkYFuf_pk71P7oyxt-Gbv51DkE,Echa Elfinsa,https://play-lh.googleusercontent.com/a-/AOh14Gg-O0CqmuVohsVcSRIDAAq_W2tllXWNG9itcy-QTw,"I cant manage video that i dont like for mykid, i cant edited my kid account, video from another country which diff language still pop up that mykid cant understand, volume cant be manage",2,0,5.45.3,2021-01-23 23:55:56,,,most_relevant,com.google.android.apps.youtube.kids,i cant manage video that i dont like for mykid i cant edited my kid account video from another country which diff language still pop up that mykid cant understand volume cant be manage,LOGIN_BUG,0.4388991986857034
55431,gp:AOqpTOHyeOZiNegmlQ2lPSUJv3MVUB1lrUzsMjGYMdJFBWL8E8crKeqM8IDaxtkYFuf_pk71P7oyxt-Gbv51DkE,Echa Elfinsa,https://play-lh.googleusercontent.com/a-/AOh14Gg-O0CqmuVohsVcSRIDAAq_W2tllXWNG9itcy-QTw,"I cant manage video that i dont like for mykid, i cant edited my kid account, video from another country which diff language still pop up that mykid cant understand, volume cant be manage",2,0,5.45.3,2021-01-23 23:55:56,,,newest,com.google.android.apps.youtube.kids,i cant manage video that i dont like for mykid i cant edited my kid account video from another country which diff language still pop up that mykid cant understand volume cant be manage,LOGIN_BUG,0.4388991986857034
16844,gp:AOqpTOGpybBpbs8vxpNlC8Ztsf1EMtrqatvO8fmJWLm0dHmvodut7oskoVdYjdf65izzgWasAm5XBRbG_rE7Fm4,Faris Hussain,https://play-lh.googleusercontent.com/-UMbhRRhwxR0/AAAAAAAAAAI/AAAAAAAAAAA/AMZuucmzAsspv2lENRIp2y8OVRam3vfh6g/photo.jpg,App is playing up. Randomly becomes super slow & the typing cursor thing randomly teleports to other parts of the text when you click on something edit it (e.g. you click backspace in one place & it deletes something else instead of that.). PLEASE FIX!,3,2,1.18.482.02.45,2019-01-05 19:48:18,,,most_relevant,com.google.android.apps.docs.editors.sheets,app is playing up randomly becomes super slow  the typing cursor thing randomly teleports to other parts of the text when you click on something edit it eg you click backspace in one place  it deletes something else instead of that please fix,PERFORMANCE_BUG,0.43897615864106254
56509,gp:AOqpTOEoQHvnxtSNh26Gba_K96nH3cGRfnfe9sMa09cLAWiG_4_ZtOIjuBDVQ7X59mG1_fLRe4IQ3hVjuJOI8g,Jeff De Soto,https://play-lh.googleusercontent.com/-8bDjwK86fiY/AAAAAAAAAAI/AAAAAAAAAAA/AMZuuck6LxSE9fWrHALrd4zw6A89xAOK6g/photo.jpg,"Sounds good, but I could never get my phone or Amazon tablet to be found by my laptop. My phone IS registered with Microsoft and I do log in to them, but there is some disconnect with all of my devices other than the laptop. I updated my software with my phone, but the laptop just does not see is in the acct. The Amazon tablet,... we, they dont like to use other apps that are not Amazon. MS Office does not run on it, other games dont, so, maybe if I had a different tablet Mfr??? anyway, Im going off on a tangent.",2,2,,2020-10-27 19:53:13,,,most_relevant,com.google.android.apps.adm,sounds good but i could never get my phone or amazon tablet to be found by my laptop my phone is registered with microsoft and i do log in to them but there is some disconnect with all of my devices other than the laptop i updated my software with my phone but the laptop just does not see is in the acct the amazon tablet we they dont like to use other apps that are not amazon ms office does not run on it other games dont so maybe if i had a different tablet mfr anyway im going off on a tangent,PERFORMANCE_BUG,0.4391349268918876
62846,gp:AOqpTOHj6lKcfMfhpqFpORsFHyikKIHeJKoTEoojia6qEvqIrr7SMJKm6ssJt8GD_c_rco5rD5oWzHM0P10G3Q,Jason Thorton,https://play-lh.googleusercontent.com/-enALVC0B494/AAAAAAAAAAI/AAAAAAAAAAA/AMZuuckfiN4rWko0xe8nMN25PNKGinI19A/photo.jpg,"The app itself works fine, there are a few features that could be implemented in a better way, but main issue is the security vulnerabilinerabilities that are known and still present in the Google suite of apps. From Google drive getting compromised and then compromising all the devices connected with the same account to Bluetooth during new device setup and possibly startup - every phone and PC that was connected to the original Google account is now comprised and unable to be cleaned totally.",3,1,7.0.039 (Groot_RC09.phone_dynamic),2021-01-14 20:01:30,,,most_relevant,com.google.android.apps.messaging,the app itself works fine there are a few features that could be implemented in a better way but main issue is the security vulnerabilinerabilities that are known and still present in the google suite of apps from google drive getting compromised and then compromising all the devices connected with the same account to bluetooth during new device setup and possibly startup  every phone and pc that was connected to the original google account is now comprised and unable to be cleaned totally,LOGIN_BUG,0.43915073566375007
82037,gp:AOqpTOGvSDXaVatTpico6-zOinQdWn7ayHwzKDgnYVTbiFTp2O7-bmuiMb02FYFdHNEZRTS8nhXeLsgQMVRwDas,Allen Mkhize,https://play-lh.googleusercontent.com/a-/AOh14GgxP3pFYdhwbjs8mFkweZME9WoH4DOrjf0kcQKMvhQ,"Firstly I would like to applaud you for having a drive that has enormous storage. However I would like you guys to work on the below improvements in the near future so that the app is convenient, easy to use, appealing and competitive for a greater mobile experience. 1. As opposed to having to go to my files on my phone I suggest that this be accessibly readily via the app. 2. On the app I suggest that one should have the following feature buttons ( Files, Recent, Shared, Photos, RecycleB )",3,202,1.48.276523843,2019-10-30 17:26:39,"Hi, Allen. The Google One app allows you to manage your subscription and share your plan with family members as well as access other benefits of Google One. The features you have mentioned are available on the Google Drive app. Hope this helps.",2019-10-30 17:49:10,most_relevant,com.google.android.apps.subscriptions.red,firstly i would like to applaud you for having a drive that has enormous storage however i would like you guys to work on the below improvements in the near future so that the app is convenient easy to use appealing and competitive for a greater mobile experience 1 as opposed to having to go to my files on my phone i suggest that this be accessibly readily via the app 2 on the app i suggest that one should have the following feature buttons  files recent shared photos recycleb ,UI_BUG,0.4391634469355006
2437,gp:AOqpTOH1_3FHnVU11bYRr01pMvlLOiN6QXoPNJ8aVSAPt8I2BnRjfJcX6bLDuSQG3oVevEJnqPfZBDelEJ8RcUg,Thomas C Williams Jr.,https://play-lh.googleusercontent.com/a-/AOh14GhnkWTvYZjJSmbhC_TLPe9ssmDjLe9IfSxa9iKLAw,most likely you were running no problem anytime you want to ask for a live video chat you'll never get it don't say to Mike's broken or they have to update their cell phone everything never happened you'll be lucky if not even when you they ask you for gift cards or airtime so you have a $25 gift card for their time guess what 80% of them I'll just not talk to you for 3 or 4 days they will then never talk to you again or pick a fight with you till you block them something reasons will use:,1,8,36.0.340725045,2021-01-29 07:03:36,,,most_relevant,com.google.android.talk,most likely you were running no problem anytime you want to ask for a live video chat youll never get it dont say to mikes broken or they have to update their cell phone everything never happened youll be lucky if not even when you they ask you for gift cards or airtime so you have a 25 gift card for their time guess what 80 of them ill just not talk to you for 3 or 4 days they will then never talk to you again or pick a fight with you till you block them something reasons will use,PERFORMANCE_BUG,0.4391673716586539
53164,gp:AOqpTOHQSZnj95u_Nq5yx6HLxDc4WzruUMRNvIxgRFWmcT9ct8bQMGkIRKSsdp0VWQTk2sZR4AG8iHccxkkj4lc,Danielle Stevens,https://play-lh.googleusercontent.com/-On9LvvYt974/AAAAAAAAAAI/AAAAAAAAAAA/AMZuuckKgrkgn07LM1FkoPAX1WahejNekA/photo.jpg,Was going great until I stopped supervision and now my son's phone won't allow him to connect to the internet or anything. I've had an email to say I've stopped supervision. Yet his phone is not working and keeps saying to ask permission... Any help would be grand please.,3,6,1.69.0.X.345475067,2020-12-10 11:58:59,"We're sorry to hear that, Danielle. You can contact our support team from Google for families Help: goo.gl/tP8q5c. Thanks for reaching out.",2020-12-10 12:57:39,most_relevant,com.google.android.apps.kids.familylink,was going great until i stopped supervision and now my sons phone wont allow him to connect to the internet or anything ive had an email to say ive stopped supervision yet his phone is not working and keeps saying to ask permission any help would be grand please,LOGIN_BUG,0.4394369086318025
70281,gp:AOqpTOGMsWgOznPQ4UVM9Pe6BpzYXhPhr2mIiFTFXk6WOagARsJcf_3S2sVDc9cbPSxIuGKdt_Khia9V5kojCa8,L. Darnell Marshall,https://play-lh.googleusercontent.com/a-/AOh14Gi0bdPEs7EGks4FXwQK_b1mHpyU0A1mp4uKtTdk,"Downloading this  app will make it so you can no longer do both CARDBOARD VR or other VR apps... Locks to only Daydream if u own Daydream headset. This gets rid of backwards compatibility. Can't disable or uninstall either, won't let you",3,0,1.0.137558074,2017-02-06 00:28:55,,,newest,com.google.vr.vrcore,downloading this  app will make it so you can no longer do both cardboard vr or other vr apps locks to only daydream if u own daydream headset this gets rid of backwards compatibility cant disable or uninstall either wont let you,PERFORMANCE_BUG,0.4399098392566589
27522,gp:AOqpTOH3645OEblcrjIrGc1rgpe8YoWbWborhnC-IxyCxcsc9_OYeFSAl4M_-AMj7xFvlagCv27BL3Alnw0TdQ,Ajit,https://play-lh.googleusercontent.com/-EW_ldgMmW4Q/AAAAAAAAAAI/AAAAAAAAAAA/AMZuucmO6o2T_9Gxn6mMnhid2eeUVY18wA/photo.jpg,Text to speech works exceptionally well. But the keyboard is not responsive. Has a lot of bugs... Pressing the backspace deletes fewer or more characters. Also the keyboard starts to lag after few weeks of use. sadly there are not many options,1,12,10.1.04.342850159-release-arm64-v8a,2021-01-19 02:54:37,,,most_relevant,com.google.android.inputmethod.latin,text to speech works exceptionally well but the keyboard is not responsive has a lot of bugs pressing the backspace deletes fewer or more characters also the keyboard starts to lag after few weeks of use sadly there are not many options,PERFORMANCE_BUG,0.43997733283926876
29956,gp:AOqpTOG-4Waaw9tGBPrx6fkD-Kgl4EAlTImBzg2EIzu7L9FY1R1cQVuNUVwnz94IzRB7YzjmzZSXSEUn35A,Karen Wilson,https://play-lh.googleusercontent.com/a-/AOh14GgJTNR2bTN1lrRYRB8fi0OqMMWoSsD54s-6OM0VZg,"I really liked GPM waited until I had to, to transfer my music. You have big shoes to fill YTM! From Play Store front page...""Apps from Google to help you get the most out of your day, across all your devices."" the most of my day does not include commercials, so I hope YTM does not have them. Not sure who made out on this deal, but it seems there are a lot of upset users/customers. I'm giving a 1 because of the trouble I had downloading my GPMusic last night. Now I am having trouble adding the YTM account to my TV. NOT looking good so far...",1,222,8.28.8916-1.V,2020-12-05 07:51:32,,,most_relevant,com.google.android.music,i really liked gpm waited until i had to to transfer my music you have big shoes to fill ytm from play store front pageapps from google to help you get the most out of your day across all your devices the most of my day does not include commercials so i hope ytm does not have them not sure who made out on this deal but it seems there are a lot of upset userscustomers im giving a 1 because of the trouble i had downloading my gpmusic last night now i am having trouble adding the ytm account to my tv not looking good so far,PERFORMANCE_BUG,0.44004507039073065
88749,gp:AOqpTOEKHcXOjov1mE0ZzkNGqK8RMoCJcnwVjEUE77RpygNwR-7u0Yg-nsn8TlIfTZp-QIkTpiEngfyHga3qThg,Mohak,https://play-lh.googleusercontent.com/a-/AOh14GiAKNtBSU8X1R9vxklh6q8aRMC0ZXYdbM-XChzDWg,After the new update: Can't view in fullscreen (right side is covered with participants in landscape mode). Participants aren't arranged alphabetically. Chatbox is inconveniently placed compared to previous versions. Also the app is now highly unstable. Sort of weird how google hires engineers at such a high package but they produce below par applications.,1,4,2020.11.29.345116913.Release,2021-01-17 13:15:03,,,most_relevant,com.google.android.apps.meetings,after the new update cant view in fullscreen right side is covered with participants in landscape mode participants arent arranged alphabetically chatbox is inconveniently placed compared to previous versions also the app is now highly unstable sort of weird how google hires engineers at such a high package but they produce below par applications,UI_BUG,0.4401664729052549
53105,gp:AOqpTOHxjPu3aOSBzUshR47VZI7DriRk-TbhjhykK2SipzAJt7fd5dlttdBMn4FFthdF98KZM-8qDKPw0VX6qLY,Vimlesh Tiwari,https://play-lh.googleusercontent.com/a-/AOh14GgyW7U1cgKf4TGHZwVc5TvjYvism__go7aRSu0Kog,"The app doesn't fulfill the need, it doesn't ask for permission to my child account for installing ir browsing any adult content, child age is 6 & upon clicking some ad he moves to adult site which this parental control cannot restrict. Pathetic system from Google",3,4,1.71.0.Z.350181002,2021-01-27 17:31:50,,,most_relevant,com.google.android.apps.kids.familylink,the app doesnt fulfill the need it doesnt ask for permission to my child account for installing ir browsing any adult content child age is 6  upon clicking some ad he moves to adult site which this parental control cannot restrict pathetic system from google,LOGIN_BUG,0.4402397782677491
82017,gp:AOqpTOHEofVptymJu0tX9HrzX_c-TGoN1WT9DyAL4rOeHPRIwfUlAm5TdBnSbMKRHr9Kt8Of4LU1FJ0Y6HReckA,Anirudh Self Game Squad,https://play-lh.googleusercontent.com/a-/AOh14GhtdO8AuCwvzy6YoZkkItvjsXAsjXDbtKl8ia_oOg,I have just subscribed based on the email from Google local guides perks. The mail says 100gb for an year but when I subscribe i am given 6montha free trial. As the redeem option didn't work I have given card details and I don't want Google to charge me for this. I have already made payments for Google family subscription just for adding a family member and made unnecessary payments for a feature that wasn't activated properly and I don't want to end up in the same state now. Please someone provide clear instructions on how to redeem the 12 months free trial for using 100gb.,3,31,1.8.223801179,2018-12-13 07:24:58,"Apologies for the confusion. Check for a correction email and reach out to Local Guides Connect for more info: goo.gl/vhWQor. Also, you don't need a redemption code for this perk, just click Redeem Now and add a form of payment. You won't get charged unless you keep your membership after the free trial period. Hope this helps.",2018-12-14 17:17:47,most_relevant,com.google.android.apps.subscriptions.red,i have just subscribed based on the email from google local guides perks the mail says 100gb for an year but when i subscribe i am given 6montha free trial as the redeem option didnt work i have given card details and i dont want google to charge me for this i have already made payments for google family subscription just for adding a family member and made unnecessary payments for a feature that wasnt activated properly and i dont want to end up in the same state now please someone provide clear instructions on how to redeem the 12 months free trial for using 100gb,LOGIN_BUG,0.4402527945467527
7218,gp:AOqpTOEZN1AqpzHzgO3BD26Hlax9cNXLbL3t8odpgj4sgRwfUx5xJ8pQ67YtrT65NAIs8tUdCvIVpvYR9sLv6Wc,Michael Coutinho,https://play-lh.googleusercontent.com/a-/AOh14Gj4ptkxvm9fVvt_IgdmrYG2fQTE17bSdYbKU7Bg,"Since January the app only shows me books written in Chinese. I have been living in Hong Kong for years and I always had English recommendations, but now none show up in the app, even though my account is in English. There are no settings in the app to select your preferred language either. Edited to one star. I emailed customer support and months later still no reply. I'm now using another app.",1,339,5.13.7_RC09.345681801,2020-12-10 05:48:31,,,most_relevant,com.google.android.apps.books,since january the app only shows me books written in chinese i have been living in hong kong for years and i always had english recommendations but now none show up in the app even though my account is in english there are no settings in the app to select your preferred language either edited to one star i emailed customer support and months later still no reply im now using another app,LOGIN_BUG,0.4402583555447432
50578,gp:AOqpTOGyflncWK5Tj51QSS2FiyGUArr59hhU7yoMxpoWAZP_U3FKZIpLDOXflFm21D-c7Q7xq7VI_C-VVwUBwEw,Phil King,https://play-lh.googleusercontent.com/-ytFZ4TwoIRQ/AAAAAAAAAAI/AAAAAAAAAAA/AMZuuckMXj7PipZDV7OLnq9iSvPwyko1rg/photo.jpg,"Last update has serious flaws. I already configured everything and verified the business long ago. After updating, all my data is gone and it asks me to verify again. I re-entered all my data in attempt to restore the account, but now stuck in an endless loop of ""Verify your business"" and ""you are already managing this business"". No way to proceed without intervention from Google I think. You must have millions of disgruntled users at this point, so I guess you're busy working on it!!",2,35,3.10.0.257742703,2019-08-14 11:33:07,,,most_relevant,com.google.android.apps.vega,last update has serious flaws i already configured everything and verified the business long ago after updating all my data is gone and it asks me to verify again i reentered all my data in attempt to restore the account but now stuck in an endless loop of verify your business and you are already managing this business no way to proceed without intervention from google i think you must have millions of disgruntled users at this point so i guess youre busy working on it,UI_BUG,0.4407116441953094
31150,gp:AOqpTOFq3Q71ruOUCczmbKR6i5AgIXLNUDERzJZy7Zo6QBPCJYE2EzwiGCm_kgXugIH7xUALF8_lC9xPo4jvJQ,Ethan Eu,https://play-lh.googleusercontent.com/-furh5fRuI_Y/AAAAAAAAAAI/AAAAAAAAAAA/AMZuucnS1db6778hOeERgu9lFlnV5NSwAQ/photo.jpg,"Having trouble signing in to Google News, try again. App is broken on new phone, time to switch.",1,0,5.27.0.20102114,2020-12-23 13:03:39,"Thanks for your review! We'd like to help you. Let us know more about your question. Can you please submit a feedback report. Open Google App - More (three-dot menu) - Send feedback. Alternatively, if you continue to experience issues with this please create a post in our Google News Forum for our community of experts to assist: goo.gle/2KJcIk5.
",2020-12-23 13:51:51,most_relevant,com.google.android.apps.magazines,having trouble signing in to google news try again app is broken on new phone time to switch,LOGIN_BUG,0.44072230094375203
2977,gp:AOqpTOF4BrauBs-fdBSSHo5SXH6i9iuOLVnDlbuLGFi1BaL3Jk4idY6y6btm9SiY6_mvZgomXn6ctMW_DWWOJnY,MochaLeChat,https://play-lh.googleusercontent.com/a-/AOh14GhUZft2lC9gG5STTXFKHsNmg0Bm8wGxrg9NawSuxvo,"I really love using hangouts but it is faulty at times. Sometimes the sound cuts out in calls and we have to completely restart the entire thing and sometimes it doesn't work when it's restarted. Not only that but the messages tend to lag especially when sending pictures.That can be pretty annoying. I absolutely would love to see a Voice Notes feature on it!It would be especially helpful for when hangouts is the only way I can reach my girlfriend, sometimes we like to hear voice and can't call.",3,1262,35.0.327050771,2020-09-15 16:11:14,,,most_relevant,com.google.android.talk,i really love using hangouts but it is faulty at times sometimes the sound cuts out in calls and we have to completely restart the entire thing and sometimes it doesnt work when its restarted not only that but the messages tend to lag especially when sending picturesthat can be pretty annoying i absolutely would love to see a voice notes feature on itit would be especially helpful for when hangouts is the only way i can reach my girlfriend sometimes we like to hear voice and cant call,PERFORMANCE_BUG,0.44073895132416196
76697,gp:AOqpTOEcM8QthU11mEnBRShpajFQtBpdmsujiihUk8Ei_jezZPg0_C-KCbxT_RItPQAF2a-wv0wPd9rCB4KmoQ8,Patrick Zakher,https://play-lh.googleusercontent.com/a-/AOh14GhbU9vCQT6B-zdQydKO-BMJUOurJvdnx2uIB8vmAQ,"I installed this Google pdf viewer. Went in Gmail, clicked on a PDF attachment from an email, Gmail suggests all kinds of application to open the PDF file but not its own Google pdf viewer!!! What's the point?",1,8,2.19.381.03.40,2020-12-10 08:00:42,,,most_relevant,com.google.android.apps.pdfviewer,i installed this google pdf viewer went in gmail clicked on a pdf attachment from an email gmail suggests all kinds of application to open the pdf file but not its own google pdf viewer whats the point,LOGIN_BUG,0.44109151141214314
66324,gp:AOqpTOEiM-PoxnqU6mtAjoDALS7SxcimEx2rprDciL1CofCyT6kOehN045XDgeFhpgIGAh-AuJMgbQsEyjeD9i4,पारस नाथ सिंह,https://play-lh.googleusercontent.com/a-/AOh14GjcHnEGbvHlaG00oQWLT0mVkGnSIyKETnMFsp_4TQ,"Voice guided navigation for Google Maps Go, for phones with low memory. Navigation for Google Maps Go provides GPS turn-by-turn voice guided navigation and is optimised for performance on low-memory phones. Download this companion app to get real-time navigation for Google Maps Go. Begin by searching for directions in Google Maps Go and then tap on the Navigation button. Provides real-time, turn-by-turn navigation when used with Google Maps Go Experience the navigation quality of the original",3,4,,2020-05-26 15:47:36,,,most_relevant,com.google.android.apps.navlite,voice guided navigation for google maps go for phones with low memory navigation for google maps go provides gps turnbyturn voice guided navigation and is optimised for performance on lowmemory phones download this companion app to get realtime navigation for google maps go begin by searching for directions in google maps go and then tap on the navigation button provides realtime turnbyturn navigation when used with google maps go experience the navigation quality of the original,UI_BUG,0.4412183266525352
46943,gp:AOqpTOGadPXl6QWrz21JVI9FqFSGhsPMLJijxdcnmYvCM-cJCrjWEcG9lVSacNs1L__-kVCXFLoiMFIw-zxvqQ,Gagandeep Singh,https://play-lh.googleusercontent.com/a-/AOh14Giact-jGX1JFCNtozNkihjS5JiaHPxdN9baWHVCH-k,Sometimes I like to do work emails and text messages when my car is warming up in snow weather. But this app gets in the way and prevents me to do anything on my phone. I guess I can't enjoy have seat warmer and do work emails at the same time ...... in cold mornings.,2,1,6.0.615334-release,2021-01-29 17:42:37,,,most_relevant,com.google.android.projection.gearhead,sometimes i like to do work emails and text messages when my car is warming up in snow weather but this app gets in the way and prevents me to do anything on my phone i guess i cant enjoy have seat warmer and do work emails at the same time  in cold mornings,LOGIN_BUG,0.44126310218677955
76120,gp:AOqpTOHDPIHjbLk0W8HzZ4av24hWOI6NBObVbe9urXR7RGa7NdENBe4kt3B_8sDoyJozAYIW9g1ZXGs_bMVI5A,Utkarsh Singh,https://play-lh.googleusercontent.com/a-/AOh14GhTIz0a2nvgG-PsgaZRQ0D38nU0n5iAVQ6wopqqKQ,It needs a options to hide files or hide safe folder because everyone can see safe folder and I can not hide safe folder.when I copy or move any file it works very slow and it doesn't support ftp share or ftp server.But clean up space is a better option.,3,4,1.0.352915835,2021-02-03 10:33:42,Hi Utkarsh! We are sorry to hear about your experience. We're always looking for ways to make the app more useful and your feedback is super helpful. Appreciate your patience!,2021-02-03 10:05:28,newest,com.google.android.apps.nbu.files,it needs a options to hide files or hide safe folder because everyone can see safe folder and i can not hide safe folderwhen i copy or move any file it works very slow and it doesnt support ftp share or ftp serverbut clean up space is a better option,PERFORMANCE_BUG,0.4412946478039337
75895,gp:AOqpTOHDPIHjbLk0W8HzZ4av24hWOI6NBObVbe9urXR7RGa7NdENBe4kt3B_8sDoyJozAYIW9g1ZXGs_bMVI5A,Utkarsh Singh,https://play-lh.googleusercontent.com/a-/AOh14GhTIz0a2nvgG-PsgaZRQ0D38nU0n5iAVQ6wopqqKQ,It needs a options to hide files or hide safe folder because everyone can see safe folder and I can not hide safe folder.when I copy or move any file it works very slow and it doesn't support ftp share or ftp server.But clean up space is a better option.,3,4,1.0.352915835,2021-02-03 10:33:42,Hi Utkarsh! We are sorry to hear about your experience. We're always looking for ways to make the app more useful and your feedback is super helpful. Appreciate your patience!,2021-02-03 10:05:28,most_relevant,com.google.android.apps.nbu.files,it needs a options to hide files or hide safe folder because everyone can see safe folder and i can not hide safe folderwhen i copy or move any file it works very slow and it doesnt support ftp share or ftp serverbut clean up space is a better option,PERFORMANCE_BUG,0.4412946478039337
72154,gp:AOqpTOEp5RSV5HuJ0dKM1NtR-qtAtdHqVoH5kUgcgNez0ryJR4SMw79FNgMDCtXQAoEb8jK0DLWEH9Rh6zmKcQ,Nev Pires,https://play-lh.googleusercontent.com/a-/AOh14Ghm2zQCd-UYHPh-ffyTUrH8dsS_BBqz1__UakGs,"Edited response: No. This doesn't help. I am already signed in to every app/device, as is web app activity. If I listen to a podcast on my home max for example, it doesn't register on my phone app. I have to scroll to where I stopped listening. Also, the desktop app doesn't have my queue. When I finish an episode on the desktop app, it doesn't register on any ever device, nor does it load up the next episode. This despite the fact that I'm already 1). signed in and b). have the web app activity enabled. Still does not work.",2,1,1.0.0.301897054,2020-12-25 15:59:01,"Hi there. To sync your listening progress across your signed in devices, you must sign in to your Google Account and have Web & App Activity turned on: (https://goo.gle/3e2RE6g). If you set your activity to auto-delete, your listening progress is also deleted after the time period that you set. Hope this helps!",2020-12-25 12:51:12,most_relevant,com.google.android.apps.podcasts,edited response no this doesnt help i am already signed in to every appdevice as is web app activity if i listen to a podcast on my home max for example it doesnt register on my phone app i have to scroll to where i stopped listening also the desktop app doesnt have my queue when i finish an episode on the desktop app it doesnt register on any ever device nor does it load up the next episode this despite the fact that im already 1 signed in and b have the web app activity enabled still does not work,PERFORMANCE_BUG,0.44140584337378563
50801,gp:AOqpTOFr5Z8X5w8V98t6YpvI3X4JKFlVD0vlgLp-9OKwvW0mHNPOGMxENl3DZTuyQA_LOYmUW7sySR-tTbT-tgM,ofir bendavid,https://play-lh.googleusercontent.com/a-/AOh14GhY3x8rRpD6mHH_0nEFpaypJ32yXAzAiMfJLJXC,"￼ Learn to pronounce Excellent tool but for computer use. I do not recommend using the app on the phone, you can't edit an image and crop before uploading post, I would also expect Google to a much higher level. It feels like a trial version.",3,10,3.10.0.257742703,2019-08-08 05:45:35,,,most_relevant,com.google.android.apps.vega, learn to pronounce excellent tool but for computer use i do not recommend using the app on the phone you cant edit an image and crop before uploading post i would also expect google to a much higher level it feels like a trial version,PERFORMANCE_BUG,0.4415665095882533
73169,gp:AOqpTOHr_Bxa9w7pwTQEdpPjtcTYSHQKi-Jy3u18cV7dgPWeNF51Kzib0oPOilTi2cgi4ibU_ULRmrBo7j5APSA,Abigail Buchsbaum,https://play-lh.googleusercontent.com/-syVVwdFj1mc/AAAAAAAAAAI/AAAAAAAAAAA/AMZuucmsv1AEvSx49msmYBqhFd-bCY1yhA/photo.jpg,"Frustrating, online says that it works with chromebook. When running the app it won't let me use my daughter's account and says not ready to work with chromebook yet. Right now parental control on Ipad seemed way easier.",1,2,flh.release.1.42.0.X.345476563,2021-01-25 19:17:29,,,most_relevant,com.google.android.apps.kids.familylinkhelper,frustrating online says that it works with chromebook when running the app it wont let me use my daughters account and says not ready to work with chromebook yet right now parental control on ipad seemed way easier,LOGIN_BUG,0.44189909607742534
22372,gp:AOqpTOHUW3MZvZWVFqyH9BRDcNdHcPNRbcZNlWH5AegQaCFjNyr8UA-xApQPBUDDag1EzyhSUCKvuD1qM0E63Q,Rajiv Dogra,https://play-lh.googleusercontent.com/a-/AOh14GgoQgnwV9Qd-aajF7dF-Yxv2XAZbu4vNwKS5RREdA,It asks for permission to collect all keystrokes including password. What is the requirement of collecting data? It is very dangerous. Would recommend not to use this app under such circumstances.... 😡,1,4,3.2.6.193126728-arm64-v8a,2020-10-10 11:01:56,,,most_relevant,com.google.android.apps.inputmethod.hindi,it asks for permission to collect all keystrokes including password what is the requirement of collecting data it is very dangerous would recommend not to use this app under such circumstances ,LOGIN_BUG,0.4420212453614189
10041,gp:AOqpTOHQ2YDczi9sGPtPGFauvYFwN_cvG5IgyYG1GczCb98A-gIwvIrq1aN2Tgjw2a7UHz5nTk2pN1Cpk4NP_SM,Onyx 013,https://play-lh.googleusercontent.com/a-/AOh14Gg7tFE7QXE3uAMHSmvOuHHoAvrBlslJPIjxESQW9w,"Well it does work great, though I've noticed recently that on certain, actually on most pages, that there was a bit of lag at certain points that interfere with browsing and only by waiting a few seconds or closing the tab and reopening it does it get fixed and it's getting annoying with how often it does it. If Google can fix it there'll be appreciated",3,58,88.0.4324.93,2021-01-26 04:57:04,,,most_relevant,com.android.chrome,well it does work great though ive noticed recently that on certain actually on most pages that there was a bit of lag at certain points that interfere with browsing and only by waiting a few seconds or closing the tab and reopening it does it get fixed and its getting annoying with how often it does it if google can fix it therell be appreciated,PERFORMANCE_BUG,0.4421097234750991
25224,gp:AOqpTOFFl_BC4GHbSEvjP8RSbudAeDn-8BpH-X0sBzjNpuLLr0gfhR4lxlTl1YOFwRc69YW9HmSGW8hhA8yQTyk,King Nixx,https://play-lh.googleusercontent.com/-Kf7OQF46614/AAAAAAAAAAI/AAAAAAAAAAA/AMZuucm2z9M1DFkeSiOjywl22xFCTnBocQ/photo.jpg,"Ok. I'm quite pleased. Yet, my rating is still the same. You fixed the mechanic reading... quite a good bit. But there's a bit of an issue. The default female voice has pitching issues. It hurts. There is also a problem with the voices (both U.K and U.S). The young male and grown women voices also have some pitching issues at default. Fixing these issues with the slider settings, seem to generate more pitch issues. If you do this, the voices start to sound like Autotune gone wrong.",3,71,3.20.6.280280128,2020-01-08 19:51:41,,,most_relevant,com.google.android.tts,ok im quite pleased yet my rating is still the same you fixed the mechanic reading quite a good bit but theres a bit of an issue the default female voice has pitching issues it hurts there is also a problem with the voices both uk and us the young male and grown women voices also have some pitching issues at default fixing these issues with the slider settings seem to generate more pitch issues if you do this the voices start to sound like autotune gone wrong,UI_BUG,0.44222942605974846
10277,gp:AOqpTOEVLA1qVD8n_8wle_omAd9fXdaTmX57C5mYZ5Vwd-LluPdkCQOW3vuOZL8IRRwSEzQ-r0koX0TWC9zpa48,N.M.G Western MA,https://play-lh.googleusercontent.com/a-/AOh14Ggyj4vLUbmf2J3yOKjJAM7wTKKGYhVVo9Wen9JBxg,"I feel like chrome is easily hacked. When I began using Chrome, I started getting fishing emails, and my number now only gets spam callers. Also someone was using my phone number to send spam texts about who knows what, which resulted in people calling me angry and threatening to report me for something someone else did. Chrome needs an overhaul.",3,0,88.0.4324.141,2021-02-04 13:40:35,,,newest,com.android.chrome,i feel like chrome is easily hacked when i began using chrome i started getting fishing emails and my number now only gets spam callers also someone was using my phone number to send spam texts about who knows what which resulted in people calling me angry and threatening to report me for something someone else did chrome needs an overhaul,LOGIN_BUG,0.4422428437516511
62496,gp:AOqpTOGdDDsxq8JCZPp802syxVM72gdIy-oA9_LES717Rwonj4_rqgD3BeQ_XqdXrNBP71lQncm8rbqH_U148w,Paul McDill,https://play-lh.googleusercontent.com/a-/AOh14GgLHZpSZgE-th-VAHybRGLRJJEMKbXstMEUeQNG7EY,"Many issues around playing nice with iOS: Images/vids take forever to load and are poor quality, and there have been a few occasions in which I never received messages sent to me. Other enhancements: emoji responses for text bubble; accurate received-message timestamp recording even when offline; tagging and replying to specific messages functionality; oh and privacy with end-to-end encryption. (Lol.) On the plus side, search function is nice and robust.",2,17,7.1.084 (Hickory_RC10.phone_dynamic),2021-01-22 15:58:03,"Hi, Paul. Thank you for taking the time to provide feedback. We're sorry to hear that. We'll pass this along to the team so they can continue iterating on your feedback to make Messages even better. We ask that you submit a feedback within the Messages app by clicking the Menu button then the 'Help and Feedback' tab and tap 'Send Feedback'.",2021-01-24 13:55:41,most_relevant,com.google.android.apps.messaging,many issues around playing nice with ios imagesvids take forever to load and are poor quality and there have been a few occasions in which i never received messages sent to me other enhancements emoji responses for text bubble accurate receivedmessage timestamp recording even when offline tagging and replying to specific messages functionality oh and privacy with endtoend encryption lol on the plus side search function is nice and robust,PERFORMANCE_BUG,0.44225347290049033
73885,gp:AOqpTOGMVc1LPD1IVZuSAurBiSy7Fd3TxBOZhZRRqCZzP0vUowJVsulAzG-YyLH6U1QLiS6bNjVbCuK_yIl9ji0,Matar Mat4r,https://play-lh.googleusercontent.com/-qwd_fb_vHus/AAAAAAAAAAI/AAAAAAAAAAA/AMZuuclRoJJM0FC5RKvyVbUrMan0ny4haw/photo.jpg,"They can still choose the ""use without an account"" option in the google app and could easily search for whatever they want including explicit content and images !! , PLEASE FIX THIS !! Also what's the deal with the 12 month family leaving rule thing ??!! Its STUPID !!! PLEASE REMOVE THAT RULE",3,0,,2019-11-19 22:11:09,,,newest,com.google.android.apps.kids.familylinkhelper,they can still choose the use without an account option in the google app and could easily search for whatever they want including explicit content and images   please fix this  also whats the deal with the 12 month family leaving rule thing  its stupid  please remove that rule,LOGIN_BUG,0.44227902162336913
73561,gp:AOqpTOGMVc1LPD1IVZuSAurBiSy7Fd3TxBOZhZRRqCZzP0vUowJVsulAzG-YyLH6U1QLiS6bNjVbCuK_yIl9ji0,Matar Mat4r,https://play-lh.googleusercontent.com/-qwd_fb_vHus/AAAAAAAAAAI/AAAAAAAAAAA/AMZuuclRoJJM0FC5RKvyVbUrMan0ny4haw/photo.jpg,"They can still choose the ""use without an account"" option in the google app and could easily search for whatever they want including explicit content and images !! , PLEASE FIX THIS !! Also what's the deal with the 12 month family leaving rule thing ??!! Its STUPID !!! PLEASE REMOVE THAT RULE",3,0,,2019-11-19 22:11:09,,,most_relevant,com.google.android.apps.kids.familylinkhelper,they can still choose the use without an account option in the google app and could easily search for whatever they want including explicit content and images   please fix this  also whats the deal with the 12 month family leaving rule thing  its stupid  please remove that rule,LOGIN_BUG,0.44227902162336913
7452,gp:AOqpTOG9-Uxjvl5oKxfw0Y4IHkj3-OvMLli_P-WFItutdveTQNtkCQyjgUFJ2ifKHHPW1OfO3b-yJU5xUUyGLe4,Rendy Anthony,https://play-lh.googleusercontent.com/a-/AOh14GgEDFlPqybDzSls_S99FkTuhYFB1XkVkpd_Whn5dA,"I need to reduce to two stars as I keep on seeing page breaks where it shouldn't be when using Flowing Text. It is very distracting. I know this is not a problem on the e-book itself as the issue doesn't show up when opening th same book on the Play Books web app, only on Android. I have reported multiple times on many different books via the feedback menu but it was never fixed. Contact me if you need more details about the incident: book title/publisher/page/screenshots. I need this fixed.",2,279,5.11.10_RC05.329522964,2020-10-09 12:43:22,,,most_relevant,com.google.android.apps.books,i need to reduce to two stars as i keep on seeing page breaks where it shouldnt be when using flowing text it is very distracting i know this is not a problem on the ebook itself as the issue doesnt show up when opening th same book on the play books web app only on android i have reported multiple times on many different books via the feedback menu but it was never fixed contact me if you need more details about the incident book titlepublisherpagescreenshots i need this fixed,UI_BUG,0.4422961902815353
49600,gp:AOqpTOEtAmWFcs7LJQPq9Dh_hTzNykP_v8_lpBMoz0yBP1Cu9v1Eweclu7aMtbnNZn2nzOyRNl4HvESBGM9g0g,Doug K,https://play-lh.googleusercontent.com/a-/AOh14GhdFTxa4tHbPcap1DJxib3wPonGY9sFh_PXCM_Gng,"Filters no longer working!This app works great for video calling my friends. However, up until sometime earlier this year I had all the filters (dinosaur, astronaut etc).But now they're are all gone! My friends all have them on their phones so it's frustrating.Google has not given an actual useful response to this problem, all they do is say to read their help files or suggest I may have an older Android version, which I don't. I'm on version 9 of Android which is supposed to work accord to faqs",3,304,114.0.344136489.DR114_RC04,2020-11-27 03:53:28,"Hi there. We're sorry to hear that. If you can't find effects or filters, you might have an older version of Android. Learn more here (see, Can't find effects or filters section): https://goo.gle/3hpAHDp. Hope this helps.",2020-11-28 13:31:18,most_relevant,com.google.android.apps.tachyon,filters no longer workingthis app works great for video calling my friends however up until sometime earlier this year i had all the filters dinosaur astronaut etcbut now theyre are all gone my friends all have them on their phones so its frustratinggoogle has not given an actual useful response to this problem all they do is say to read their help files or suggest i may have an older android version which i dont im on version 9 of android which is supposed to work accord to faqs,UI_BUG,0.44234283154643184
2810,gp:AOqpTOEelbO4GsOuXRa82QGcPXPpN2uQzXrsozIls3sZFPN65MRvZ2-72_Asf6NXrrCRyUvbp7EoIpdOimKw7JI,Aradhya Singh,https://play-lh.googleusercontent.com/a-/AOh14GhrkYdcH1a772jCnNBN4ZF6nRmCtOamdnYMNRJs,"This app is good for chatting and calling.But, it wants many necessary updates. This app doesn't have much useful functions. You can't delete messages and can't reply to a message. If you want to delete, whole chat can be cleared only. Much more can be improved. I hope Google should focus on this app too.",3,136,36.0.340725045,2021-01-21 15:24:24,,,most_relevant,com.google.android.talk,this app is good for chatting and callingbut it wants many necessary updates this app doesnt have much useful functions you cant delete messages and cant reply to a message if you want to delete whole chat can be cleared only much more can be improved i hope google should focus on this app too,PERFORMANCE_BUG,0.442956857799996
27779,gp:AOqpTOHaCCLX1dxFzepXvY1iEgvAL1G0jwkcnsSB2F8tPeLvrb6HmVdS3eEKfK1PojFzzkPqAQlavw6STWjeMQ,JP {Crazytekkie},https://play-lh.googleusercontent.com/-PrWn2FqGjVU/AAAAAAAAAAI/AAAAAAAAAAA/AMZuucn4OpB8elel3Yty_BBTMfx7AMjr9A/photo.jpg,Google finally had it right. It actually worked every time it was supposed to and then messed with it again. Now switching between the regular keyboard and voice are a pain in the a$$. Why they have to mess with things constantly and change interfaces is beyond me.,2,68,10.1.02.342850159-release-arm64-v8a,2020-12-17 02:22:44,,,most_relevant,com.google.android.inputmethod.latin,google finally had it right it actually worked every time it was supposed to and then messed with it again now switching between the regular keyboard and voice are a pain in the a why they have to mess with things constantly and change interfaces is beyond me,UI_BUG,0.44296416762826996
52717,gp:AOqpTOFuTDh8HVY1A-gUQ6vR4TMhwN3pIwvYpQhu6LSV1TqtCvAvBvOhLu7TS0jdg0_9doQ6qZCJC2hRmjOJC0I,Gregoire Mariethoz,https://play-lh.googleusercontent.com/-WdGb0IPPBZw/AAAAAAAAAAI/AAAAAAAAAAA/AMZuucld1mXV-QJc_LB3ITFwseHxTQtaNQ/photo.jpg,"This app is buggy and the time reporting is delayed and inaccurate. On some accounts it does not work at all, or I can only specify limits for individual apps. With my child it spontaneously unlocks once the time limit is reached! Resetting the entire phone or even changing phone does not help, meaning it is a problem with the accout. I often left feedback, but never got a reply. This indicates that the development of parental control applicationis not a priority, unfortunately.",1,95,1.70.0.Y.344120469,2021-01-18 19:15:26,,,most_relevant,com.google.android.apps.kids.familylink,this app is buggy and the time reporting is delayed and inaccurate on some accounts it does not work at all or i can only specify limits for individual apps with my child it spontaneously unlocks once the time limit is reached resetting the entire phone or even changing phone does not help meaning it is a problem with the accout i often left feedback but never got a reply this indicates that the development of parental control applicationis not a priority unfortunately,LOGIN_BUG,0.4430049996433298
56425,gp:AOqpTOGvmHOW9r2DJ2hLJQR7AFxGL15HwJ5JUtYcBVGCYxFMW9zrDAxUszbatl2fFFYQKSwGUswltvstScntjw,Demilo Dixon,https://play-lh.googleusercontent.com/a-/AOh14GhXkQvs3KjJGjXziZp6GCo6hgNOlVkzRvksGJfrh6k,"I have uninstalled and reinstalled this app, turned my phone off & back on, checked permissions in the app and from other accessibility settings in my Samsung device, I have forced stop, cleared cache, cleared data, signed out inside back in. It won't play a sound or locate my device it just says last location, even though location is turned on. I've also went into the Google account and revoked unknown apps permission and went through security and privacy and I have also made sure of it.😔",1,6,2.4.035,2021-01-31 16:00:37,,,newest,com.google.android.apps.adm,i have uninstalled and reinstalled this app turned my phone off  back on checked permissions in the app and from other accessibility settings in my samsung device i have forced stop cleared cache cleared data signed out inside back in it wont play a sound or locate my device it just says last location even though location is turned on ive also went into the google account and revoked unknown apps permission and went through security and privacy and i have also made sure of it,LOGIN_BUG,0.44373772346773505
56291,gp:AOqpTOGvmHOW9r2DJ2hLJQR7AFxGL15HwJ5JUtYcBVGCYxFMW9zrDAxUszbatl2fFFYQKSwGUswltvstScntjw,Demilo Dixon,https://play-lh.googleusercontent.com/a-/AOh14GhXkQvs3KjJGjXziZp6GCo6hgNOlVkzRvksGJfrh6k,"I have uninstalled and reinstalled this app, turned my phone off & back on, checked permissions in the app and from other accessibility settings in my Samsung device, I have forced stop, cleared cache, cleared data, signed out inside back in. It won't play a sound or locate my device it just says last location, even though location is turned on. I've also went into the Google account and revoked unknown apps permission and went through security and privacy and I have also made sure of it.😔",1,6,2.4.035,2021-01-31 16:00:37,,,most_relevant,com.google.android.apps.adm,i have uninstalled and reinstalled this app turned my phone off  back on checked permissions in the app and from other accessibility settings in my samsung device i have forced stop cleared cache cleared data signed out inside back in it wont play a sound or locate my device it just says last location even though location is turned on ive also went into the google account and revoked unknown apps permission and went through security and privacy and i have also made sure of it,LOGIN_BUG,0.44373772346773505
48352,gp:AOqpTOH2N7MR6BOC7Y25EZ6l_jxIy4iW7KXtZnzOCk5E1MKNu0mGBN6VSrvpwz-ryivlhc5PzzYrnhlD_R87FQ,Kevin Hines,https://play-lh.googleusercontent.com/-qqRASMbuM0E/AAAAAAAAAAI/AAAAAAAAAAA/AMZuuckX-ThnKdPXtHgtj4i5OIGghgZ_mQ/photo.jpg,Enabling presence sensing in the Google Home app has caused both the Google Home and Nest apps to not be able to use Home/Away Assist or Home/Away routines (only one Pixel 3XL on my account and location permissions are set to high and neither app can tell when I am home or away). Nest app was working perfectly before enabling presence sensing. Would like to completely opt-out of presence sensing but there is no option (and support said they do not handle app issues).,3,9,2.31.1.7,2020-11-23 11:35:46,"Thanks for posting, Kevin — for better Home/Away assist experience with your Google Home, try toggling off and back on its settings and try rebooting all your devices and router after. Also, make sure your Google Home app is up-to-date. For more help, reach out to our support team: https://goo.gle/34H0zo1",2020-11-23 12:25:06,most_relevant,com.google.android.apps.chromecast.app,enabling presence sensing in the google home app has caused both the google home and nest apps to not be able to use homeaway assist or homeaway routines only one pixel 3xl on my account and location permissions are set to high and neither app can tell when i am home or away nest app was working perfectly before enabling presence sensing would like to completely optout of presence sensing but there is no option and support said they do not handle app issues,LOGIN_BUG,0.44389688392024024
38545,gp:AOqpTOGnONVm2jfJW52hKfhSXTH6W-sDx_vYIrwd6G2uiyeaOn9bZL3X8o6HqVkwlLXlT4MSwEuP2kKik2ZZweM,Jay T.,https://play-lh.googleusercontent.com/a-/AOh14Ggc1V9kFADhS3JbGsKL-qZOWEX3ImwLToBZDc_t,"At least give us the option to remove this suite from our devices not just rolling back updates, for those of us who don't need the accessibility and can hear and see just fine. I gave it two stars because it helps those who need it but it's bloatware for the rest of us.",2,5,6.2.0.199837370,2019-03-26 19:28:16,,,most_relevant,com.google.android.marvin.talkback,at least give us the option to remove this suite from our devices not just rolling back updates for those of us who dont need the accessibility and can hear and see just fine i gave it two stars because it helps those who need it but its bloatware for the rest of us,PERFORMANCE_BUG,0.4447356307591642
75545,gp:AOqpTOGXwwasGGcvDLcKIK0c3LUWTrp9s-HcuKebujaPFiCJ5xbwYYye_haf7RjY1YhLICkk5rctNFdI5OKZyA,Valeena Schmitt,https://play-lh.googleusercontent.com/a-/AOh14GjpVTYxrTQCrzCso5RpcHqrCqtsv_6btQO3jvv6fZU,"Another worthless app from Google- doesn't innovate, doesn't add ease of use, doesn't solve a problem. Why can't Google make Google Drive for files work like Google Photos for photos. This app is just as worthless as Google One. Google services are a convoluted mess. You'd think with all that data hoovering they'd figure out how to make seamless user app experience. People are tired of Google missing the mark on user experience; maybe because of false sense infallibility. GOOGLE'S hype RIP",1,16,1.0.346212449,2020-12-15 10:53:40,"Hi Valeena. We are sorry to hear about your experience. We're always looking for ways to make the app more useful and your feedback is super helpful. Appreciate your patience!
",2020-12-15 11:01:20,most_relevant,com.google.android.apps.nbu.files,another worthless app from google doesnt innovate doesnt add ease of use doesnt solve a problem why cant google make google drive for files work like google photos for photos this app is just as worthless as google one google services are a convoluted mess youd think with all that data hoovering theyd figure out how to make seamless user app experience people are tired of google missing the mark on user experience maybe because of false sense infallibility googles hype rip,UI_BUG,0.44501118613924223
36342,gp:AOqpTOG3wvjgFgdxwgk-IkQKa2pToI9kSoNzptu7RleZ_B38FPhaNG5o-uJlMBNqWOgXVyqW6RBZEOK_PZ3p1w,Kevin Rooney,https://play-lh.googleusercontent.com/a-/AOh14Gj8CZq7GQfFqb-lntcOQEf1mX8z0JBY-mORObAO0w,"I like this app a lot for collaboration. It could use to be more feature rich. Be aware if you sign out of all of your apps in a Chrome browser to include signing out of Google Keep, it will cause your phone's installation of keep to stop syncing without uninstalling and restarting your phone.",3,2,5.20.461.01.40,2020-12-07 13:39:50,,,most_relevant,com.google.android.keep,i like this app a lot for collaboration it could use to be more feature rich be aware if you sign out of all of your apps in a chrome browser to include signing out of google keep it will cause your phones installation of keep to stop syncing without uninstalling and restarting your phone,LOGIN_BUG,0.4453519341597522
74288,gp:AOqpTOGVJxsRvQAjHHd4aSsnVW52Lv9gUBDrGvhu2BooB_PRbClEeRgWqGjURsxjN01Y8pq2_iu5lrU4isGnsDM,Alllen Star,https://play-lh.googleusercontent.com/a-/AOh14GhW2t-seUmzzh9BtvCwGBtvu6ydD8eXZS5p1CCg,"Iy is a good app, sure, but as a content creator like me, needing to ""verify your account from your computer"" is stupid, what jf someone doesn't habe a computer, like i said, stupid idea, but the rest of the app is good.",1,4,21.02.101,2021-02-02 17:09:16,,,most_relevant,com.google.android.apps.youtube.creator,iy is a good app sure but as a content creator like me needing to verify your account from your computer is stupid what jf someone doesnt habe a computer like i said stupid idea but the rest of the app is good,LOGIN_BUG,0.4454884915516274
74449,gp:AOqpTOGVJxsRvQAjHHd4aSsnVW52Lv9gUBDrGvhu2BooB_PRbClEeRgWqGjURsxjN01Y8pq2_iu5lrU4isGnsDM,Alllen Star,https://play-lh.googleusercontent.com/a-/AOh14GhW2t-seUmzzh9BtvCwGBtvu6ydD8eXZS5p1CCg,"Iy is a good app, sure, but as a content creator like me, needing to ""verify your account from your computer"" is stupid, what jf someone doesn't habe a computer, like i said, stupid idea, but the rest of the app is good.",1,4,21.02.101,2021-02-02 17:09:16,,,newest,com.google.android.apps.youtube.creator,iy is a good app sure but as a content creator like me needing to verify your account from your computer is stupid what jf someone doesnt habe a computer like i said stupid idea but the rest of the app is good,LOGIN_BUG,0.4454884915516274
29983,gp:AOqpTOGkjl7cJa-y6gkTv14BJCJEwSE0NrJlyPUbxSIuKKOhYo-bV9jEM7QMR91DO0Yf7uZE8fpqMvTw1Rc,Emily Orton,https://play-lh.googleusercontent.com/-KhAwRb3Pfmo/AAAAAAAAAAI/AAAAAAAAAAA/AMZuuckm5CdbGXYeTpqNsPb_EegBuLOV3g/photo.jpg,"Very unhappy about this app closing down. You could close it down, and it would play in the background. As usual, the replacement YouTube Music will not allow you to play in the background and use other apps without saying. Not everyone can afford to subscribe to premium accounts. Not everyone WANTS to upgrade either. Would much rather be able to stick with this app. This app was brilliant!",1,682,8.28.8916-1.V,2020-11-16 20:53:39,,,most_relevant,com.google.android.music,very unhappy about this app closing down you could close it down and it would play in the background as usual the replacement youtube music will not allow you to play in the background and use other apps without saying not everyone can afford to subscribe to premium accounts not everyone wants to upgrade either would much rather be able to stick with this app this app was brilliant,LOGIN_BUG,0.44591377548835376
20479,gp:AOqpTOGO69YP2PKTQ1NwesJZkkcinKM8FU-SxlODariWXWNogu8J8ZISXZHQIJsx8GJtkcAvYUHsow__xGFx6pc,P. Zach Ali,https://play-lh.googleusercontent.com/a-/AOh14GgVeQfAQDD6SPU1f01mc2K4VeNtn0I28QYiSNYPwjY,"The Camera Application is easy to use and provides substantial options, settings and functionality. However, the Camera on Pixel 2 has repeatedly crashed for me over the past 7-8 months. Although Google offered to replace the phone, I would be without a phone for 15-20 days. I am ok without my phone, but I have (3) kids under the age of 5- and communication between my wife, nanny, and I cannot be disrupted for such a long period. I am truly frustrated.",3,5,6.2.030.244457635,2019-07-23 18:22:24,,,most_relevant,com.google.android.GoogleCamera,the camera application is easy to use and provides substantial options settings and functionality however the camera on pixel 2 has repeatedly crashed for me over the past 78 months although google offered to replace the phone i would be without a phone for 1520 days i am ok without my phone but i have 3 kids under the age of 5 and communication between my wife nanny and i cannot be disrupted for such a long period i am truly frustrated,PERFORMANCE_BUG,0.44603993650631607
52918,gp:AOqpTOF0TcZoc_FQtbo-D-LB48ynL1F1YmoPmB_YyA6VO-vrtdAnAhF7idR7LV-cGlHan851jyBBMcqPl59Uv0s,Gabbi Lizarraga Bernal,https://play-lh.googleusercontent.com/-TqEz7fLauB8/AAAAAAAAAAI/AAAAAAAAAAA/AMZuuckSoe8mA9COWjnpny2bSxCU9sw5OQ/photo.jpg,Our child always figures out a way to edit the limits we set and also cancels his bed time. Both my husband and I thought that he was using our phones to make changes but we both have changed our passwords so he can't. He figured out that if you shut the phone down multiple times it let's him back in even after his limits lock the phone. I had to put a password upon start up on his phone for this very reason. Point of the story we will have to purchase an actual app. Good for younger kids.,2,13,1.70.0.Y.344120469,2020-12-29 05:27:24,,,most_relevant,com.google.android.apps.kids.familylink,our child always figures out a way to edit the limits we set and also cancels his bed time both my husband and i thought that he was using our phones to make changes but we both have changed our passwords so he cant he figured out that if you shut the phone down multiple times it lets him back in even after his limits lock the phone i had to put a password upon start up on his phone for this very reason point of the story we will have to purchase an actual app good for younger kids,LOGIN_BUG,0.4462066114958674
53062,gp:AOqpTOF0TcZoc_FQtbo-D-LB48ynL1F1YmoPmB_YyA6VO-vrtdAnAhF7idR7LV-cGlHan851jyBBMcqPl59Uv0s,Gabbi Lizarraga Bernal,https://play-lh.googleusercontent.com/-TqEz7fLauB8/AAAAAAAAAAI/AAAAAAAAAAA/AMZuuckSoe8mA9COWjnpny2bSxCU9sw5OQ/photo.jpg,Our child always figures out a way to edit the limits we set and also cancels his bed time. Both my husband and I thought that he was using our phones to make changes but we both have changed our passwords so he can't. He figured out that if you shut the phone down multiple times it let's him back in even after his limits lock the phone. I had to put a password upon start up on his phone for this very reason. Point of the story we will have to purchase an actual app. Good for younger kids.,2,13,1.70.0.Y.344120469,2020-12-29 05:27:24,,,newest,com.google.android.apps.kids.familylink,our child always figures out a way to edit the limits we set and also cancels his bed time both my husband and i thought that he was using our phones to make changes but we both have changed our passwords so he cant he figured out that if you shut the phone down multiple times it lets him back in even after his limits lock the phone i had to put a password upon start up on his phone for this very reason point of the story we will have to purchase an actual app good for younger kids,LOGIN_BUG,0.4462066114958674
39989,gp:AOqpTOEM0eFqBQKambmQFk7oiCdXa8s7fMVZkqgc6R5eD5PPZweXIw2dmW9TMbFEbdTtl0Z4467JpKeuSVpTRg,Rachel Voigt,https://play-lh.googleusercontent.com/a-/AOh14GgZ7SVXgq6HwZOnca9MXF1np464ohWYKNFgyYjskfA,Some issues. If I rate or watchlist something from the app it doesn't reflect on my Google account (on web browser or on google tv on chromecast). Very frustrating and makes the app useless. I want it to work seamlessly as the web results do,3,6,4.23.23.42,2020-10-18 18:20:03,,,most_relevant,com.google.android.videos,some issues if i rate or watchlist something from the app it doesnt reflect on my google account on web browser or on google tv on chromecast very frustrating and makes the app useless i want it to work seamlessly as the web results do,LOGIN_BUG,0.44693783080987826
64889,gp:AOqpTOHwLt09teJu4vm20ltogzl_tRP8MljIHgsda0wdntj48Jrpyk9ayH3mXH9mrw_VPGHzVgG28126AdQYkw,Daliah Gonsalves,https://play-lh.googleusercontent.com/-DFXL1DsrRiY/AAAAAAAAAAI/AAAAAAAAAAA/AMZuucmuiptErH4UsdiwmXFzsKR3Nazxuw/photo.jpg,"In the past three weeks, maps has been given me directions that are dumb. Example: make a right turn then take pedestrian underpath. How can a car take a pedestrian underpath? Also say make a left turn, but the exit is on the right. Please update your Philadelphia and surrounding counties. I don't like taking 1hr 55 min to get somewhere I know I can get to in a hour. It's taking me around in circles. Scarelced to use it if I'm going somewhere I'm not familiar with",2,458,144,2020-11-12 17:56:23,,,most_relevant,com.google.android.apps.mapslite,in the past three weeks maps has been given me directions that are dumb example make a right turn then take pedestrian underpath how can a car take a pedestrian underpath also say make a left turn but the exit is on the right please update your philadelphia and surrounding counties i dont like taking 1hr 55 min to get somewhere i know i can get to in a hour its taking me around in circles scarelced to use it if im going somewhere im not familiar with,PERFORMANCE_BUG,0.4470862408584394
6538,gp:AOqpTOGOELRlZP6Z8sD5cS8nJ2KWmis3V-4emZVXcWjwJ-mgcdm4P4iC1HhJ5lgI-AaN19_4XdqPF4z4nrC3Dg,Patrick M,https://play-lh.googleusercontent.com/a-/AOh14GgBFMGAfKDN-2mH-FK6Bz5EsalLWFVtkgfxMRQK,Cannot make payments in stores with new Samsung Note 20 Ultra. It worked fine on the Galaxy S10+ no account changes.,3,2,2.116.328438545,2020-09-08 19:27:30,"Hi Patrick. Sorry to hear you’re having trouble paying. Here are some steps to resolve the problem: https://goo.gle/2SwLouL. If the issue persists, we can help you directly here: https://goo.gle/2r2DZrR. Thanks for reaching out.",2020-09-08 20:13:28,most_relevant,com.google.android.apps.walletnfcrel,cannot make payments in stores with new samsung note 20 ultra it worked fine on the galaxy s10 no account changes,LOGIN_BUG,0.44721491249318834
53332,gp:AOqpTOFEmXv4WnH7uzZF2asdrC1QnoP2Lvx7vDprw2HQhqLjR2VZE0j9ucNXhRyoc7lFE6cTCLHpchmfu5Atea0,Vikrant Neware,https://play-lh.googleusercontent.com/a-/AOh14Ggu4Sm2DXx9hRVUbu6QWCF49qxDA9yzMW2SAbx2,If one of family member can install it then no use of this app. App shud password for uninstall this software.,3,0,1.66.0.U.330994806,2021-01-27 04:22:32,,,newest,com.google.android.apps.kids.familylink,if one of family member can install it then no use of this app app shud password for uninstall this software,LOGIN_BUG,0.44747978480250894
3837,gp:AOqpTOGfl745B7B8Z3RLDFQfVi0BtpB-OsoeANDNQJDTwF8juJBNVG8AtuyjgEccmCL-SC9u8Jbbanm9hsBFzUU,Your Mom,https://play-lh.googleusercontent.com/a-/AOh14Gi3YTcScIQjm1zpuUzPlvkqN_YH820njeagRlRMVg,"I have contacted my devices manufacturer they said to send it to them for repair or replace. They also said it is because of the google play services update. That it either deleted vital files or modified or corrupted them. Either way google play services is to blame. So thanks google for destroying my only portable device. I'm to poor to be able to buy another so google has taken my ability to receive messages from my family, emergency notifications, and ability to access all my accounts.  You deserve no stars and your rating are gonna fall because this has affected many people and they are NOT happy. By the way google my tablet may have been a cheaper one but you owe me $100.",2,227,20.47.13 (120304-344095733),2020-12-20 23:55:32,,,most_relevant,com.google.android.gms,i have contacted my devices manufacturer they said to send it to them for repair or replace they also said it is because of the google play services update that it either deleted vital files or modified or corrupted them either way google play services is to blame so thanks google for destroying my only portable device im to poor to be able to buy another so google has taken my ability to receive messages from my family emergency notifications and ability to access all my accounts  you deserve no stars and your rating are gonna fall because this has affected many people and they are not happy by the way google my tablet may have been a cheaper one but you owe me 100,PERFORMANCE_BUG,0.44755262033071563
5011,gp:AOqpTOF9Y8kxjl1MsDGcBamaHgLpBRe_f4GUoOowY7uF_MArGXWKx0-xXq06AYwJnAWbn6AnAcYSkVp1x4wl1A,Alxias Pidier,https://play-lh.googleusercontent.com/-aEQSg5--g7o/AAAAAAAAAAI/AAAAAAAAAMo/AMZuuckyjqWPU8Y5_vkVlUcAatVM9GEEoQ/photo.jpg,"The weather now doesn't work. The weather is showing wrong temperature, 27 on widget but 26 on the app. Please fix the weather. sometimes it doesn't work. Plus the weather is very slow at getting the location regardless using high accuracy or low power consumption GPS. But google assistant has no problems so far, it understands me better than before.",2,33,12.1.9.23.arm64,2021-01-28 11:25:08,"Thanks for your review, Alxias. Try updating Google applications using a stable internet network, such as WiFi. If that doesn't work, you can try the troubleshooting steps in this guide: goo.gl/2XkH4v. Hope that helps!",2020-10-06 16:25:00,most_relevant,com.google.android.googlequicksearchbox,the weather now doesnt work the weather is showing wrong temperature 27 on widget but 26 on the app please fix the weather sometimes it doesnt work plus the weather is very slow at getting the location regardless using high accuracy or low power consumption gps but google assistant has no problems so far it understands me better than before,PERFORMANCE_BUG,0.4476566652485644
37185,gp:AOqpTOGTm33OO-xhgTb38onk_6yYkOSM9UcaekVhOQ34Nba44u10QOSiqOC4DvttKEYXVpCyzzQDZ4yIALfMaJc,Anthony O'Neill,https://play-lh.googleusercontent.com/a-/AOh14Gh0h8xgPX_QuKYRlMpb4deC8DJXEFanTf1Nh5QYOw,"Whether it's a combination of updates or Android 10 being flaky, Street View is broken in Daydream now. The search flat-down does not work; it either ignores your input (""Please enter a search string"" when you've typed in text) or tries to steer you to curated locations, mostly Disney ones. You can't put in a postcode or ZIP now and go to that location. In short, Street View does not give you street views.",1,39,2.0.0.257517656,2020-02-09 16:21:38,,,most_relevant,com.google.android.street,whether its a combination of updates or android 10 being flaky street view is broken in daydream now the search flatdown does not work it either ignores your input please enter a search string when youve typed in text or tries to steer you to curated locations mostly disney ones you cant put in a postcode or zip now and go to that location in short street view does not give you street views,PERFORMANCE_BUG,0.4479433150929085
1247,gp:AOqpTOEV5f81BqXsU1ZrzKfaXUbmcVITEv71Dbbi8TkvjANsAShdJ-Pl1EY5jkMp2ADFpAa6VtW07tvzrYkB1zE,Ibrahim Sheikh,https://play-lh.googleusercontent.com/a-/AOh14GgQSFBrNV1w_TZVOyfCpolWsD_pAnvAGkOpXiPsdQ,"Need more Icon features, need connection signal as like vibrations, need new themes and make it proper usable.contact with photo is too small,the application is little bit slow so make it more faster,need new phone receiving theme.hope the application will be develop soon.and make it more and more usable.This app should have more effective development.need recording options",1,9,59.0.351693235,2021-01-22 15:21:23,"Hi, Ibrahim. We're sorry to hear that. The team is working hard to make the Phone app better over time. Please continue to help us improve by sending a feedback within the Phone app through clicking the Menu button then the 'Help and Feedback' option and tapping on 'Send Feedback'. Thank you for letting us know.",2021-01-23 21:18:11,most_relevant,com.google.android.dialer,need more icon features need connection signal as like vibrations need new themes and make it proper usablecontact with photo is too smallthe application is little bit slow so make it more fasterneed new phone receiving themehope the application will be develop soonand make it more and more usablethis app should have more effective developmentneed recording options,UI_BUG,0.4479671841306947
1720,gp:AOqpTOFVSl6I_EdYNcrOzOXUsKz_aOF6Ngajqx4xO9Hov2u0BHmCo-mhhHbGrzGAUs6hAK1x1ORx8CPVf_2EDn8,Matthew Martin,https://play-lh.googleusercontent.com/a-/AOh14GjldJxmvqq2iZWzQdaVDEJSUec7YpJyPiQc4rXpUuc,I installed this thinking it would provide better information on incoming calls but i found the Samsung app does a much better job. I also found the ux of Samsung app better but maybe I've been used to it. I do to to get the stock android experience by downloading the Google apps but on this occasion it wasn't up to the task,3,0,58.0.346367036-downloadable,2020-12-21 00:15:58,"Hi, Matthew. Thank you for the feedback. Based on your rating, it seems like we have room for improvement! Please submit feedback by tapping the three dot menu in the top right corner - Help & Feedback - Send Feedback. We love to hear from our passionate users on how to improve the Phone app experience.",2020-12-22 00:34:39,most_relevant,com.google.android.dialer,i installed this thinking it would provide better information on incoming calls but i found the samsung app does a much better job i also found the ux of samsung app better but maybe ive been used to it i do to to get the stock android experience by downloading the google apps but on this occasion it wasnt up to the task,PERFORMANCE_BUG,0.44832239830706244
67681,gp:AOqpTOHj5mm6vv7vSr4eh1mvFrwozEMa1Ygei6PdiTX9yF95mI2b8zFfYoMXCgUIJA0kqzcxzsW2BM4oZ0B3Cc0,STEPHEN OSAGIE,https://play-lh.googleusercontent.com/a-/AOh14GjNXQyakyS6pH3rpROqMlZOwz0T6qaTSOKlS_1OZw,"One thing that bugs me is how the hell did they miss the chance to debut Dark Mode In the worldwide release of this app. Its a great app for one thing but if you could add the option to customize ""Discover"" feed and change the voice that reads webpages out. And that Dark Mode dammit! I mean, you realize not all devices will be getting the Android 10 update. Great app though",3,201,2.8.263615469.release,2019-08-24 11:57:28,,,most_relevant,com.google.android.apps.searchlite,one thing that bugs me is how the hell did they miss the chance to debut dark mode in the worldwide release of this app its a great app for one thing but if you could add the option to customize discover feed and change the voice that reads webpages out and that dark mode dammit i mean you realize not all devices will be getting the android 10 update great app though,PERFORMANCE_BUG,0.4483653503285637
55298,gp:AOqpTOGCya1LNsXug8zTlZ8nVeouwyteaEB4vSb7zaePDzSOAMySmghdKX_pQWraHekjnC8zsFv-gUivINPGZzo,Helensant sant,https://play-lh.googleusercontent.com/-CHGSw2VWYyg/AAAAAAAAAAI/AAAAAAAAAAA/AMZuucmLLByzgEhF5JQVE7grER1SncpC4Q/photo.jpg,"In these times ... you should only allow learning or teaching videos for children that is according to their age ... because in truth, virtual classes are not enough. And for the youngest children, he doesn't even have any class — it's very worrying. only teaching video..hope you take it into account ...",2,505,5.42.1,2020-12-17 22:15:47,,,most_relevant,com.google.android.apps.youtube.kids,in these times  you should only allow learning or teaching videos for children that is according to their age  because in truth virtual classes are not enough and for the youngest children he doesnt even have any class  its very worrying only teaching videohope you take it into account ,LOGIN_BUG,0.448935142252644
66053,gp:AOqpTOHZ8rWCnGj4Rbts35tUvs_0hASskH_jJ6Nz45Vl4DGGfQzXTZ2MAhV4DFrQsZEbDb4kq8pqPqBgvjlld18,Jenna Markle,https://play-lh.googleusercontent.com/a-/AOh14GhPngCXfavFW2IBODBpJZ5Xm5SRnsAwQAu5aJGSTw,If I search for a place/directions using anything besides Chrome I am asked to install this app (it is installed). So I am deadended when trying to get somewhere. This experience does not make me trust this app. If I use Chrome and search for a place directions it uses Maps to navigate as far as I can tell and not navigation and it works out the gate. This also does not make me want to use Google. With every update the functionlity moves farther from what I want as my user experience.,1,194,10.30.3,2021-01-17 17:28:06,,,newest,com.google.android.apps.navlite,if i search for a placedirections using anything besides chrome i am asked to install this app it is installed so i am deadended when trying to get somewhere this experience does not make me trust this app if i use chrome and search for a place directions it uses maps to navigate as far as i can tell and not navigation and it works out the gate this also does not make me want to use google with every update the functionlity moves farther from what i want as my user experience,PERFORMANCE_BUG,0.4490140510864525
41941,gp:AOqpTOEumqeGIYvCzKHi0NcdYqN_4duFD6F5_aP9TjLqfqYWSv-fwwzoI3PaDerIfr-84zCuaZU82je2fuwufQ,yoga widhi,https://play-lh.googleusercontent.com/a-/AOh14Gg36ApDpqXzd_f-BHk1tqn8F-5pHV9xrI7Ov7TI,"Dear dev, i found tech issues regarding ur app. I can't scrolling down to see other videos when watching in potrait mode(the app tried to fixed the position auto while i moving down). Also sometimes the app just start playing one of the random video(the videos lineup horizontally) whenever i rotate my device to landscape to use fullscreen mode but i'm still watching it. I assure its neither intentionaly or unintentionaly touched the touchscreen. I'll revise this when the matters fixed.",1,46,16.02.35,2021-01-27 20:45:49,,,most_relevant,com.google.android.youtube,dear dev i found tech issues regarding ur app i cant scrolling down to see other videos when watching in potrait modethe app tried to fixed the position auto while i moving down also sometimes the app just start playing one of the random videothe videos lineup horizontally whenever i rotate my device to landscape to use fullscreen mode but im still watching it i assure its neither intentionaly or unintentionaly touched the touchscreen ill revise this when the matters fixed,UI_BUG,0.44901644347340597
31459,gp:AOqpTOF09-ygAEGLM7ToQU4oMQy8omj1q5rVH1ZF6-Za3t91SU_FppUU547SROvtIcq5JWeQ5kH0722DNGiDiA,Lloyd Harris,https://play-lh.googleusercontent.com/-6kmjHaRjhCg/AAAAAAAAAAI/AAAAAAAAAAA/AMZuuckZX0clbeUxNsYg_BwYaq8conwibA/photo.jpg,The app won't let me login to my New York Times & Economist subscriptions. I use this app exclusively as a news aggregator for my paid subscriptions. It's hard to do that when you can't sign in or stay signed on. Please fix.,2,5,5.27.0.20102114,2021-01-06 04:20:59,,,newest,com.google.android.apps.magazines,the app wont let me login to my new york times  economist subscriptions i use this app exclusively as a news aggregator for my paid subscriptions its hard to do that when you cant sign in or stay signed on please fix,LOGIN_BUG,0.4490872843106435
31316,gp:AOqpTOF09-ygAEGLM7ToQU4oMQy8omj1q5rVH1ZF6-Za3t91SU_FppUU547SROvtIcq5JWeQ5kH0722DNGiDiA,Lloyd Harris,https://play-lh.googleusercontent.com/-6kmjHaRjhCg/AAAAAAAAAAI/AAAAAAAAAAA/AMZuuckZX0clbeUxNsYg_BwYaq8conwibA/photo.jpg,The app won't let me login to my New York Times & Economist subscriptions. I use this app exclusively as a news aggregator for my paid subscriptions. It's hard to do that when you can't sign in or stay signed on. Please fix.,2,5,5.27.0.20102114,2021-01-06 04:20:59,,,most_relevant,com.google.android.apps.magazines,the app wont let me login to my new york times  economist subscriptions i use this app exclusively as a news aggregator for my paid subscriptions its hard to do that when you cant sign in or stay signed on please fix,LOGIN_BUG,0.4490872843106435
26862,gp:AOqpTOGTzkn4VuilUReU1I2XiqZXLGTi4TmcDg3cD1ky3REeyWDNLMVsFwMHMAqVGyA2RdZf4eeD_Ui4_C-8cA,Shana Pau,https://play-lh.googleusercontent.com/a-/AOh14Gg1BxkcQjAJUaC1EQII5GXpTIRg9AquLxQTr724VQ,"I am not happy with the updated auto-suggestion. I turned all aito-correction options off, I only show the suggestions for corrections. it still auto corrects some of my typing, for example ""lol"" kept auto correcting to all capital letters. when I mistype a short four letter word, the suggestions show longer words rather than mistyped short words. I just wonder if there is any way to fix that. there are emojis atill but half of them have been deleted. it is also more inconvenient to get to the emoji list",3,0,1.2.0.79223859-armeabi-v7a,2014-11-07 13:08:42,,,most_relevant,com.google.android.inputmethod.korean,i am not happy with the updated autosuggestion i turned all aitocorrection options off i only show the suggestions for corrections it still auto corrects some of my typing for example lol kept auto correcting to all capital letters when i mistype a short four letter word the suggestions show longer words rather than mistyped short words i just wonder if there is any way to fix that there are emojis atill but half of them have been deleted it is also more inconvenient to get to the emoji list,PERFORMANCE_BUG,0.44953873019142215
35091,gp:AOqpTOHwzi4i0gWTyqTwIb1Zsu0OZFWF2rXcDRr1g00GLMFsxCRGQyaInNAYA_gEwy3b50C5omU3y3q_XO80fFg,Ganesh Gautham,https://play-lh.googleusercontent.com/a-/AOh14GjDwt50xeLurWGCWtpVaYrsELxod9C3q9Ey9H9GkQ,Needs some important updates. I m not able to block or report spammers. I give report spam and the same spam mails keep coming everyday. I can't block or even unsubscribe to them.,3,20,2020.12.27.351479536.Release,2021-01-25 14:35:10,"Hi Ganesh! If you’re getting emails you don’t want in your Gmail inbox, you can block or unsubscribe from the sender or report the message to Gmail. We recommend the steps in the following help center article: https://goo.gle/3bcQcLO. Have a nice day!",2021-01-25 14:44:11,most_relevant,com.google.android.gm,needs some important updates i m not able to block or report spammers i give report spam and the same spam mails keep coming everyday i cant block or even unsubscribe to them,PERFORMANCE_BUG,0.4496777131174529
6200,gp:AOqpTOHfj8kqud1PBXqItr7GNi8MDI8XZ8hjcX-VNAFKkk6rIpQdFPKbDAd8v3hqh72sSFshtL-tGT6etsNcZw,Angie Jean,https://play-lh.googleusercontent.com/a-/AOh14GhPyKVA8GQyQKTbdj1gK7_oUjB-C4IeDBexc7izz2o,"For months now i have been unable to open the google pay app, the old amd new. Everytjing was fine months ago, amd then, i changed my card onfo on both of my gmail acc.s amd i have had problems ever since. Unfortunaly my wallet was stolen and wells fargo only offers temp atm banking and mobile pay thru google. This has put in a terrible pisution while im out of town, away from home and all accounts paid online. If i could even get in more often than once, ot would help alot. Thanks",2,1,2.120.344959027,2021-01-07 01:38:29,Hi Angie. Let's connect you to a specialist for further assistance. Visit: https://goo.gle/2r2DZrR. Let us know that we responded to your Play Store review and that your issue should be escalated. Thanks!,2021-01-07 14:35:57,most_relevant,com.google.android.apps.walletnfcrel,for months now i have been unable to open the google pay app the old amd new everytjing was fine months ago amd then i changed my card onfo on both of my gmail accs amd i have had problems ever since unfortunaly my wallet was stolen and wells fargo only offers temp atm banking and mobile pay thru google this has put in a terrible pisution while im out of town away from home and all accounts paid online if i could even get in more often than once ot would help alot thanks,LOGIN_BUG,0.4497303646809218
6330,gp:AOqpTOHfj8kqud1PBXqItr7GNi8MDI8XZ8hjcX-VNAFKkk6rIpQdFPKbDAd8v3hqh72sSFshtL-tGT6etsNcZw,Angie Jean,https://play-lh.googleusercontent.com/a-/AOh14GhPyKVA8GQyQKTbdj1gK7_oUjB-C4IeDBexc7izz2o,"For months now i have been unable to open the google pay app, the old amd new. Everytjing was fine months ago, amd then, i changed my card onfo on both of my gmail acc.s amd i have had problems ever since. Unfortunaly my wallet was stolen and wells fargo only offers temp atm banking and mobile pay thru google. This has put in a terrible pisution while im out of town, away from home and all accounts paid online. If i could even get in more often than once, ot would help alot. Thanks",2,1,2.120.344959027,2021-01-07 01:38:29,Hi Angie. Let's connect you to a specialist for further assistance. Visit: https://goo.gle/2r2DZrR. Let us know that we responded to your Play Store review and that your issue should be escalated. Thanks!,2021-01-07 14:35:57,newest,com.google.android.apps.walletnfcrel,for months now i have been unable to open the google pay app the old amd new everytjing was fine months ago amd then i changed my card onfo on both of my gmail accs amd i have had problems ever since unfortunaly my wallet was stolen and wells fargo only offers temp atm banking and mobile pay thru google this has put in a terrible pisution while im out of town away from home and all accounts paid online if i could even get in more often than once ot would help alot thanks,LOGIN_BUG,0.4497303646809218
59025,gp:AOqpTOFaXloRTFUYuBSyFd_Ssv0Cc25vF1fpR-ULPiztrK_NhzfJXrHE85EwbHllSYItO-K61J7BAQ_-Yu091w,Jónas Orri Jóhannsson,https://play-lh.googleusercontent.com/a-/AOh14GhPI-nnN9s1aDkCrxXpMFBYWk3AbaBzLfR909ITsg,I will do something cool when tech giant G-unit can make one little authenticator for the whole world i don't need to have 6 password apps and still get robbed through Google scammers.. it's 2021... 💸,2,0,5.10,2021-01-09 00:17:46,,,newest,com.google.android.apps.authenticator2,i will do something cool when tech giant gunit can make one little authenticator for the whole world i dont need to have 6 password apps and still get robbed through google scammers its 2021 ,LOGIN_BUG,0.44995175882979277
13256,gp:AOqpTOGon-OqxgA1fAHWLUynPRmEiLBf9ux0S_32gWnFW0jk4gE6SztAS8ziJzxvVhqxmkMGfhegbNH4Xn7xK0k,faisal al-radhi,https://play-lh.googleusercontent.com/-Qza-y95OyrI/AAAAAAAAAAI/AAAAAAAAAAA/AMZuucklYscdSga6vat5FpK3PeOIgWMF2w/photo.jpg,"I had to take my phone for repair and waste a whole day just because I downloaded it. This disgusting piece of trash ruined 3 of my phones just to install and set up a work profile. I already had a work profile but it refused to accept it. ""I either delete our profile and just have my way (which doesn't work because this idiotic app froze my phone and I had to wait until just my screen finished the battery before I realized that it wasn't going to work without repair. Good job on a revolting app",1,2,,2020-10-26 00:38:48,,,most_relevant,com.google.android.apps.work.clouddpc,i had to take my phone for repair and waste a whole day just because i downloaded it this disgusting piece of trash ruined 3 of my phones just to install and set up a work profile i already had a work profile but it refused to accept it i either delete our profile and just have my way which doesnt work because this idiotic app froze my phone and i had to wait until just my screen finished the battery before i realized that it wasnt going to work without repair good job on a revolting app,UI_BUG,0.4499770337985963
22511,gp:AOqpTOGs5XVre5E_nHHq7gLsTawB1kGgJwW3vXEWTTyY3dt1byfkpA2vhP1YAfDKfaHpKMP9-1n36HMq8ABGxQ,MANEESHA CHATURVEDI,https://play-lh.googleusercontent.com/-gAv7Z73tROU/AAAAAAAAAAI/AAAAAAAAAAA/AMZuuckkgPdLyG8npB3BDxoaKFG7pSwhtg/photo.jpg,It is designed by somebody either whose mother toungue is not Hindi or who is not well versed with Hindi. Hindi has many complex sounds and this app is not able to cover all those. It cannot give good suggestions either nor can it understand typing errors. It's settings are not user friendly. It doesn't enable me to switch between normal Google keyboard and Indic keyboard. It automatically switches to devnagari keyboard and cannot be reversed. The updated app is horrible.,2,532,3.2.6.193126728-armeabi-v7a,2020-05-08 08:58:25,,,most_relevant,com.google.android.apps.inputmethod.hindi,it is designed by somebody either whose mother toungue is not hindi or who is not well versed with hindi hindi has many complex sounds and this app is not able to cover all those it cannot give good suggestions either nor can it understand typing errors its settings are not user friendly it doesnt enable me to switch between normal google keyboard and indic keyboard it automatically switches to devnagari keyboard and cannot be reversed the updated app is horrible,UI_BUG,0.4499975204175048
46751,gp:AOqpTOE1KUYYv5GioBEJ0eeGIwjVvyZ-hIUzATG7Ku74yEJIUd8FeDAi3e9dg69lY87k9JFT1ERwvdc1kYueWg,Hang Chung,https://play-lh.googleusercontent.com/-VGgiV8BmSm8/AAAAAAAAAAI/AAAAAAAAAAA/AMZuucmI3pd3AoATH6Y9thIRzWVkwDJTmQ/photo.jpg,"It worked fine previously on other phones but for my Samsung S21 Ultra, Android Auto is not working in all 3 of my headunits. Whenever i connect my phone to the headunits i would receive a message that Android Auto Has Stopped and the,headunit freezes. The app just simply does not startup on my Samsung S21 Ultra. Then i found out from the Google Community forums that this looks like a know issue with many S21 users having the same problem. Google this is something that needs to work on asap...",1,1,6.0.615334-release,2021-01-31 06:12:47,,,most_relevant,com.google.android.projection.gearhead,it worked fine previously on other phones but for my samsung s21 ultra android auto is not working in all 3 of my headunits whenever i connect my phone to the headunits i would receive a message that android auto has stopped and theheadunit freezes the app just simply does not startup on my samsung s21 ultra then i found out from the google community forums that this looks like a know issue with many s21 users having the same problem google this is something that needs to work on asap,PERFORMANCE_BUG,0.4500343545907387
27718,gp:AOqpTOHM-huDIG2-Ja0CQqdRmKopBlbiwU2UmXlpU-G59vTvZ7HSca4KmZYBkN9uPLf9CmUhnP482Dsa9shASQ,Mitali Gupta,https://play-lh.googleusercontent.com/a-/AOh14GgkplKJLLdumKBCElLmZk4dz5Tn7HyHBn89BGGXsbA,"Everything is well n good except the one thing that I downloaded this keyboard for,that is the google search....I mean there is not option to search so it doesnt makes sense talking abt sharing the searches...really disappointed",2,0,10.1.04.342850159-release-arm64-v8a,2021-01-27 14:13:53,,,most_relevant,com.google.android.inputmethod.latin,everything is well n good except the one thing that i downloaded this keyboard forthat is the google searchi mean there is not option to search so it doesnt makes sense talking abt sharing the searchesreally disappointed,PERFORMANCE_BUG,0.4500370161190015
51506,gp:AOqpTOGrwXAiZQqykEciQKJfaczZwSI6Fxkz0YD40C06RK1UEk5vO0KPahhigLfeZIEaFAYrQSp76f_riy7dnBc,RAHMAN A RAMON MUHAMMAD CORNICK,https://play-lh.googleusercontent.com/a-/AOh14GjD7mMtGLCYEMwc1NslnKeUpOE4yzw0y2YRrK5PCw,Now what you want to know I just want to get to my Facebook page why is this becoming a problem? I hate redundancy it turns me off especially when people do not comprehend or listen but you are listening because when we finish this conversation you won't go into the lab because you slow out the lab but in the lab you are superior and you will take my words and put it in your intellectual entity in your brain will take the course to trigger the statements of my simplistic words and come to the co,1,12,1.0.344030641,2020-12-20 03:05:09,,,most_relevant,com.google.android.apps.wellbeing,now what you want to know i just want to get to my facebook page why is this becoming a problem i hate redundancy it turns me off especially when people do not comprehend or listen but you are listening because when we finish this conversation you wont go into the lab because you slow out the lab but in the lab you are superior and you will take my words and put it in your intellectual entity in your brain will take the course to trigger the statements of my simplistic words and come to the co,PERFORMANCE_BUG,0.4501318689703601
60392,gp:AOqpTOFuALaiSg1_2uTtgBm7ZkNEiW0siVxOCbOpraM1zhKvsBCtmcE7NQ-et6O9Cjwzg6yecmAwPkyktuwMJw,Armuotas,https://play-lh.googleusercontent.com/a-/AOh14Gh_t1kOHqyFLiqov9axDC-cFpjqwabOYHex_CWmmw,"Amazing app, loaded with adjustments. I would give 5stars EXCEPT when saving the image it completely messes up the color profile. It looks terrible on PC and requires adjustments in rgb values and color tint. The amounts are roughly consistent from photo to photo. The problem may not be obvious depending on the photo but is clear when the external color filter is used. Ps.: I'm aware of the bright/contr/satur reduction when smartphone images are viewed on PC. That's not it.",3,84,2.19.0.201907232,2019-09-28 03:04:28,,,most_relevant,com.niksoftware.snapseed,amazing app loaded with adjustments i would give 5stars except when saving the image it completely messes up the color profile it looks terrible on pc and requires adjustments in rgb values and color tint the amounts are roughly consistent from photo to photo the problem may not be obvious depending on the photo but is clear when the external color filter is used ps im aware of the brightcontrsatur reduction when smartphone images are viewed on pc thats not it,PERFORMANCE_BUG,0.4502798470906305
44484,gp:AOqpTOGFMff-qA4gFhMdM-661q8-nbP4GY1mFIsfeGEhnNzDGQaRfut9L4XXfdadTWIzntpJTnovLiaYP-ihgQ,Jim Grace,https://play-lh.googleusercontent.com/a-/AOh14GirGRXP1VIYs0lOfkCbeZJ8JE0UC2DFaFVLNhUwIw,"Take everything good about Google Play Music and throw it away, and this is what you get. Want to shuffle songs by a certain artist? Sure! ...assuming you don't want to shuffle all their songs, just the first 50 or so (and you aren't using the Android TV version, which doesn't allow shuffling at all). Want to listen to the music you own on a google home that you also own? Better pay for a subscription, too. Not to mention that the first song you listen to always freezes after a few seconds.",1,0,4.12.50,2021-02-04 00:15:26,,,newest,com.google.android.apps.youtube.music,take everything good about google play music and throw it away and this is what you get want to shuffle songs by a certain artist sure assuming you dont want to shuffle all their songs just the first 50 or so and you arent using the android tv version which doesnt allow shuffling at all want to listen to the music you own on a google home that you also own better pay for a subscription too not to mention that the first song you listen to always freezes after a few seconds,PERFORMANCE_BUG,0.45036908734254083
12090,gp:AOqpTOGkx8wYpFUusN8bEsKyWKLUKaerJqIMxHC4LxWY6kDqwqx7s9C1Hgeqg4bWPNiLRNN8ky9Y7UJXxkeAuA,Jorge Salinas,https://play-lh.googleusercontent.com/a-/AOh14GjJJoIMXzdmNBrI6R6T7p5x9qB4qRk2kbOxLRTrcg,"This app is horrible, why would I let google factory reset my phone when I just need it for school. Google apps have not needed this level of security for a SCHOOL account. This is unessesary.",1,17,,2020-04-21 22:31:15,,,most_relevant,com.google.android.apps.enterprise.dmagent,this app is horrible why would i let google factory reset my phone when i just need it for school google apps have not needed this level of security for a school account this is unessesary,LOGIN_BUG,0.45075773252863854
62353,gp:AOqpTOE4p1Tl_hvL8MBzyeg4DYjohIGrrl0QCDkbLJPAzf-q1nozTV20xgJsjpcw49ZPkjJPwb6h7-6tdpsRUQ,Pastor Biodun Soretire,https://play-lh.googleusercontent.com/a-/AOh14GjHxaMPmYai6kn8CxaUju1fuN7jM6UoekUpTgkCxA,"Google messages is giving serious harrowing problem these days with the sending of mass text messages. Even with my clicking allow severally on the noisome request menu for permission for mass text, almost 2/3 of my group message to about 199 contacts will fail and I will have to be clicking retry for each individual contact. This is very annoying. Google do something about this quickly!",1,5,7.1.084 (Hickory_RC10.phone_dynamic),2021-01-28 10:09:33,"Hi there. We're sorry to hear that. Please see this link: https://goo.gle/2QKhL7g. If you are still experiencing issues, please submit a feedback within the Messages app by tapping the three dot menu in the top right corner - Help & Feedback - Send Feedback. Thank you. Hope this helps.",2021-01-28 14:59:43,most_relevant,com.google.android.apps.messaging,google messages is giving serious harrowing problem these days with the sending of mass text messages even with my clicking allow severally on the noisome request menu for permission for mass text almost 23 of my group message to about 199 contacts will fail and i will have to be clicking retry for each individual contact this is very annoying google do something about this quickly,UI_BUG,0.4508018332645306
59179,gp:AOqpTOERGPSWeBTlCrV1ClGpVqlC-UHUCNHaVDSeqmF4owDa4U3umDAwlwfG06vq3mz3TyRXSarXmMpO8WTdVg,John Burgess,https://play-lh.googleusercontent.com/a-/AOh14GgA5NvwFIwPuIh0YY22-rRIuWj7u9VUwwRWSUm3RQ,It is a nice little app to get you started with 2FA from a reputable organisation. It is sadly lack a few functions that should be standard. When you get more that 4 or 5 accounts to authenticate it can be hard to locate them. A simple filter search or ability to sort alphabetically would help massively.,3,3,5.00,2019-04-23 15:34:38,,,most_relevant,com.google.android.apps.authenticator2,it is a nice little app to get you started with 2fa from a reputable organisation it is sadly lack a few functions that should be standard when you get more that 4 or 5 accounts to authenticate it can be hard to locate them a simple filter search or ability to sort alphabetically would help massively,LOGIN_BUG,0.4509768289725671
30155,gp:AOqpTOHhHT-liVl7ee9wsa4sI73LlppNx6Xsw6Fb4W1omq8yyLsdMPUWhByNhNMXPQ1GV5CTkL04zOciNOE,Martina Ellis,https://play-lh.googleusercontent.com/a-/AOh14Gg2XMe7GLrN4G1aGpwX2fEU7DftxMsNmMSw-Mmhg34,I been using this for years and enjoyed listening to my music with out ads. Now I have to use you tube music to hear my music? And it didn't even transfer all my music to you tube. Good thing all my music is on my computer and I will download my music I purchased and use Samsung music app....,2,1,8.28.8913-1.V,2020-11-12 07:35:02,,,most_relevant,com.google.android.music,i been using this for years and enjoyed listening to my music with out ads now i have to use you tube music to hear my music and it didnt even transfer all my music to you tube good thing all my music is on my computer and i will download my music i purchased and use samsung music app,PERFORMANCE_BUG,0.4509992699601875
19977,gp:AOqpTOEof9v59KPS_7U8XXdSpclxDctCcTSYfy2Ypae3oMPuPvA7jCV3K4uVdC0Yz6UglzoHinfY7mh-V1yzC-w,Angel W.,https://play-lh.googleusercontent.com/-uh7yD5z7c-E/AAAAAAAAAAI/AAAAAAAAer8/AMZuucmtIK1ITy0m1_RZq9RMN_Si0MPBAw/photo.jpg,"Same issue as most users here. Pixel 2 camera has stopped working. Sometimes it will just not load (camera app interface, but no image,) other times an error message will pop up stating to close the app. Most often, it will open the front end camera with an error message to close the app. Camera was fine and dandy pre-update. So I assume it's a software issue as much as the csr deflects it. No amount of troubleshooting has been successful. RIP google camera, it was good while it lasted.",1,65,8.1.101.345618084,2020-12-18 17:35:42,,,most_relevant,com.google.android.GoogleCamera,same issue as most users here pixel 2 camera has stopped working sometimes it will just not load camera app interface but no image other times an error message will pop up stating to close the app most often it will open the front end camera with an error message to close the app camera was fine and dandy preupdate so i assume its a software issue as much as the csr deflects it no amount of troubleshooting has been successful rip google camera it was good while it lasted,UI_BUG,0.4510759261653214
19055,gp:AOqpTOEBgY9KzKJsytPdSLvgqVYsdsDPWAjsakLJgqxbYWoIS-P7qwSkZW0x8I0hnv6B9dV90aBgMZlkTKAEcA,Peter Kemp,https://play-lh.googleusercontent.com/a-/AOh14GhBI7H1De_0wjhV4HOmvmlC2rVBrBm4IkfRauga,"Awful, unreliable, uninstalled! Wouldn't show the same data on two separate android devices (same account), would show a figure for heart points then later in the day it would be less?? Have different distances to the apps it was getting the data from even though the step count matched. Logged indoor rowing workouts from Polar beat app but not runs/walks from the same app?",2,0,,2021-01-22 17:17:14,,,newest,com.google.android.apps.fitness,awful unreliable uninstalled wouldnt show the same data on two separate android devices same account would show a figure for heart points then later in the day it would be less have different distances to the apps it was getting the data from even though the step count matched logged indoor rowing workouts from polar beat app but not runswalks from the same app,LOGIN_BUG,0.45130685209815824
28734,gp:AOqpTOH0b783Jdo-J8sVzbjFmx5XiBIiFr-aWfZCMbGJJLv0p838nm19FNmpg_AXeheDRPDRZwcmYOqmG4qtTA,Makros Irs,https://play-lh.googleusercontent.com/-Ln2wQatAc-8/AAAAAAAAAAI/AAAAAAAAAAA/AMZuuclkmQLTfWkVpP0FpzXhExy_HNPUQg/photo.jpg,"Whenever I stop the location service and then restart the location service after some time and then go to the google maps app; the app does not detect my current location for a long time. I checked whether my GPS hardware had failed but another app ""here wego"" detects my location just fine instantly. This becomes a bummer as ""here wego"" does not have updated data regarding surrounding places in comparison to google maps but i cannot use the latter as it does not detect my location properly.",1,0,10.58.2,2021-01-26 05:39:20,Hi there. This article has some great tips on getting the most out of your location on maps. http://goo.gl/NPLSRY.,2021-01-26 21:33:34,most_relevant,com.google.android.apps.maps,whenever i stop the location service and then restart the location service after some time and then go to the google maps app the app does not detect my current location for a long time i checked whether my gps hardware had failed but another app here wego detects my location just fine instantly this becomes a bummer as here wego does not have updated data regarding surrounding places in comparison to google maps but i cannot use the latter as it does not detect my location properly,PERFORMANCE_BUG,0.4513418304254346
5216,gp:AOqpTOE3aSrMVxE_RqIE_I7P-JtTSqzMQQ7tCP8_3e8v8KFfozlaTSdinM9GNG80gnvfBl-1xtNmxxpJ7SHnNQ,R M,https://play-lh.googleusercontent.com/a-/AOh14Gi1tztyBJRHeRpb-4Oxg-gkUZZ_OewCPd9-nwhRPHE,Obviously its part of a life now but there's one thing I'm irritated about. I sm trying to put Google in dark mode but even when my whole system is in dark mode my google still comes in light mode. I tried everything that could be done from my phone and even updated Google but still the search bar only becomes black but rest is all in light mode. Its kind of frustrating. I don't know if you can do anything but if you could it will be good,3,81,11.43.6.23.arm64,2021-01-20 01:15:11,,,most_relevant,com.google.android.googlequicksearchbox,obviously its part of a life now but theres one thing im irritated about i sm trying to put google in dark mode but even when my whole system is in dark mode my google still comes in light mode i tried everything that could be done from my phone and even updated google but still the search bar only becomes black but rest is all in light mode its kind of frustrating i dont know if you can do anything but if you could it will be good,PERFORMANCE_BUG,0.45135189811275256
11354,gp:AOqpTOGVsbyf8QrICYzdsuXpit4YzXOpeevzunyiYlDxg38P3iIgEKSHRizP6xM6BxDyyhgZod2zaAdQEes0tEk,Bill Stewart,https://play-lh.googleusercontent.com/a-/AOh14GisceE7DGDkAT28GQaORLTdmTamMLCeCfBeFUWcJQ,"Unfortunately, Google's clock app is missing the ability to select a specific arbitrary future date and time to set an alarm. Dear Google developers: Please add this feature as sometimes we need to set an alarm for an specific arbitrary future date and time. I think adding this feature would be quite helpful to a number of people. When my daughter and I moved from Samsung to Motorola devices, we immediately noticed that this the Google clock app can't do it (Samsung's clock app can!). 5 stars if this feature gets added. Thanks!",3,12,6.2.1 (280557501),2020-01-23 22:29:50,,,most_relevant,com.google.android.deskclock,unfortunately googles clock app is missing the ability to select a specific arbitrary future date and time to set an alarm dear google developers please add this feature as sometimes we need to set an alarm for an specific arbitrary future date and time i think adding this feature would be quite helpful to a number of people when my daughter and i moved from samsung to motorola devices we immediately noticed that this the google clock app cant do it samsungs clock app can 5 stars if this feature gets added thanks,UI_BUG,0.45138546869680984
79625,gp:AOqpTOGMC6Ujz2ZbG3bvZ4_1ikStBhVctgSm198tNXqizx9CZzM-bHfA7Y0Cx-q1nx0dpCtuzUza5g2WA_DA6w,TalCre Arts,https://play-lh.googleusercontent.com/a-/AOh14GhVa9cIN9u-CNIqrLGA886iCtD7zKPFUPTfvZ3zDQ,I know this app is designed for phones. But it states on my android phone that it isn't compatible. I haven't tried it on my iPhone yet because iPhone ratings and reviews are aren't impressive. I downloaded this app to my android tab because I wanted to see the views in 360• enlarged. The cardboard views (video) are quite blurry. But the views from other apps (1 other app with static views) are clear. I will give a better rating if I am ever able to try it on a phone and it works good.,3,18,1.8,2017-02-21 12:10:16,,,most_relevant,com.google.samples.apps.cardboarddemo,i know this app is designed for phones but it states on my android phone that it isnt compatible i havent tried it on my iphone yet because iphone ratings and reviews are arent impressive i downloaded this app to my android tab because i wanted to see the views in 360 enlarged the cardboard views video are quite blurry but the views from other apps 1 other app with static views are clear i will give a better rating if i am ever able to try it on a phone and it works good,UI_BUG,0.45144674334208307
62377,gp:AOqpTOH13bxDCkHvgZqsSWVVZq0kg3wjgoVtEVhcD_AHOQU6mscghC7nFITS6d5862TBUhwKh910tvQZhci5vQ,Summer,https://play-lh.googleusercontent.com/a-/AOh14GiLrVt5AIm5hj5i70NqlcI6JbRQuayDbc6kV3of4A,"Since new ""bug fixes"" 27/1 my sent messages cannot be seen at all until I exit out of the app and then return. It's also slower, has been freezing & I've not been getting any messages with attachments through.",1,0,7.1.084 (Hickory_RC10.phone_dynamic),2021-01-28 12:33:09,"Hi, Summer. Can you try to uninstall and reinstall the Messages app itself? Open the Play Store app > search Messages app > Uninstall > Reinstall/Update. If this doesn't help, please visit our Community Forum for any additional assistance: https://goo.gle/2QL888m.",2021-02-01 14:48:07,most_relevant,com.google.android.apps.messaging,since new bug fixes 271 my sent messages cannot be seen at all until i exit out of the app and then return its also slower has been freezing  ive not been getting any messages with attachments through,PERFORMANCE_BUG,0.45151305278416826
35168,gp:AOqpTOGeHWdB01yP5vonSVN1ZSOBjibK9_tXiY-03tTHBoXNkeKr8sB3zRM0xAG86GxbtnoUT-DUbvK6GoB1JOk,Karen Chisholm,https://play-lh.googleusercontent.com/a-/AOh14Ggj1sHYeuhIkxQm5TVB1ximC81WlFvtjYjuH4LTsw,Lately the app is getting stuck on an open email and won't go back to inbox. Is that likely to be the app or the phone? Phone is Android and relatively new. I would also like to be able to delete more than one email at a time from the inbox on the app. It would also be good to be able to add my signature that is in my gmail on my laptop.,3,7,2020.11.15.344277575.Release,2020-12-12 04:30:18,,,most_relevant,com.google.android.gm,lately the app is getting stuck on an open email and wont go back to inbox is that likely to be the app or the phone phone is android and relatively new i would also like to be able to delete more than one email at a time from the inbox on the app it would also be good to be able to add my signature that is in my gmail on my laptop,PERFORMANCE_BUG,0.45165974460621955
36321,gp:AOqpTOGF__EavY87Mz3Fdkvrz_r1Or3XqFnnFrMfNcrSWl8E0Nip7PVuLqGxipL4scD6T4YP7dwAsi9da_V3tA,Kim Tata,https://play-lh.googleusercontent.com/a-/AOh14Gg-svL9zwKj60EmHYY3P-fyS2xT1M_Vc1G-5pqg,"Been using this for years. And I'm planning to factory reset my phone so I have to save all the notes in Google Keep for it has a lot of important stuffs. But when I tried to open my Google keep from other phone, the notes there was not updated—February prior. And since I've already written a lot of works, it would be a distress. I've tried syncing it. But still—it doesn't work. Hope this will be okay soon! Thank you!",3,272,5.20.491.01.40,2020-12-21 13:39:08,,,most_relevant,com.google.android.keep,been using this for years and im planning to factory reset my phone so i have to save all the notes in google keep for it has a lot of important stuffs but when i tried to open my google keep from other phone the notes there was not updatedfebruary prior and since ive already written a lot of works it would be a distress ive tried syncing it but stillit doesnt work hope this will be okay soon thank you,PERFORMANCE_BUG,0.4516927965010178
72311,gp:AOqpTOEHRzoBy2pFx654wpbeg8gdObRhMBxDil1Ic2ZLk3iP9D49XK7g88xyH-tyzwDKtcWq9oW_-EBM8fWDOg,Irene S,https://play-lh.googleusercontent.com/-qONGHHYnA-U/AAAAAAAAAAI/AAAAAAAAAAA/AMZuucmsgPLH8KheNJNiKXXYfmLM9zwsmQ/photo.jpg,"It doesn't play to my car Bluetooth like Play Music does. Update 11/2020: Finally figured out how to play in my car (certain amt. of acrobatics involved), but here's something that drives me nuts - it doesn't automatically recognize that you've already listened to a podcast; you have to manually ""Mark as played"" So, my verdict is still Inferior To Play Music.",3,7,1.0.0.301897054,2020-11-27 18:29:50,"Hi Irene. Thanks for sharing your feedback with us. We're always working to improve Google Podcasts, and we'll take your suggestion into account as we design our upcoming roadmap.",2020-11-27 19:00:15,most_relevant,com.google.android.apps.podcasts,it doesnt play to my car bluetooth like play music does update 112020 finally figured out how to play in my car certain amt of acrobatics involved but heres something that drives me nuts  it doesnt automatically recognize that youve already listened to a podcast you have to manually mark as played so my verdict is still inferior to play music,PERFORMANCE_BUG,0.45186558644538255
6392,gp:AOqpTOE2WPhLZY6gmx5GLMX-duMJOReCOhOeZJLtIy8P-HVrXcdP6-5EIB6t2G7Icl-LYXfy70FVEkPNwzzv_A,Gary R,https://play-lh.googleusercontent.com/a-/AOh14GiqP9bCE1ZjxIQSeMr6C0ut8BIpjwrqGnKylnDjUxY,"HEY GOOGLE, EXPECT ME AS I DON'T CARE ABOUT OTHERS AS FAR AS BEING ON THEIR PHONES ALL OF THEIR LIVES BUT I'VE HAD IT, AS I SHOULD HAVE BEEN SPENDING COUNTLESS HOURS WITH MY MOM WHO PASSED AWAY AT THE QUEENS MEDICAL CENTER IN HONOLULU HAWAII AFTER A SILENT KILLER, AS HER BRAIN BLED, PROFUSELY, CALLED A MASSIVE HEMORRHAGE AMD WITHIN 2 DAYS, SHE WAS GONE. GOOGLE PAY, I THINK IT SU.....KS! SHOULD BE ONE BUT I DON'T THINK CRITICIZING TO THAT EXTENT IS FEASIBLE AS THAT'S HOW THEY MAKE THEIR MONEY....",2,0,2.119.340301324,2020-12-02 01:49:48,,,newest,com.google.android.apps.walletnfcrel,hey google expect me as i dont care about others as far as being on their phones all of their lives but ive had it as i should have been spending countless hours with my mom who passed away at the queens medical center in honolulu hawaii after a silent killer as her brain bled profusely called a massive hemorrhage amd within 2 days she was gone google pay i think it suks should be one but i dont think criticizing to that extent is feasible as thats how they make their money,UI_BUG,0.45200797895476846
62529,gp:AOqpTOEfW_2BXvKQpps2_URjpTWf_L5168LlZTzFwntIPz7HylTFw1LwzoPNN38YiIT8buSxXMySOT7e1ZuM1Q,Edge 12,https://play-lh.googleusercontent.com/a-/AOh14GhzSt89hDGvYluIDWX7nU41-l3uHYx9qPeLJweZ,"Notification light functions only on select messages. Also I've lost the bubble function even though it's on since I updated the app. Still needs more features like pin to top, private box, foldered strangers messages.",2,1,7.1.084 (Hickory_RC10.phone_dynamic),2021-01-26 14:05:13,Hi there. Thanks for your suggestion! We'll continue working on improving Messages to make it even better. You can also submit a feedback inside the Messages app by clicking the Menu button then the 'Support' tab and tap 'Send Feedback'. We love to hear from our passionate users. Thanks for being a part of the #MessagesCommunity,2021-01-26 17:21:37,most_relevant,com.google.android.apps.messaging,notification light functions only on select messages also ive lost the bubble function even though its on since i updated the app still needs more features like pin to top private box foldered strangers messages,PERFORMANCE_BUG,0.45215812741550543
52808,gp:AOqpTOGkwOGWDZm9_mvnvUTWeI8KzbiGMkFRLwdkR-e4Cw8JCmklyau2GgQNCAN0jETfQlAiM1EFKRFJyMDU_4w,Franz Gregory Maala,https://play-lh.googleusercontent.com/-awfdsFyRzo8/AAAAAAAAAAI/AAAAAAAAAAA/AMZuuck4J1SkG-R3lQ8qggjTejtKwZTg2Q/photo.jpg,Panira ng device dinelete ni google yung account ko hindi na marecover,1,0,,2021-02-03 14:36:52,,,newest,com.google.android.apps.kids.familylink,panira ng device dinelete ni google yung account ko hindi na marecover,LOGIN_BUG,0.45231925085078845
58065,gp:AOqpTOESc4eUwmJu6HsaJRIk6D5VmNXDIRpwrDspnfX2qJfKTwUpcxY3ppoVr-obvmC9J-t6mFWdYlLw1MlgEw,Tammy B,https://play-lh.googleusercontent.com/a-/AOh14GjheUN9Nw4wwBQCKi1FA4o17MUnY0otrOsIT8ZXDQ,"Why is this app no longer responding like it used to.. such as weather and "" play"" like play (Pandora"") open email? 🤷🏼‍♀️🤦🏼‍♀️",3,0,0.1.187945513,2021-01-13 22:21:33,"Thanks for your review, Tammy! If your application has a problem, try the steps from the article: https://goo.gle/2H5hF5N. Alternatively, if you continue to experience issues with this, please create a post in our Google Assistant Help Community for our experts to assist: https://goo.gle/2Ts2BnR. Hope that helps.",2021-01-14 00:11:53,most_relevant,com.google.android.apps.googleassistant,why is this app no longer responding like it used to such as weather and  play like play pandora open email ,LOGIN_BUG,0.4524365964116332
49548,gp:AOqpTOHRW0NjXwBRwFeB6-w3Y6xvroJOvfL92q3F7bSOC74XekYQRF-A-d5b58c1OPhBah2ahDLFZmlGoY6CTA,Alex Santana,https://play-lh.googleusercontent.com/a-/AOh14Ggo4yUrEKgsNDA4oZmiG8XfOnuZBjohGiGuRqwCKQ,"Dont get me wrong the app is good but, everytime i try to call someone the call never goes through it always says contacting and my connection and the other persons connection is perfectly fine. Another thing to mention the videos sometimes get pixelated or blurry and always freeze (again nothing wrong with my connection). I dont know why these hiccups always happen when everything is perfectly fine with the phones/comnection.",3,9,117.0.346887590.DR117_RC06,2021-01-10 16:16:04,"Hi, Alex. Have a look at this guide to troubleshoot (see ""Fix video or sound issues on a call"" section): https://goo.gle/2vehGBn. If you are still experiencing issues, please submit a feedback inside the Duo app by tapping the three dot menu in the top right corner - Help & Feedback - Send Feedback. Thank you.",2021-01-10 16:34:44,most_relevant,com.google.android.apps.tachyon,dont get me wrong the app is good but everytime i try to call someone the call never goes through it always says contacting and my connection and the other persons connection is perfectly fine another thing to mention the videos sometimes get pixelated or blurry and always freeze again nothing wrong with my connection i dont know why these hiccups always happen when everything is perfectly fine with the phonescomnection,PERFORMANCE_BUG,0.45245365433408996
49323,gp:AOqpTOHwJOgAKIxDa3_7UZaFNgIlzusupk4H6f7msGNWJWCEMxUCIMc2MUjIgqJrCIuwlHyj_W7LPdCUV4IIVA,lana Malley,https://play-lh.googleusercontent.com/a-/AOh14Gg8MDXMi4CunGRnIGz9jDBDLe08nLuDZmv9o8wcS80,"Usually awesome but for some reason the past few days I haven't gotten any alerts if someone is calling and when I try to call someone it just says dialing..so Im not receiving any calls nor can I cal,there's no updates or anything please help",2,0,122.0.351694860.DR122_RC02,2021-01-23 03:00:17,"Hi, Lana. Have a look at this guide to troubleshoot (see ""Fix problems with calls"" section): goo.gle/3gLj8NL. If you are still experiencing issues, please submit a feedback within the Duo app by tapping the three dot menu in the top right corner - Help & Feedback - Send Feedback. Thank you.",2021-01-23 14:04:40,most_relevant,com.google.android.apps.tachyon,usually awesome but for some reason the past few days i havent gotten any alerts if someone is calling and when i try to call someone it just says dialingso im not receiving any calls nor can i caltheres no updates or anything please help,PERFORMANCE_BUG,0.45258939302714596
10173,gp:AOqpTOFNFJFcgHMHQiRH5Z0As8sXNOzJFjjlCR-_akI1j8r_3Mb2ddVLzndkaFicXEJ6Tn0ClX-NKmd7PTPsWRo,Googler Here,https://play-lh.googleusercontent.com/a-/AOh14GjEszPa-iJe2XrmaxqoCSMWIbip7fTQf0cZUziyimg,1. I get an error msg that wont allow screenshots. 2. Incognito automatically closes my tabs although Ive changed the settings in extensions. 3. Im not getting notifications. 4. Downloads are still automatic and dont ask where to be saved.,3,1,87.0.4280.141,2021-01-21 21:19:03,,,most_relevant,com.android.chrome,1 i get an error msg that wont allow screenshots 2 incognito automatically closes my tabs although ive changed the settings in extensions 3 im not getting notifications 4 downloads are still automatic and dont ask where to be saved,UI_BUG,0.45262367942018905
9169,gp:AOqpTOFx6yaEbtmag6oF5yzmKMCf2f2ymS8K7plx1YGxf5JkVf5FB1yGSUjCyiKiZwCajhchVCvRKbDx2BZIRA,Jane,https://play-lh.googleusercontent.com/a-/AOh14GgYv8xAMhw9A1eQ4V1KCR_ofnaL6jcs8zLVuKJozQ,"I still don't like the layout and it would be great if it can add a phone call with the number being pulled from contacts. Currently I have to copy and paste into the calendar entry. Also, as soon as it synced my original calendar, I cannot delete entries. I currently have 3 voicemail birthdays that I cannot delete and old repeated entries from 5 years ago.",3,109,2020.52.0-349198216-release,2021-01-18 17:23:25,,,newest,com.google.android.calendar,i still dont like the layout and it would be great if it can add a phone call with the number being pulled from contacts currently i have to copy and paste into the calendar entry also as soon as it synced my original calendar i cannot delete entries i currently have 3 voicemail birthdays that i cannot delete and old repeated entries from 5 years ago,LOGIN_BUG,0.45271411992412747
8803,gp:AOqpTOFx6yaEbtmag6oF5yzmKMCf2f2ymS8K7plx1YGxf5JkVf5FB1yGSUjCyiKiZwCajhchVCvRKbDx2BZIRA,Jane,https://play-lh.googleusercontent.com/a-/AOh14GgYv8xAMhw9A1eQ4V1KCR_ofnaL6jcs8zLVuKJozQ,"I still don't like the layout and it would be great if it can add a phone call with the number being pulled from contacts. Currently I have to copy and paste into the calendar entry. Also, as soon as it synced my original calendar, I cannot delete entries. I currently have 3 voicemail birthdays that I cannot delete and old repeated entries from 5 years ago.",3,109,2020.52.0-349198216-release,2021-01-18 17:23:25,,,most_relevant,com.google.android.calendar,i still dont like the layout and it would be great if it can add a phone call with the number being pulled from contacts currently i have to copy and paste into the calendar entry also as soon as it synced my original calendar i cannot delete entries i currently have 3 voicemail birthdays that i cannot delete and old repeated entries from 5 years ago,LOGIN_BUG,0.45271411992412747
59162,gp:AOqpTOGaHnm2ZUBlDBOWQAitSGcdh97p9b_5WuMB8TM2WjH1iA1s52RCc422qaQXpo9iRuhKYxOLV_PZa0xDIQ,Taylor Kent,https://play-lh.googleusercontent.com/a-/AOh14GhMOc_ZTYwPv6eZaUHmzZvaiekcPd_n8jwqFp_Fuw,"It works, pretty basic. Re-ordering is clunky. Need Wear OS support back!!! I switched from a Pixel 3a to Pixel 4 last week. Authenticator was working on my Gen 5 Fossil watch with the Pixel 3a. Tried a dozen troubleshooting steps, now Authenticator doesn't show at all in Play store on watch. Not having to pull out my phone and/or switch screens to get codes is HUUUGE. I have like thirty accounts in the app.",3,25,5.10,2020-05-12 15:05:25,,,most_relevant,com.google.android.apps.authenticator2,it works pretty basic reordering is clunky need wear os support back i switched from a pixel 3a to pixel 4 last week authenticator was working on my gen 5 fossil watch with the pixel 3a tried a dozen troubleshooting steps now authenticator doesnt show at all in play store on watch not having to pull out my phone andor switch screens to get codes is huuuge i have like thirty accounts in the app,UI_BUG,0.45272127884056695
82020,gp:AOqpTOFkI7WS59qw0mpXmZkZdgGvubaaY4GNw0_3xEWnG7n41shDdVHR7cH0hmz0inMmdku_V-CWrHAVE32Dfsg,John Harvey,https://play-lh.googleusercontent.com/a-/AOh14Gi_YeG-HrB5gedWvhS1D4lgFjRHFtdPiseia0PHVUA,"I was getting warnings that I was running out of space on my Google Drive and my only option was to upgrade to Google One. I select the first option which was 100 GB for $1.99 but it said I was still out of space. I selected the second option which was 200 GB for $2.99 and I just under 200 GB The next day my drive was way back down below 100 GB but it won't let me revert back to the 100 GB plan, that options now gone. What's going on Google, what kind of screwy data scam are you running?",3,79,1.27.248451069,2019-06-02 12:21:49,Hi John. Have you tried connecting with a Google One expert? Check the support tab in your app for options. Hope this gets resolved.,2019-07-02 22:09:43,most_relevant,com.google.android.apps.subscriptions.red,i was getting warnings that i was running out of space on my google drive and my only option was to upgrade to google one i select the first option which was 100 gb for 199 but it said i was still out of space i selected the second option which was 200 gb for 299 and i just under 200 gb the next day my drive was way back down below 100 gb but it wont let me revert back to the 100 gb plan that options now gone whats going on google what kind of screwy data scam are you running,UI_BUG,0.4528012583765917
56344,gp:AOqpTOFxENuu0l7CGeQPntQituP0K1EhSIn4Apk6XBAtUQemywRdy6-opFVoXRYLsSfwNCooVPPHRotDIwRRkw,Mahendra,https://play-lh.googleusercontent.com/a-/AOh14Gh-JhsbBJoFgSNofR_68W6pQi1qkfL9HzFQlbnpGA,"The app should contain some smart feature like switching on the phone and turn on location of the phone from other phone by logging in the email used in lost phone. We can ring our phone just by making it a phone call from another phone, so nothing extraordinary in this. It should be useful if someone switches off our device. Google should work on it.",1,18,2.4.033,2021-01-14 15:11:21,,,most_relevant,com.google.android.apps.adm,the app should contain some smart feature like switching on the phone and turn on location of the phone from other phone by logging in the email used in lost phone we can ring our phone just by making it a phone call from another phone so nothing extraordinary in this it should be useful if someone switches off our device google should work on it,LOGIN_BUG,0.45282727618747354
50994,gp:AOqpTOEZJzP755fYfNIqBtCnseethsORJVsZk-Pwrrl9Fcra0f0nCC0O-1Y0Y7fD64Exs2RcG7Vsv88JPC_mJIw,omoigiafo deborah,https://play-lh.googleusercontent.com/a-/AOh14Gi_C3y7ZOiaWnc7pBpU5aHdeaBWHRtzPk76yCKKOw,"Been Awesome so far.. though I have issues with verification process..the postcard thing does not work.. can verification codes be sent via email, rather than wait for a postcard that never arrives?",3,5,3.31.0.338554128,2020-11-24 04:49:41,,,newest,com.google.android.apps.vega,been awesome so far though i have issues with verification processthe postcard thing does not work can verification codes be sent via email rather than wait for a postcard that never arrives,LOGIN_BUG,0.45283775013272615
50720,gp:AOqpTOEZJzP755fYfNIqBtCnseethsORJVsZk-Pwrrl9Fcra0f0nCC0O-1Y0Y7fD64Exs2RcG7Vsv88JPC_mJIw,omoigiafo deborah,https://play-lh.googleusercontent.com/a-/AOh14Gi_C3y7ZOiaWnc7pBpU5aHdeaBWHRtzPk76yCKKOw,"Been Awesome so far.. though I have issues with verification process..the postcard thing does not work.. can verification codes be sent via email, rather than wait for a postcard that never arrives?",3,5,3.31.0.338554128,2020-11-24 04:49:41,,,most_relevant,com.google.android.apps.vega,been awesome so far though i have issues with verification processthe postcard thing does not work can verification codes be sent via email rather than wait for a postcard that never arrives,LOGIN_BUG,0.45283775013272615
32332,gp:AOqpTOGxk5sS8vlzb7MHh80u0plQqVNStvOjPGoPmjB819IVm7-fU9JcusYdYfEd-lUGqrjOpog5MFl8Irvx_K8,Daniel H,https://play-lh.googleusercontent.com/a-/AOh14GhBXAZnmVX2nvVxjrt83knj9eJRenlh1CZRX4J9FF4,"Don't get me wrong, I love Google photos. But I hate this newest update to the UI. I feel like I am using an app designed for four year olds. Not the uber-powerful sleek app it is. V. Disappointed. *Edit* Changing photo storage rules is very harsh. That's a very apple'ish move to make. May as well hang on to my Pixel1 for as very long as possible and keep the unlimited original storage.",1,24,5.24.0.350451811,2021-01-20 20:16:08,,,most_relevant,com.google.android.apps.photos,dont get me wrong i love google photos but i hate this newest update to the ui i feel like i am using an app designed for four year olds not the uberpowerful sleek app it is v disappointed edit changing photo storage rules is very harsh thats a very appleish move to make may as well hang on to my pixel1 for as very long as possible and keep the unlimited original storage,UI_BUG,0.4529747555797242
60091,gp:AOqpTOHRLWmAWcyh5j39BWQtDmvJchHMZz1vreX-rt_EHPbnZF1QFrsBM19QMk3StOoU76cBEdtRW84J7q2XPA,Ritik pathak,https://play-lh.googleusercontent.com/a-/AOh14GhOUeevJGoGyXcTiBZkYRPpkR4_jZ5VkiGFc3YLdA,"Whether you're commissioning new books or reviewing book proposals from authors, use this app to delegate parts of the review process to your editors. View all submitted drafts and make decisions based on the detailed reports your editors upload. For example, re-assign an editor to review shorter documents based on how many drafts they get through a week.",2,4,,2021-01-10 01:25:51,,,most_relevant,com.niksoftware.snapseed,whether youre commissioning new books or reviewing book proposals from authors use this app to delegate parts of the review process to your editors view all submitted drafts and make decisions based on the detailed reports your editors upload for example reassign an editor to review shorter documents based on how many drafts they get through a week,PERFORMANCE_BUG,0.4530481162544745
10019,gp:AOqpTOFMTuyCGh_izOk3fBmvVxoAu7ARpsRlZsiaFR0nyWAVyThUjN_PRCs3BrFpT910ozP29VtGjPkP3VpgfN4,Trenton Whaley,https://play-lh.googleusercontent.com/a-/AOh14GgXJhp1pINILb7CTWXyA3t4kQiT8HqDJJDBZZwk4w,"First thing's first; if the application could show support for the newer tablets that have been coming out (e.g. Galaxy Tab S7 & S7+), and not force me to use mobile websites, that would be amazing. Even if I were to do that, and select ""Desktop Version"" within the app, it would still load the mobile version of many sites. Also, please add support for 120hz refresh rate. It would make the immersion of working so much smoother and more fun! Thank you, Chrome devs!",3,29,88.0.4324.93,2021-01-30 01:57:36,,,most_relevant,com.android.chrome,first things first if the application could show support for the newer tablets that have been coming out eg galaxy tab s7  s7 and not force me to use mobile websites that would be amazing even if i were to do that and select desktop version within the app it would still load the mobile version of many sites also please add support for 120hz refresh rate it would make the immersion of working so much smoother and more fun thank you chrome devs,PERFORMANCE_BUG,0.4530723633498046
44334,gp:AOqpTOFQUv_Lc1susEw1gV8HsE-zDQQbOd_O53JxD7ODjnYrlArCuD8Gyn4tuhoXgvQl1ui2wS15iePIRM42_A,Matthew Ballew,https://play-lh.googleusercontent.com/a-/AOh14GgQENX96REEWS5OlU6VItHrYUFQ6wm1x_aGiHP5zy0,"Absolutely a terrible execution for this app. They had a wonderful version (Google Play Music) and nixed it for this. You cannot use repeat on a consistent basis. In order to load a large playlist, you have an inconvenient workaround. When using bluetooth or casting, it behaves differently. I would recommend to avoid this app and the paid service to go with it.",1,0,4.12.50,2021-02-01 19:01:35,,,most_relevant,com.google.android.apps.youtube.music,absolutely a terrible execution for this app they had a wonderful version google play music and nixed it for this you cannot use repeat on a consistent basis in order to load a large playlist you have an inconvenient workaround when using bluetooth or casting it behaves differently i would recommend to avoid this app and the paid service to go with it,PERFORMANCE_BUG,0.453114230179776
81531,gp:AOqpTOGfFVhwFcEx1QGe9h6ajIQ4TIMkDQXusw5qariJWZV35NscOSj0UZyaC7__7mT_MjeQIPY8uosKpxImeJg,Anton Parks,https://play-lh.googleusercontent.com/a-/AOh14Gjb8-aORu1-sved9wUcyj0yS_ZPRGpbgnB0EESTvjw,I have been paying for storage through my $150 phone plan just to lose my job because google stopped sending me emails on Dec 21. You guys haven’t got back with me with answers or support why my google 1 isn’t updating and saying I have to buy it when I clearly have it for 5 devices. The last excuse was that I have a 11 se which makes no sense as I have google apps and a Android phone as well. My email should have the storage and it’s really messed up you guys take the money but didn’t respond at all which cost me my job at Amazon. Lastly I’m still waiting for a response . You guys really don’t care about the customer unless they are writing good reviews in support when the one with the issues should get the ear,1,4,1.81.345513717,2020-12-29 16:03:21,"Hi, Anton. For your privacy, we can't troubleshoot or investigate account specific issues as a result of Play Store Reviews. We'd recommend giving a Google expert another chance by reaching out in your app or at http://one.google.com. Thanks!",2020-12-29 18:17:53,most_relevant,com.google.android.apps.subscriptions.red,i have been paying for storage through my 150 phone plan just to lose my job because google stopped sending me emails on dec 21 you guys havent got back with me with answers or support why my google 1 isnt updating and saying i have to buy it when i clearly have it for 5 devices the last excuse was that i have a 11 se which makes no sense as i have google apps and a android phone as well my email should have the storage and its really messed up you guys take the money but didnt respond at all which cost me my job at amazon lastly im still waiting for a response  you guys really dont care about the customer unless they are writing good reviews in support when the one with the issues should get the ear,LOGIN_BUG,0.4531642602529828
72,gp:AOqpTOErOmVXPFQIhR0m4uCjqa3BKHf33ttmYLgLzWqgWG2MwD2hw6DX0lr3bLb2aS_iNfyW9PusmaSNb43D81A,Adam Wilson,https://play-lh.googleusercontent.com/-3r-UUHapGVo/AAAAAAAAAAI/AAAAAAAAAAA/AMZuucnet1JF_si26l3s2cboKk5jWl4FWw/photo.jpg,"It works really well on one phone, but it won't work at all on any other device. All it says is ""This account already exists on device"" Yeah it already exists on this device. That's why I'm trying to use this app in the first place",1,16,3.36.3.346104542,2020-12-26 19:46:35,,,most_relevant,com.google.android.contacts,it works really well on one phone but it wont work at all on any other device all it says is this account already exists on device yeah it already exists on this device thats why im trying to use this app in the first place,LOGIN_BUG,0.45324153338544826
31114,gp:AOqpTOF5sW2_eMEHI9T98cnn6zWWWowfZBZyiiYg6TdOQ9jYiIEZI7npOj7jnemJaI6C4B7xH7vQhE4VKTQZhA,Michael Brocklehurst,https://play-lh.googleusercontent.com/a-/AOh14GhnL4ae2zpUWCf5DEGzYaUxpoA-EFewR5W4NbQvjN4,"Constantly pushing pro democratic notifications. Have selected to see no more updates like this hundreds of times but they will not stop. The top two stories are always pro democratic stories and there is no way to make them that way otherwise. IDGAF about politics. I just want some sports and some local news, and I do but want any more notifications!",1,9,5.27.0.20102114,2021-01-10 20:48:37,,,most_relevant,com.google.android.apps.magazines,constantly pushing pro democratic notifications have selected to see no more updates like this hundreds of times but they will not stop the top two stories are always pro democratic stories and there is no way to make them that way otherwise idgaf about politics i just want some sports and some local news and i do but want any more notifications,PERFORMANCE_BUG,0.4533468195240403
35123,gp:AOqpTOH_m8ZZS6wJQvHtoXIGNXLwDkIyVetOnPOHHmXnYtwX8beUyBx0m600kRdByM1C2mAr0mU60_PeaqXOMuw,Dennis Xu,https://play-lh.googleusercontent.com/a-/AOh14Gg0zuKafoufwYKTSat4luIfe6uNDmkMeZ2X4aEJCA,"Limited functionality in key areas such as managing folders (called Labels). To add, delete, edit, or change the colour of folders you must use the web version of Gmail. It's not available on the app. Big fail. You can't delete individual emails from the Bin. You need to either wait 30 days (on an individual basis) or delete the entire Bin permanently. Otherwise it's just a basic email service. Not even close to being as content rich as Microsoft Outlook, though that may be preferred",3,111,2020.11.29.346182102.Release,2021-01-01 04:07:43,,,most_relevant,com.google.android.gm,limited functionality in key areas such as managing folders called labels to add delete edit or change the colour of folders you must use the web version of gmail its not available on the app big fail you cant delete individual emails from the bin you need to either wait 30 days on an individual basis or delete the entire bin permanently otherwise its just a basic email service not even close to being as content rich as microsoft outlook though that may be preferred,LOGIN_BUG,0.4534756313103407
91821,gp:AOqpTOFH7lQR8kr2NTtRKp_CHP21S_24UmlAmifDy-eh_AO_4AWja7u10bIoOS49WmuEXAR9eO3hWc_J9JH6QT0,Deepak Singh,https://play-lh.googleusercontent.com/a-/AOh14GjcA8RDGbw5ZAHd9UOm75XhnpM7cYQ8iXzfflDEbw,Still there are lots of possibilities. I used this app for approx half an hour and as per my expectations this app doesn't work. Dear Developer and Sundar Anna why don't you add sound recognition feature with volume control. Like the app will listen surrounding sounds and understand the individual sounds now if this happens we can control surrounding sounds by volume up and down. Like I am sitting on road and having conversation with friend so now I will slow down the vehicle/horn and up human.,3,5,,2019-07-29 00:49:51,,,most_relevant,com.google.android.accessibility.soundamplifier,still there are lots of possibilities i used this app for approx half an hour and as per my expectations this app doesnt work dear developer and sundar anna why dont you add sound recognition feature with volume control like the app will listen surrounding sounds and understand the individual sounds now if this happens we can control surrounding sounds by volume up and down like i am sitting on road and having conversation with friend so now i will slow down the vehiclehorn and up human,PERFORMANCE_BUG,0.45358775601894535
94203,gp:AOqpTOH4PPaA4BwkmwGG1e4uBkBpVGS_4s-z1N8pXZ6qHQbUnGsQMtOXZY6KZkeJxtyDGm9FMIr66-UvrDWdNxY,Paul Connor,https://play-lh.googleusercontent.com/a-/AOh14GinN-Fq8SliFWvrINCqcgmIDKRGSzmXUMKzRyH3KYE,"Great for an armchair wander around a gallery or two however it's got more bugs than a hostel bunk bed. Thu UI is very laggy, I have also noticed you can select and highlight text but cannot copy or use other such functions. All in all a very interesting app that enables me a sugar free version of visiting an actual museum or gallery but requires a little more polish. Thank you.",3,83,8.0.19,2020-12-27 01:11:12,,,most_relevant,com.google.android.apps.cultural,great for an armchair wander around a gallery or two however its got more bugs than a hostel bunk bed thu ui is very laggy i have also noticed you can select and highlight text but cannot copy or use other such functions all in all a very interesting app that enables me a sugar free version of visiting an actual museum or gallery but requires a little more polish thank you,PERFORMANCE_BUG,0.4535950738866677
94412,gp:AOqpTOH4PPaA4BwkmwGG1e4uBkBpVGS_4s-z1N8pXZ6qHQbUnGsQMtOXZY6KZkeJxtyDGm9FMIr66-UvrDWdNxY,Paul Connor,https://play-lh.googleusercontent.com/a-/AOh14GinN-Fq8SliFWvrINCqcgmIDKRGSzmXUMKzRyH3KYE,"Great for an armchair wander around a gallery or two however it's got more bugs than a hostel bunk bed. Thu UI is very laggy, I have also noticed you can select and highlight text but cannot copy or use other such functions. All in all a very interesting app that enables me a sugar free version of visiting an actual museum or gallery but requires a little more polish. Thank you.",3,83,8.0.19,2020-12-27 01:11:12,,,newest,com.google.android.apps.cultural,great for an armchair wander around a gallery or two however its got more bugs than a hostel bunk bed thu ui is very laggy i have also noticed you can select and highlight text but cannot copy or use other such functions all in all a very interesting app that enables me a sugar free version of visiting an actual museum or gallery but requires a little more polish thank you,PERFORMANCE_BUG,0.4535950738866677
12282,gp:AOqpTOEeQg81prmfoSiv0is5bX1lLj6W4cNxX2haeQO2Aho-tp4Q5lvFB6Mm1YVahbcujFdpbqwIDrs4_E76kA,Stanley Aniobi,https://play-lh.googleusercontent.com/a-/AOh14Gg0U-iv0nINTOFVB-69xMP7-gTw9IQWYl1p4pLg,"An interesting concept, only am left out cause I can't use my private google account as admin. Maybe Google should think of adding that provision. Then I would be so delighted and give it a big thumbs-up, no, two thumbs-up! GREAT WORK Google Developers",2,31,7.07,2016-10-14 14:25:34,,,most_relevant,com.google.android.apps.enterprise.dmagent,an interesting concept only am left out cause i cant use my private google account as admin maybe google should think of adding that provision then i would be so delighted and give it a big thumbsup no two thumbsup great work google developers,LOGIN_BUG,0.4537323120201027
44493,gp:AOqpTOF78qNZ3r08otWpsm7u3nJCQsDV5wdtw-vHBJ6lXHY38GKzFU2Y9kUYdj1p-7dXU04f8Ozud3tVzvgC2w,Clayton Altom,https://play-lh.googleusercontent.com/a-/AOh14Gj2XmylDwTS-GOeA6btFDW2MRPw0DFDKAiX-K1Z,"Looking at the app objectively and not basing thoughts on the rest of Google's audio app history, I'd probably give this a 4 star review. App interface isn't terrible, but it's not as good as any of the competitors. It's locked in connection to the base youtube app shows that it's nothing but a skin of youtube, and not a great one. If you want to have a single app for all audio and visual media, then do it. Don't give us a half baked app for music and then have a stand alone app for podcasts.",2,3,4.12.50,2021-02-01 21:47:30,,,most_relevant,com.google.android.apps.youtube.music,looking at the app objectively and not basing thoughts on the rest of googles audio app history id probably give this a 4 star review app interface isnt terrible but its not as good as any of the competitors its locked in connection to the base youtube app shows that its nothing but a skin of youtube and not a great one if you want to have a single app for all audio and visual media then do it dont give us a half baked app for music and then have a stand alone app for podcasts,UI_BUG,0.4540961806884902
89152,gp:AOqpTOGIabgYIXpeWDODa4uqGzWrmR1afVcbqYVwMIcX-pP9HM2RX6_vL_L1Msq2cxAo8kJMEaWEet06G7Q9Nyk,Shourya's Interesting facts Hub,https://play-lh.googleusercontent.com/a-/AOh14GgTkJCqo708DXQyt_PqsfecHIMSYMwyvLAkHRCt-g,"Just okay.Not too good 🙃 It's previous version was good.But then came an update.When I updated the app, I initially thought this version to be better.but later,I came to realise many minus points of this version, like previously,I could see the videos of all the participants,without pinning them up.But now,I can see the videos of only the first four participants without pinning them up.If I want to see the video of rest of the participants, So first I have to pin them up frm participant section",3,0,2020.11.29.345116913.Release,2021-01-20 11:51:37,"Hi there. We really appreciate you taking the time to give us your opinion and feedback on the app. We take all feedback seriously and if you'd like to send feedback in the app, please send it to Meet app > Menu > Send Feedback.",2021-01-20 18:15:11,most_relevant,com.google.android.apps.meetings,just okaynot too good  its previous version was goodbut then came an updatewhen i updated the app i initially thought this version to be betterbut lateri came to realise many minus points of this version like previouslyi could see the videos of all the participantswithout pinning them upbut nowi can see the videos of only the first four participants without pinning them upif i want to see the video of rest of the participants so first i have to pin them up frm participant section,PERFORMANCE_BUG,0.4541065740853204
73605,gp:AOqpTOGDhGUZU0ZX4TP3XeETR_djcb9efNdvuTyC7bzVC0-0nZVmDEmC5_fZwfpLaPeR-uZCxzLlBZDvE3WUHss,Carter Dan,https://play-lh.googleusercontent.com/a-/AOh14GjffgnEuEiI1ivXFY-CNXKzOd6oEPYZLlcXWgMdGg,Glitched it has thing we're when you first login after restarting it says parent has locked device everything else is good,3,1,flh.release.1.36.0.R.319059792,2020-08-13 17:05:04,,,most_relevant,com.google.android.apps.kids.familylinkhelper,glitched it has thing were when you first login after restarting it says parent has locked device everything else is good,LOGIN_BUG,0.4543784958507839
73774,gp:AOqpTOGDhGUZU0ZX4TP3XeETR_djcb9efNdvuTyC7bzVC0-0nZVmDEmC5_fZwfpLaPeR-uZCxzLlBZDvE3WUHss,Carter Dan,https://play-lh.googleusercontent.com/a-/AOh14GjffgnEuEiI1ivXFY-CNXKzOd6oEPYZLlcXWgMdGg,Glitched it has thing we're when you first login after restarting it says parent has locked device everything else is good,3,1,flh.release.1.36.0.R.319059792,2020-08-13 17:05:04,,,newest,com.google.android.apps.kids.familylinkhelper,glitched it has thing were when you first login after restarting it says parent has locked device everything else is good,LOGIN_BUG,0.4543784958507839
58694,gp:AOqpTOHmlf_XsaIMmRkQC8Qid7r2OS-i21IPfAfDsBaZkgN_FGO7oUOmxhDmjWlKLaZyoC54LZbyJOgJO6i9tw,Carol Barnhart,https://play-lh.googleusercontent.com/a-/AOh14GjM7MLinOasUXuIMi7cjgaZx6cyq8gx2IRaE6aH,This is ridiculous!! My old phone doesn't work... hence the need to replace it. Google transferred my apps but I can't get into ANY of them. Google can lock up all of my accounts... now where is customer service to help me fix the problem?! Now THAT is funny!! cus·tom·er serv·ice noun the assistance and advice provided by a company to those people who buy or use its products or services.,1,107,5.10,2021-01-26 12:32:20,,,most_relevant,com.google.android.apps.authenticator2,this is ridiculous my old phone doesnt work hence the need to replace it google transferred my apps but i cant get into any of them google can lock up all of my accounts now where is customer service to help me fix the problem now that is funny customer service noun the assistance and advice provided by a company to those people who buy or use its products or services,LOGIN_BUG,0.45456504167396894
35222,gp:AOqpTOHzMxJqYWN3e0GinWx7bjR0LmNcvVerWjA2AwsHM3gDkuCgVeXuISklahSP87R4U622zYEJmprxCnOC_fE,pooya nami,https://play-lh.googleusercontent.com/-_odnlKfFQdY/AAAAAAAAAAI/AAAAAAAAAAA/AMZuuck4Ds2e1BYRQPN2rPG9-LieXpxVDQ/photo.jpg,"As much as love google and its products, i love this one. I just cant use it easily. I am very into tech and i rarely complain about something being complex are hard to work with. I just think this apps design is messy. Its just my opinion though",3,2,2020.11.01.342354497.Release,2020-12-04 10:09:46,"Hi, Pooya. Take a look at these tips and tricks to help you understand and use Gmail in an easy way: https://goo.gl/p35uE2. We hope you find it useful. Regards!",2020-12-04 10:19:10,most_relevant,com.google.android.gm,as much as love google and its products i love this one i just cant use it easily i am very into tech and i rarely complain about something being complex are hard to work with i just think this apps design is messy its just my opinion though,UI_BUG,0.4549423167282345
56554,gp:AOqpTOHDTR7WwQjnri35h8IUJX_JkH4xtikJsgd9sczdG9IkOOYFbQjx7loOq-dlyrQNOloAcuMV2cOv0BfAWA,Kay Trinder,https://play-lh.googleusercontent.com/-y7Sh_aFt4Ts/AAAAAAAAAAI/AAAAAAAAAAA/AMZuuclwTRHq_dw1MjNTW0RkzPD45kQrZw/photo.jpg,"""Last seen just now"" - the phone hasn't been in that position for 9 hours! Its working fine, wi fi on, and 35 kilometres away from position shown. App picked up correct position about 2 hours ago. Phone hasn't moved, but the app says its at one of our properties, 35km away. The only time it gets it right is at home. Been like this since loaded. Everything has been checked, rechecked, rebooted, reset, re fed up. Uninstalled as it sends me on a wild goose chase, then changes position again.",2,8,,2019-01-19 01:12:06,,,most_relevant,com.google.android.apps.adm,last seen just now  the phone hasnt been in that position for 9 hours its working fine wi fi on and 35 kilometres away from position shown app picked up correct position about 2 hours ago phone hasnt moved but the app says its at one of our properties 35km away the only time it gets it right is at home been like this since loaded everything has been checked rechecked rebooted reset re fed up uninstalled as it sends me on a wild goose chase then changes position again,PERFORMANCE_BUG,0.45513814913655887
24733,gp:AOqpTOGR4HNdLT2xudm8JfurQK2i3CaLkx_0XvuYnPjZWfXNSqoiBR-_WUqeNosNf6SOwAvuHw49MoojheQVf_w,Leta Lambert,https://play-lh.googleusercontent.com/-zExWQ8fjrGk/AAAAAAAAAAI/AAAAAAAAAAA/AMZuucmfhj2tRSd-E11WU3U6-cd-J4Nvzg/photo.jpg,"I just went down the list and read the reviews. It looks like this is a common problem and I am not alone. The app used to be great but for some reason now it doesn't recognize my words even if I speak slowly. It will right crazy stupid words that I didn't even say and sometimes it even puts in Spanish words! I am only speaking English into it. It's so frustrating. Dear Google, can you fix this app please?",1,84,23.12.333383720,2020-12-24 02:46:34,,,most_relevant,com.google.android.tts,i just went down the list and read the reviews it looks like this is a common problem and i am not alone the app used to be great but for some reason now it doesnt recognize my words even if i speak slowly it will right crazy stupid words that i didnt even say and sometimes it even puts in spanish words i am only speaking english into it its so frustrating dear google can you fix this app please,PERFORMANCE_BUG,0.45517695660819363
4011,gp:AOqpTOG3VuH6zvFE79lrVOM9UJpaHhSsV-P2uBhhYS0gIzsFHba9xzbQ0rrqQwvA-RdBdSj9LIYN2YVGUmPGqpE,Ajit Seal,https://play-lh.googleusercontent.com/a-/AOh14GhyoHsNmbQVAiYHglzrTFnhJBxcbHgDqmdwBAIV,Offlate one of my android device has been giving me a hard time signing in or is not in sync with other devices.,3,11,20.50.16 (040400-351607135),2021-01-25 23:19:54,,,most_relevant,com.google.android.gms,offlate one of my android device has been giving me a hard time signing in or is not in sync with other devices,LOGIN_BUG,0.45523438559229645
64772,gp:AOqpTOHqo0vj6yHnr_hilMcmPkM586iexV5xxqpFVjPawkp43CJsAgbbFP6HA67AUZcCFrz7iPTI1CF18XAW1w,Thomas W. Froitzheim,https://play-lh.googleusercontent.com/a-/AOh14GicqCf7bJEsK7uhUlEwVILJcEcRX1Xdt_p2o6jh,"— Does not know all the exact (entrance) locations of subways, trains, bus stops, which especially in large cities are quite far apart. — Does not show platform number for trains or subways. — Does not show the subways, trains, busses of the past 5 minutes or so — missing those that just arrived (late) or still standing there (on time) at the stop / platform. — Does not show all available or possible public transport options, period. — Mostly does not show the shortest routes for cars, public transport, bikes, pedestrians. In the desktop browser adjusting a route often does not work. Even when it does work, when you try to send the adjusted route to your phone, it changes it back to its ill informed original version. All of which means you don't get places fast. This app COULD be brilliant. Unfortunately the information google has is very poorly used, the possibilities not seen or badly executed. Too bad...",1,63,92,2018-10-18 07:43:04,,,most_relevant,com.google.android.apps.mapslite, does not know all the exact entrance locations of subways trains bus stops which especially in large cities are quite far apart  does not show platform number for trains or subways  does not show the subways trains busses of the past 5 minutes or so  missing those that just arrived late or still standing there on time at the stop  platform  does not show all available or possible public transport options period  mostly does not show the shortest routes for cars public transport bikes pedestrians in the desktop browser adjusting a route often does not work even when it does work when you try to send the adjusted route to your phone it changes it back to its ill informed original version all of which means you dont get places fast this app could be brilliant unfortunately the information google has is very poorly used the possibilities not seen or badly executed too bad,UI_BUG,0.4553326398591042
14096,gp:AOqpTOHyDGwn9Acd_QJkNxpf1xhwGJc_EqCLOXJoe2pD0ryTh92g1GxKvPObu6WogdIkWhT04G1zrStChh8x5Q,richie mar patrivo,https://play-lh.googleusercontent.com/a-/AOh14Ghu8qF2qvcaemW7o2sWC8sYfDrXYW3OKyur13acWw,"I was uploading my files last night and didnt notice that I already consumed 15gb space, I tried deleting a lot of files to free up some space, But the storage is still full. I tried restarting my phone. But nothing seems to work. I cant free up my space. I hope you can fix this issue, so it wont affect my google services concerning usage of space.",2,3,2.21.021.04.45,2021-02-01 01:50:11,"Hi, Richie. Check out this guide to learn how to clear Drive space & increase storage: https://goo.gle/2FcFEC8 (see, Empty trash section). Hope this helps",2021-02-01 02:03:53,most_relevant,com.google.android.apps.docs,i was uploading my files last night and didnt notice that i already consumed 15gb space i tried deleting a lot of files to free up some space but the storage is still full i tried restarting my phone but nothing seems to work i cant free up my space i hope you can fix this issue so it wont affect my google services concerning usage of space,PERFORMANCE_BUG,0.4553365102277984
8465,gp:AOqpTOFtaEHOKFzDlLfGiwsbRO0gwCHrxg5MB8Laz-kN6NMS1hKTV4123nb6I737M1GlLfobKmxe1vqqtbiN4w,R Mets,https://play-lh.googleusercontent.com/-f82_UzsKvqc/AAAAAAAAAAI/AAAAAAAAAAA/AMZuucnB9v56q1GmmlHjSAsZPaf8F_0-dA/photo.jpg,This app is very poor. I want to click on a date and see empty timeslots to fill in a busy day's schedule. Instead I get a load of gibberish with different seasons and holidays. Not practical,1,0,2020.48.5-347345946-release,2021-01-27 09:00:41,,,most_relevant,com.google.android.calendar,this app is very poor i want to click on a date and see empty timeslots to fill in a busy days schedule instead i get a load of gibberish with different seasons and holidays not practical,PERFORMANCE_BUG,0.45536733969776727
37098,gp:AOqpTOEmI2fdByhFkxjefLQI6Hnvx2nM_4-By_PxGCo2kSZGOA6xVcLW91GShNsagmU-3WpNGCHq0GaU4npitGk,Ondrej Holecek,https://play-lh.googleusercontent.com/a-/AOh14GgQkaXy4mqriZHwvVbQ0dHpqeODe0JZ96p14VRo1cA,"The app UI is confusing and full of bugs. When you upload a photo, simetimes you can see it, sometimes not. Somatimes it's private, sometimes it's public. You can't add pictures from google photo app.",1,27,2.0.0.341672132,2020-11-21 11:40:25,,,most_relevant,com.google.android.street,the app ui is confusing and full of bugs when you upload a photo simetimes you can see it sometimes not somatimes its private sometimes its public you cant add pictures from google photo app,PERFORMANCE_BUG,0.45548700640188805
18972,gp:AOqpTOEiuoKUx9e_NUnMMMkeZiXLzgiEYTQrRi0sz7T7cxBQM6mDS9kB9C_R2-qxJs5GXV6HE8lqnVWVGyMykg,Shoyeb Sheik,https://play-lh.googleusercontent.com/a-/AOh14Gjg4lOghDxTQ13BZKgjAID-jMNOCfxVlAUMQkY99k0,"It's theoritically a very good app if it does what it says. But it's having major sync problems with my tracker. And the google fit data option recently disappeared from my accounts sync menu list, which makes it much more difficult to sync now.",2,1,2.45.13-130,2020-11-27 14:27:03,Hi Shoyeb. Please feel free to send in-product feedback regarding this through the 'Profile' tab by tapping on 'Help' and then 'Send Feedback.' and our development team will look into this. Thanks.,2020-11-27 15:05:26,most_relevant,com.google.android.apps.fitness,its theoritically a very good app if it does what it says but its having major sync problems with my tracker and the google fit data option recently disappeared from my accounts sync menu list which makes it much more difficult to sync now,UI_BUG,0.45551673837556506
35260,gp:AOqpTOEW57U2qG-idTs-DH0zuU_IpJq1_chudsQnfJMLfTb6DpExolCuX0U76CAxI9tIcHG-3s88uR-AME68cnM,Kyra Bowen,https://play-lh.googleusercontent.com/a-/AOh14GjQqXd5Z5f6eSRLrm02pY0Fbk1elrD29ruBJxtU5ZI,I love the app but at the same time it's been acting up pretty bad. I'll delete emails and they'll pop back up and my settings don't matter. I put the swipe on delete and it doesn't work.,3,1,2020.11.29.346182102.Release,2020-12-31 00:44:50,"Hello, Kyra! We suggest that you follow the steps in this article: http://goo.gl/kWctv9 to see what may be happening. If the problem persists, we recommend that you post a topic in the Gmail Forum to get help from our experts: https://goo.gle/3586PHb. We hope we helped.",2020-12-31 00:53:47,most_relevant,com.google.android.gm,i love the app but at the same time its been acting up pretty bad ill delete emails and theyll pop back up and my settings dont matter i put the swipe on delete and it doesnt work,LOGIN_BUG,0.4556612782719181
62469,gp:AOqpTOFNC-HouVZcxEFmKC-PmnxuOISMbqUS0lR3Hy44RU6Rtivj9CbnPayHWx2T769BYdby-knxMj2ltCoIzQ,John,https://play-lh.googleusercontent.com/a-/AOh14GjtFpCRKKTmGl60UiHg6HUf8aUD-LcIdLcz39SSfw,"Sudden failure with sms and mms messages. Not downloading and this is not just me, I see Google forums with hundreds having this problem on Google Fi! I think Google Fi is the issue, and it's intertwined with messages app.",1,0,7.1.084 (Hickory_RC10.phone_dynamic),2021-02-04 02:52:29,,,newest,com.google.android.apps.messaging,sudden failure with sms and mms messages not downloading and this is not just me i see google forums with hundreds having this problem on google fi i think google fi is the issue and its intertwined with messages app,PERFORMANCE_BUG,0.45570592934434545
74664,gp:AOqpTOF74t-UYQTawFpaObDNnL-dfPkLW6R9B9wk49Tde9TAxDFdq60dySx8awgnQb8Fx2vaYkhxx63iNmHY_hc,Geline Llorin,https://play-lh.googleusercontent.com/-g5xuhHZBsf0/AAAAAAAAAAI/AAAAAAAAAAA/AMZuuclPisQonkLWftAvnBFpzWIF6fMOow/photo.jpg,"It is nice but 3 reasons i gave it 2 stars is because 1.I am already verified but it keeps saying im not but then i will check it and i am verified 2.Its deleting my description,and yes yes my internet is fast whenever i post so how is my desc missing pls fix this glitch's 3.Giving me error for no reason and deleting my vids",2,0,,2021-01-22 12:43:42,,,newest,com.google.android.apps.youtube.creator,it is nice but 3 reasons i gave it 2 stars is because 1i am already verified but it keeps saying im not but then i will check it and i am verified 2its deleting my descriptionand yes yes my internet is fast whenever i post so how is my desc missing pls fix this glitchs 3giving me error for no reason and deleting my vids,UI_BUG,0.45579537188595437
38698,gp:AOqpTOEIigP513gK8VFIcSHXLF0TRvGnM7WYpbXPoOpYYGWQw5sMjX7drAMRzuho4CP11gVwIeYnBmYAdApQvBA,Anas Alam,https://play-lh.googleusercontent.com/a-/AOh14Gh6NhgrCgR6M7UBUJL4-KFqxNqLJfZv1fuQKyuw,"Android is a major step towards an ethical, user-controlled, free-software portable device, but there is a long way to go. Oculus version three or five or whatever it ends up being is something that can be used unplugged - we'd have our own Android stuff and all that - but you could plug it into the PC and use that. Android is one of the most open systems I've ever seen. What makes Android great is it's literally designed from the ground up to be customised in a very powerful way...It's secure!",3,315,8.2.0.303936097,2020-09-07 17:32:10,,,most_relevant,com.google.android.marvin.talkback,android is a major step towards an ethical usercontrolled freesoftware portable device but there is a long way to go oculus version three or five or whatever it ends up being is something that can be used unplugged  wed have our own android stuff and all that  but you could plug it into the pc and use that android is one of the most open systems ive ever seen what makes android great is its literally designed from the ground up to be customised in a very powerful wayits secure,UI_BUG,0.4559386710080155
6588,gp:AOqpTOEu6oX3ru-fcszekXbeGSIt1re3pZIy2PlXyE6LdGK9LS0qon174bgioijzvjNIc_K71StUsPqm456P2w,Graham Russell,https://play-lh.googleusercontent.com/-atmPvnYx8Eo/AAAAAAAAAAI/AAAAAAAAAAA/AMZuuckC93CtvkP9sxiaWR2GTz8EiQnmEg/photo.jpg,"Only 3 stars because, despite following advice from the GPay Help Centre, some transactions still fail to be shown in 'Activity'. I registered two credit cards and payments appear immediately on the two banking apps but only payments with one card appear on GPay. Works OK at terminals but can be a bit slow responding.",3,19,2.115.324908221,2020-08-18 15:28:48,Hi Graham. Let's connect you to a specialist for further assistance. Visit: https://goo.gle/2r2DZrR. Let us know that we responded to your Play Store review and that your issue should be escalated. Thanks!,2020-08-18 16:04:53,most_relevant,com.google.android.apps.walletnfcrel,only 3 stars because despite following advice from the gpay help centre some transactions still fail to be shown in activity i registered two credit cards and payments appear immediately on the two banking apps but only payments with one card appear on gpay works ok at terminals but can be a bit slow responding,PERFORMANCE_BUG,0.45596844624074717
58045,gp:AOqpTOFXiBwK4jUO_nIn2ijudPwvBE2CbiG92VntKe210FrpbVM4AZJAdKnJYKhYhoKiBKI3VLTwJl8bWAs8Cg,corben brito,https://play-lh.googleusercontent.com/a-/AOh14GhWG3EndrDq5z4A5fd8B8YxuNgyfvWeHvAVTTrkUw,this app used to be amazing it could do literally anything that I needed to I don't know what you guys did recently in one of the most recent updates but the biggest thing is I like to listen to random music on my phone while I am working and I used to be able to ask Google what am I listening to and it would tell me what song I'm listening to now all it does is open up a recording part to try and see what is listening around me not on my phone please add in an option to turn that off,3,3,0.1.187945513,2020-10-23 01:52:25,"Hi there, thanks for sharing your feedback with us. We're constantly working to improve the Assistant experience across all devices, so we'll be sure to pass this along for you.",2020-10-23 14:07:11,most_relevant,com.google.android.apps.googleassistant,this app used to be amazing it could do literally anything that i needed to i dont know what you guys did recently in one of the most recent updates but the biggest thing is i like to listen to random music on my phone while i am working and i used to be able to ask google what am i listening to and it would tell me what song im listening to now all it does is open up a recording part to try and see what is listening around me not on my phone please add in an option to turn that off,PERFORMANCE_BUG,0.45597785089057696
34936,gp:AOqpTOHJA8CPaHQrFmceYtE6Q7fDdIQE0QGHuPJKt_ctLGgdem5L7aPCdsdEKNbNU1-IamoGd4Wt6rSXRyj6LIM,Saya Utau,https://play-lh.googleusercontent.com/-BMvO4pYq158/AAAAAAAAAAI/AAAAAAAAAAA/AMZuuclSt4rvbziOG-3Rv4zieiy4F1cxrA/photo.jpg,"Please fix the bugs in the compose email box, or at least tell me how to report it, PLEASE! My cousin has the same issue on his phone, the app is up to date! We cannot scroll down in an email draft, we can only see the first few rows and sometimes only the top half of the letters in the bottom row are shown, the bottom is cut off by blank white space. On top of that, text gets pasted over other text that's already been entered as of today. Who to report this to, I must write emails, please!",2,182,2020.10.18.341076532.Release,2020-11-23 17:27:46,"That doesn't sound good, Saya! We suggest that you follow the steps in this article: http://goo.gl/kWctv9 to see what may be happening. If the problem persists, we recommend that you post a topic in the Gmail Forum to get help from our experts: https://goo.gle/3586PHb. We hope we helped.",2020-11-23 17:30:45,most_relevant,com.google.android.gm,please fix the bugs in the compose email box or at least tell me how to report it please my cousin has the same issue on his phone the app is up to date we cannot scroll down in an email draft we can only see the first few rows and sometimes only the top half of the letters in the bottom row are shown the bottom is cut off by blank white space on top of that text gets pasted over other text thats already been entered as of today who to report this to i must write emails please,LOGIN_BUG,0.45606980065596736
24750,gp:AOqpTOHETWUSt3ZW5VIcVsTUVDn8Cw1VC4RXHxvM79MHbHvTI9MG6Av1Yy1D2nHfu6_swhETV12IUpHldom69vU,Robert Labaff,https://play-lh.googleusercontent.com/-FA3DlQAZVgo/AAAAAAAAAAI/AAAAAAAAAAA/AMZuucn1BKNxAhZN-YNvxZxg8XvM2k3lyQ/photo.jpg,It just downright sucks . It doesn't allow for you to do options that other talk-to-text do. Such as saying. New line To start a new Sentence Email Chat Etc Period as it is currently it's taking me 3 minutes to type This review Because it's not understanding the words I'm trying to say,1,5,23.12.333383720,2020-12-03 16:22:31,,,most_relevant,com.google.android.tts,it just downright sucks  it doesnt allow for you to do options that other talktotext do such as saying new line to start a new sentence email chat etc period as it is currently its taking me 3 minutes to type this review because its not understanding the words im trying to say,LOGIN_BUG,0.4562303378487679
49644,gp:AOqpTOH1QQ8QrRAkws6nRt3jpEKdDQfAZsDG6Paj-eW-HDiUDUedtpCiekROepm3vjGHSibZKIFWH559OKQwVQ,MLC Bean,https://play-lh.googleusercontent.com/--CEKcWDIcxQ/AAAAAAAAAAI/AAAAAAAAAAA/AMZuucn3Hh3xIsnlD5xUNO6rEVwqgT4wCA/photo.jpg,The video calls are good. Sometimes there is a lag. My main problem is my phone does not ring when getting a calls. So I miss them. Not sure if there is something I could do to fix this.,3,0,117.0.346887590.DR117_RC06,2021-01-12 16:27:55,"Hi there. Have a look at this guide to troubleshoot (see the ""Fix problems with calls"" section): goo.gle/3gLj8NL. If you are still experiencing issues, please submit feedback inside the Duo app by tapping the three dot menu in the top right corner - Help & Feedback - Send Feedback. Thank you.",2021-01-12 17:46:25,most_relevant,com.google.android.apps.tachyon,the video calls are good sometimes there is a lag my main problem is my phone does not ring when getting a calls so i miss them not sure if there is something i could do to fix this,PERFORMANCE_BUG,0.4563548499083707
35961,gp:AOqpTOGw775pwyg1TLkbEdSLwbPYxy2-wNwkjRR9olqiQv87oh0ox2hvFI-9Gh9r5Gex2JmHEp95_KkCwKFdmg,Dipesh Heer,https://play-lh.googleusercontent.com/a-/AOh14GjXn68SJkg-FJEJr4seU1yluhwGAAsdBjOe938kog,My notes are not loading anymore. It shows you can create a new note but my old notes are vanished. I need my notes back. Please team solve this issue.,1,1,5.20.511.03.40,2021-01-14 17:08:36,,,most_relevant,com.google.android.keep,my notes are not loading anymore it shows you can create a new note but my old notes are vanished i need my notes back please team solve this issue,PERFORMANCE_BUG,0.45642194676925074
74739,gp:AOqpTOHXHrwepchn2pGdGgoVOfNUo99rbhKkI4bj9FobY9ho1o9Cu4Xy-g-HWpPaYpbPz-N38hoiEuHRuf7j3ys,Prashanth Goud,https://play-lh.googleusercontent.com/--PnvW1h2kko/AAAAAAAAAAI/AAAAAAAAAAA/AMZuucn1pG2g7-00N-3RFcdsCqZzkkK7dg/photo.jpg,"This really good app but views and watch time not updating And it's not working Properly since many days & it's missing my Views & Watch Time, PLEASE fix my problem sir/madam",3,19,20.47.101,2020-12-16 04:20:12,,,most_relevant,com.google.android.apps.youtube.creator,this really good app but views and watch time not updating and its not working properly since many days  its missing my views  watch time please fix my problem sirmadam,UI_BUG,0.4564425275928695
12057,gp:AOqpTOFx5ajJ7iv5Xocga54m5WdDvYg741eHcWgAbRB220I4cjBfYS6cwv1BB1-s1YLRGycsLWRquKppdIih8g,sunil kumar,https://play-lh.googleusercontent.com/a-/AOh14Gg-G3iPEuDnHHHG_hjB1xrutDisUoSeS1mocMwqrBM,it is not syncronizing automatically in this reason web g mail is not getting properly. every day i need to syncronizing manually otherwise mail in not coming to inbox and all other account related apps also not working like hangout drive etc... can advise any soulution,1,97,12.14.01,2019-04-23 14:55:03,,,most_relevant,com.google.android.apps.enterprise.dmagent,it is not syncronizing automatically in this reason web g mail is not getting properly every day i need to syncronizing manually otherwise mail in not coming to inbox and all other account related apps also not working like hangout drive etc can advise any soulution,LOGIN_BUG,0.45660088929772186
60380,gp:AOqpTOGtGcyPVdZGsZiuPw34UISKFRohJeYnUUXoZi146cY4cDG4EAXefqqeFrquVZMdWK5PZvxU9kphJjLPnw,Lupin Barks,https://play-lh.googleusercontent.com/a-/AOh14GhQAOiMHduvPxOsuutwHKbcPqY-ecwqDgz7P175Sg,"The app is wonderful by itself, those customizations and such. But the text input is not customizable; yes, there are so many different ways those text are going to show, but some of its options are fixed. Maybe in the next update, you put a way so that I can customize where to I put the emphasis to the text so that the context will not be affected when I put it on the photo.",3,7,,2019-02-25 15:20:06,,,most_relevant,com.niksoftware.snapseed,the app is wonderful by itself those customizations and such but the text input is not customizable yes there are so many different ways those text are going to show but some of its options are fixed maybe in the next update you put a way so that i can customize where to i put the emphasis to the text so that the context will not be affected when i put it on the photo,PERFORMANCE_BUG,0.4566933066774147
34892,gp:AOqpTOE9C6z9azY78Hnl7JlcG8QZfpx6oc6UGbsXyflAkuwgY07ysUpdhslMln3qs5vKB2Iu1pMXUuRx4pfOM-c,Amy Lineweaver,https://play-lh.googleusercontent.com/-OvZs79wrjBw/AAAAAAAAAAI/AAAAAAAAAAA/AMZuucnHmfemnJkbeqRoDG6eLdh8wiunFg/photo.jpg,The app recently has started NOT moving my emails from the Inbox to the Delete folder no matter how I delete them. They keep returning to my Inbox as if not read How can this be stopped???? This is happening on my phone and my PC.,2,168,2020.12.27.351479536.Release,2021-01-22 00:17:30,"Hi Amy. Sorry to hear that you are facing this issue. If you have sync issues with the Gmail app, try the following steps: https://goo.gle/31k92ND. Have a nice day!",2021-01-22 00:16:36,most_relevant,com.google.android.gm,the app recently has started not moving my emails from the inbox to the delete folder no matter how i delete them they keep returning to my inbox as if not read how can this be stopped this is happening on my phone and my pc,LOGIN_BUG,0.4568365140740512
57502,gp:AOqpTOESTa_s9yzDiWKSmlzjyakVY6URWU-UdX46FO3Vf4Gt2HAHEmGoID0j4Cc_QJZWCx9ZeykD-Sx5tV2H0g,Kartika Wisjnu-Lim,https://play-lh.googleusercontent.com/a-/AOh14Gg9iq721HSjPTymNIJ65ccLSA5I33A8bNSIMD4L6Q,"Google Assistant has not been working on my Oneplus6 since the Android is updated to the latest 10.3.7. I have tried reinstall Google Assistant but cannot get to setting to retrain it. It says something wrong, cannot connect, please try again. I used to be able to go to Google and hot the microphone and the widget would buzz and work even though saying ""ok, Google"" didn't work. How do I connect to Google Support? I really cannot live without Google Assistant, especially with the map. Already follow the previous support reply, i.e. reinstall Google, Chrome, Google Home and Google Assistant; Delete previous voice model (Canada) and restart, but when trying to retrain Google Assistant, the error message said Problem while connecting. Check your connection and try again. [Dismiss - Try Again].",1,16,0.1.187945513,2021-01-15 09:16:33,"Thanks for your review, Kartika! If your application has a problem, try the steps from the article: https://goo.gle/2H5hF5N. Alternatively, if you continue to experience issues with this, please create a post in our Google Assistant Help Community for our experts to assist: https://goo.gle/2Ts2BnR. Hope that helps.",2021-01-13 13:18:33,most_relevant,com.google.android.apps.googleassistant,google assistant has not been working on my oneplus6 since the android is updated to the latest 1037 i have tried reinstall google assistant but cannot get to setting to retrain it it says something wrong cannot connect please try again i used to be able to go to google and hot the microphone and the widget would buzz and work even though saying ok google didnt work how do i connect to google support i really cannot live without google assistant especially with the map already follow the previous support reply ie reinstall google chrome google home and google assistant delete previous voice model canada and restart but when trying to retrain google assistant the error message said problem while connecting check your connection and try again dismiss  try again,PERFORMANCE_BUG,0.4569505785251456
36408,gp:AOqpTOFXfqSfNad5TMSzPiYM13TiIJwrKbFoPQDT_TSeK4i9CSItEO5DEKaLYWo3muB9VHAdMMrlBo0igfRvCw,Aminath Anees,https://play-lh.googleusercontent.com/-3MIlSVxCLt0/AAAAAAAAAAI/AAAAAAAAAAA/AMZuucmjP2j2aQoiIqTMJo-wL2BtkLfYMA/photo.jpg,"Yeah it's good. But maybe password protection would make it 10,000 times better! Consiser it.",3,0,5.20.491.01.40,2021-01-13 12:26:10,,,most_relevant,com.google.android.keep,yeah its good but maybe password protection would make it 10000 times better consiser it,LOGIN_BUG,0.45695071242413376
36600,gp:AOqpTOFXfqSfNad5TMSzPiYM13TiIJwrKbFoPQDT_TSeK4i9CSItEO5DEKaLYWo3muB9VHAdMMrlBo0igfRvCw,Aminath Anees,https://play-lh.googleusercontent.com/-3MIlSVxCLt0/AAAAAAAAAAI/AAAAAAAAAAA/AMZuucmjP2j2aQoiIqTMJo-wL2BtkLfYMA/photo.jpg,"Yeah it's good. But maybe password protection would make it 10,000 times better! Consiser it.",3,0,5.20.491.01.40,2021-01-13 12:26:10,,,newest,com.google.android.keep,yeah its good but maybe password protection would make it 10000 times better consiser it,LOGIN_BUG,0.45695071242413376
15836,gp:AOqpTOFhi42MVlOVPusqAcFl6mv_AZdz2T27N0CamDsEo1qI2fvjQaXI3y-kSXKH-SD71OWumg-J2HQhZuYdB_8,Zifeara Nightshade,https://play-lh.googleusercontent.com/a-/AOh14GhJkgA1PhogCz9q5wSkbs0pnRDoF8ByHwJDOs_pGA,"Let me be clear: I love docs. Being able to collaborate on works and leaving comments in real time is brilliant. I wrote and published a novel with docs. It is garbage on phones or tablets. Once you get over/around 100 pages, it is laggy, glitchy, and you have to fight the document itself to work on it. Just got a brand new tablet and thought it just didn't work well on my old one. Nope, it's docs itself. Poorly optimized for anything but a real computer.",3,541,1.20.492.04.45,2021-01-03 03:44:04,,,newest,com.google.android.apps.docs.editors.docs,let me be clear i love docs being able to collaborate on works and leaving comments in real time is brilliant i wrote and published a novel with docs it is garbage on phones or tablets once you get overaround 100 pages it is laggy glitchy and you have to fight the document itself to work on it just got a brand new tablet and thought it just didnt work well on my old one nope its docs itself poorly optimized for anything but a real computer,PERFORMANCE_BUG,0.45701765535733013
15501,gp:AOqpTOFhi42MVlOVPusqAcFl6mv_AZdz2T27N0CamDsEo1qI2fvjQaXI3y-kSXKH-SD71OWumg-J2HQhZuYdB_8,Zifeara Nightshade,https://play-lh.googleusercontent.com/a-/AOh14GhJkgA1PhogCz9q5wSkbs0pnRDoF8ByHwJDOs_pGA,"Let me be clear: I love docs. Being able to collaborate on works and leaving comments in real time is brilliant. I wrote and published a novel with docs. It is garbage on phones or tablets. Once you get over/around 100 pages, it is laggy, glitchy, and you have to fight the document itself to work on it. Just got a brand new tablet and thought it just didn't work well on my old one. Nope, it's docs itself. Poorly optimized for anything but a real computer.",3,541,1.20.492.04.45,2021-01-03 03:44:04,,,most_relevant,com.google.android.apps.docs.editors.docs,let me be clear i love docs being able to collaborate on works and leaving comments in real time is brilliant i wrote and published a novel with docs it is garbage on phones or tablets once you get overaround 100 pages it is laggy glitchy and you have to fight the document itself to work on it just got a brand new tablet and thought it just didnt work well on my old one nope its docs itself poorly optimized for anything but a real computer,PERFORMANCE_BUG,0.45701765535733013
50844,gp:AOqpTOFNHuZMLZ6E9Bi888wIZYY5IV2KCAW3_7oAF3BMGeUGF4nWxpheBcVK10GJwUOLurlziSJPvfpEROtqT9c,Adrian Ho,https://play-lh.googleusercontent.com/-GxOwNMP_dI4/AAAAAAAAAAI/AAAAAAAAAAA/AMZuucn0x3NTBxLmdB3P77iVtXTJRpg3yA/photo.jpg,The message service can't upload photos as it used to have this previously but now it was taken away for unknown reasons! When customers want additional information by way of photos instead we have to redirect them to use WhatsApp .,3,131,3.16.0.281944577,2019-12-18 08:39:48,,,most_relevant,com.google.android.apps.vega,the message service cant upload photos as it used to have this previously but now it was taken away for unknown reasons when customers want additional information by way of photos instead we have to redirect them to use whatsapp ,PERFORMANCE_BUG,0.4571207194317783
68850,gp:AOqpTOH4F2df0K3lVqWjL_0mZBkeOZJDUDGRU21IpSwSZ_dVni4Rax1gVduz6e0PAFGjgyNId0RRDPH-fYQD6Q,hs prakul,https://play-lh.googleusercontent.com/a-/AOh14Gij7NvgY4BFENjF_fqtg5WG9P21B3u3-Wues_MrPQ,I have a PIXEL 3XL and FOSSIL GEN 5 in watch it's says connected but on the phone it isn't connected. I do receive all the notifications but the Google assistant doesn't work and the calls can't be attend on the watch. The rest of it is good but the battery is the worst it only lasts from 10am to 4pm. Request the concern authority to slove the issue.,3,6,2.35.0.311506044,2020-05-26 04:50:43,Hi there. One of our Wear OS by Google Help Community experts may be able to help! If you try posting at https://goo.gle/2PXHwl1 an expert can jump in and try to get to the bottom of it. Thanks for reaching out.,2020-05-26 05:10:23,most_relevant,com.google.android.wearable.app,i have a pixel 3xl and fossil gen 5 in watch its says connected but on the phone it isnt connected i do receive all the notifications but the google assistant doesnt work and the calls cant be attend on the watch the rest of it is good but the battery is the worst it only lasts from 10am to 4pm request the concern authority to slove the issue,PERFORMANCE_BUG,0.4571909697964152
91424,gp:AOqpTOGDyIDJ_BIhLu2iiosKzmefvs6YP5jfoHxDczMO2jcQ6eLK-37QgK1FpX3usD9rNMZWUCq5PgLtJMbxkFg,Volker Siegel,https://play-lh.googleusercontent.com/-sVKS9hkwFSc/AAAAAAAAAAI/AAAAAAAAAAA/AMZuuclomMMQnk1WZZxJiU7LvCqbrdKqlw/photo.jpg,"It works - except that it produced a very high pitched and very loud sound, somehow a feedback problem, but there could be something more. The sound is so extremely loud and high that it is directly harmful too the ear. And it is so high that it may be outside of the useful audio frequencies. It needs to be filtered out. The feedback problem is unavoidable, of course. But this is not just a tone that cold be a real noise. I used a simple headset of the type earbuds with small device in the cable, which contains a button and a tiny microphone hole. It gave me tinnitus after about a minute.",1,341,3.0.312784486,2020-09-13 20:16:20,,,most_relevant,com.google.android.accessibility.soundamplifier,it works  except that it produced a very high pitched and very loud sound somehow a feedback problem but there could be something more the sound is so extremely loud and high that it is directly harmful too the ear and it is so high that it may be outside of the useful audio frequencies it needs to be filtered out the feedback problem is unavoidable of course but this is not just a tone that cold be a real noise i used a simple headset of the type earbuds with small device in the cable which contains a button and a tiny microphone hole it gave me tinnitus after about a minute,UI_BUG,0.4574804138487036
32690,gp:AOqpTOHx5TO-pFwGVuGTmoAPye7K80sHo8hMTxG4SCNx9FHG_S43-ooz7hJwSMDYWRCjYSNEVRdlv4ajjjarwC4,Leslie Gould,https://play-lh.googleusercontent.com/a-/AOh14GhUwiLbTTsuomUIRQJ4LF_LSiogGFYN2q9Px468ErU,"All in all not a bad app BUT, and there's always a but 1. When I make a collage I'd like to pick from a few different templates to show off these photos. It's all the same even with different photos. I want to choose where to put them and how big each photo can/should be. After all they're my memories. 2. When I try to write on the pics in the editor part, you can't see the writing. What's the sense of having that option if it's absolutely useless. Once these are fixed I'll change my rating.",3,206,5.26.0.352644055,2021-01-31 23:35:16,,,most_relevant,com.google.android.apps.photos,all in all not a bad app but and theres always a but 1 when i make a collage id like to pick from a few different templates to show off these photos its all the same even with different photos i want to choose where to put them and how big each photo canshould be after all theyre my memories 2 when i try to write on the pics in the editor part you cant see the writing whats the sense of having that option if its absolutely useless once these are fixed ill change my rating,PERFORMANCE_BUG,0.45754197366837235
1235,gp:AOqpTOF63vK6Yu9whQ1bc9HB0Lc2Z4It72VVVPF3Nq2N1deGvoaK23cubOoQjrAAIpYH4Lex_Wicph-JQw1lakU,Rohith Raju,https://play-lh.googleusercontent.com/a-/AOh14GgbQMN4iWwmeV0LQ5p1UbwBPTA0h-YB25UbxTdO-w,"One of the worst phone app ever! Everytime when I make a call it doesn't connected neither I can hear voice from the other side this has been a hectic work . I had to make calls twice to get connected so can talk . Such a disgusting app . What is the use of making this app . Tried clearing cache , uninstalling updates , reinstalling , re-started several times but no use . Never expected such a worst app from Google 🙏",1,9,59.0.351693235,2021-01-24 05:06:17,"We're sorry to hear that, Rohith. Please check your cellular or Wi-Fi connection. Their icon should have at least 1 bar. If you experience bad connectivity, move to a location with better connection. If you still have issues, submit a feedback inside the Phone app by clicking the Menu button then the 'Support' tab and tap 'Send Feedback'. Thanks!",2021-01-27 18:34:34,most_relevant,com.google.android.dialer,one of the worst phone app ever everytime when i make a call it doesnt connected neither i can hear voice from the other side this has been a hectic work  i had to make calls twice to get connected so can talk  such a disgusting app  what is the use of making this app  tried clearing cache  uninstalling updates  reinstalling  restarted several times but no use  never expected such a worst app from google ,PERFORMANCE_BUG,0.4576027566429137
88199,gp:AOqpTOGI07HTvTg86M6Ne7x9bwd4GA7EdxNfyLkObiB5xkfyzUOmRocjASeAb72cWBFE-IvnTivQSCmguTjEAG4,Tiffany Dawn Williams,https://play-lh.googleusercontent.com/a-/AOh14GjhLSZqh9BkYZyJjonlT0i64rf9PradQbdynQhx1w,"It works great, WHEN IT DOES WORK. The caviet here with this app is if your using Windows and/or an outdated phone such as my ZTE Zmax pro like for the love of God don't let your spouse download any unnecessary programs like Avast for instance, because usually when that happens not only do I have to uninstall that, I have to keep it uninstalled & uninstall chrome from the computer, uninstall CRD from my phone, & then re-install them accordingly. (':",3,68,79.0.3945.26,2020-04-25 19:30:19,,,newest,com.google.chromeremotedesktop,it works great when it does work the caviet here with this app is if your using windows andor an outdated phone such as my zte zmax pro like for the love of god dont let your spouse download any unnecessary programs like avast for instance because usually when that happens not only do i have to uninstall that i have to keep it uninstalled  uninstall chrome from the computer uninstall crd from my phone  then reinstall them accordingly ,PERFORMANCE_BUG,0.45783088271283046
70903,gp:AOqpTOEvfdyPi_N5PpSykrY1OReFIJ5Ca40YPvMGYwcwaVXjC_wDOj4nylGJ_5C4dVKjuUdt-xP9VDYWFiE8Ug,Kitti Ehrisman,https://play-lh.googleusercontent.com/a-/AOh14Gj_vZzpuo2KzdFktuxo7F4nA3y_jaMjDRnsmA913ys,"OK, but a waste of memory since I have to download another calc app for converting F°/C°, gal/litr and ft/mm etc. Samsung has that inbuilt. So there's is better. I don't use the scientific operations, so looking at them all the time is visual clutter. VERY ugly app. Lastly, in all that clutter you can't give us a memory +/recall key OR a simple clear/all clear key. You know, keys that are found in just about EVERY calculator anyone has ever used EVER. /smh",2,190,7.8 (271241277),2020-10-17 17:03:35,,,most_relevant,com.google.android.calculator,ok but a waste of memory since i have to download another calc app for converting fc gallitr and ftmm etc samsung has that inbuilt so theres is better i dont use the scientific operations so looking at them all the time is visual clutter very ugly app lastly in all that clutter you cant give us a memory recall key or a simple clearall clear key you know keys that are found in just about every calculator anyone has ever used ever smh,PERFORMANCE_BUG,0.4578675497121842
